﻿url,posttime,text,crawled_time,attachment_link,attachment_img,attachment_img_alt,attachment_title,attachment_brief
"https://www.facebook.com/22235247gold/posts/2478836395557373","1569629001","【積穗國小】我的母校

 人生方向老師給了我很大的啟發

 感謝所有教師辛苦的付出和努力

 #教師節快樂！","1579004773","/22235247gold/photos/a.505006992940333/2478836268890719/?type=3&eid=ARDynPYwpbfJk4bmOpMnY1AcFu-jZxxsLNf1fJ2PJ7QITmUL03O9OGq18WXWAkgN-3D4f6n7jSHDnwyC&__xts__%5B0%5D=68.ARCnsj0FhQCuUas_fYT5CSO7KZHF4RQBRTOWTQ_u9h0PwgPFLmy5XbQzJ16fuM9Y005LK6EedMvF7D2dMv50NxkHsOT6AfgVm4vfa1hCHvk1JimC8e0grMlQ5yG6Yv7QEOnz405BsfUo3gWxg3UPDjtHDVt8gWCnqsxfdf63J8TcqoIBXiYtxXUkTKKHla8UcgzkGRkwVaINkzJAHmCRWFxD6L8dkS1Lu4igy4RW3eZz1f_KpsH9yiVKsd9p0_kOiSlmju7Ge9Glb4VG8g672zfKiBIXQPLaXescuCUGbCwszPItxozit6JNdpLMZx4RVwHLC0fmV_W6Amii8toPRu8f_w&__tn__=EEHH-R","https://scontent.fsub6-2.fna.fbcdn.net/v/t1.0-0/p526x296/70835849_2478836272224052_4468384722359156736_n.jpg?_nc_cat=105&_nc_oc=AQnDxvTTZipI7NsE_S1XYV0ZjiP0eQs9jpxpW4h4C19wSvAtGhIj-6so0a80aJA3qkw&_nc_ht=scontent.fsub6-2.fna&_nc_tp=1&oh=328fa84f41652f76fc70a054ccf9dae7&oe=5EA6657B","undefined","",""
"https://www.facebook.com/22235247gold/posts/2476570325783980","1569543428","第三屆第2次定期會於9/27起召開，本會期我將提案 #擴建中和納骨堂，解決民眾祭祀需求。

 中和納骨堂於民國70年興建完成，設有骨灰22804位、骨骸7175位、牌位4136位，提供中和、永和、土城等地區民眾塔位需求使用，目前塔位已全部售出。

 納骨堂塔位使用率已達100％，沒有空位，居民只能將先人骨骸安置在其他地區的納骨塔，不僅費用較高，祭拜時必須舟車勞頓，相當辛苦，中和納骨堂擴建迫在眉睫。

 #中和納骨堂
#秋祭108年9月28日","1579004773","/22235247gold/photos/a.505006992940333/2476570092450670/?type=3&eid=ARBWsN1bCAG6Lk66AjIbZTHA-pQ1fsGOJ-nlE_wXC634p55OV2xOy4UcbwB8R3pSqlDOiizmNVRXfQOb&__xts__%5B0%5D=68.ARBhrDDtVQ6spK_mx-_P9giE-N7oKqsTCNKNvwKWFemjAK1EPMOtlnukzS911s_21H2TDPgqglW75GLn7k0BiVULvGB-IksA0p0-_GBGkMCObEWBDaeqsBNMcVlyYR9NB336dxWQApZvEYj9iqHj6kEf7qnAjpfFWsR4idilixcVHwM9Lq-AVvu4oOm-6-KTXmIwaIyqCRNpDFneblTEiCps80V3O20ou5lRz4EaWkAkgjbmOlwc5aJ4tKygOO34iUsX0XjXmF1Jqcma3FhuORCBBO3QXmpyU2Yznh6V9LFD3YIGeAv3e5uv3Nj-4I9hyPlN6eH_nDkj75C5zDYvmE-Sfg&__tn__=EEHH-R","https://scontent-sin2-2.xx.fbcdn.net/v/t1.0-0/p526x296/71640061_2476570099117336_3867719230887559168_n.jpg?_nc_cat=102&_nc_ohc=Zm06QwblEfMAX8cJ1K-&_nc_ht=scontent-sin2-2.xx&_nc_tp=1&oh=bb8e2f670803961af38a82c3997d8663&oe=5EA01D0B","undefined","",""
"https://www.facebook.com/22235247gold/posts/2043847575722926","[Error]: TypeError: Cannot read property 'attribs' of undefined","","1578292849","undefined","undefined","undefined","undefined","undefined"
"https://www.facebook.com/22235247gold/posts/2221341987973483","1558485659","這裡常常攤商比客人還多

 市場改造成功已有案例，
我知道只要有人願意帶頭努力，
#民享市場 就有機會更好。

 感謝經發局局長，
願意和我一起努力一起關心傳統市場。","1579004786","/22235247gold/photos/a.344071289033905/2221341874640161/?type=3&eid=ARBLMlByNa_diZBztzzFUE2aePxEFUWz7rmMP_CBUm0ICLlLNGcByIS4ffZfplgtxZbtE-_LJDqwLhWj&__xts__%5B0%5D=68.ARDOWNt_5bdLP9qmEqf1F-jkdQHuUJqTHm28fzYLJ8tfX8yNAXQGcYY0CQXvS2zLQfPOUYBepV8UeOkuA3eWidra7ZsWwZk0CwF0L2nedqvtNMDBWwMJ3Ha-OsT0f__86XlmUoqH7KKfMdMQ4sl2xgaQEpgXOSbuQW0cjCKF4MEqQ80D3I9ioL8sqyeuUsLLZ4bpDwd8IMDqWqj5mj3aFAxqX1zJPTsxX04a3H74ZJ1QgocyssE1jBr7VUkiIKpktTSTxILJGDn3bzyc6-mpfJy5COgIVAjlQFjGxJEjrJFkB-nNJXYXzf3J55zesAFLos24-DAo4lEb7lJUE0z_mCvcxg&__tn__=EEHH-R","https://scontent-cdt1-1.xx.fbcdn.net/v/t1.0-0/p526x296/60895949_2221341877973494_5989357831579500544_o.jpg?_nc_cat=109&_nc_ohc=k8VzoRlYyCQAX_7BO3d&_nc_ht=scontent-cdt1-1.xx&_nc_tp=1&oh=889e29f33ba65c6e28433f6d560e35e6&oe=5E9C3717","undefined","",""
"https://www.facebook.com/22235247gold/posts/2418920191548994","[Error]: TypeError: Cannot read property 'attribs' of undefined","","1579004781","undefined","undefined","undefined","undefined","undefined"
"https://www.facebook.com/22235247gold/posts/2446176778823335","1568249313","#中秋節快樂

 跑攤全靠它了！

 最近烤肉活動、慶祝晚會特別多

 「歐兜拜」跑攤真的很方便！","1579004772","/22235247gold/photos/a.505006992940333/2446176712156675/?type=3&eid=ARCby1IicxQ2D7haiZUi3QRuwDI9r5-2ha7DW1W9vDPRUiXAS_pDbpoMNFlUy-siDwTXv7G1AjjsZBOt&__xts__%5B0%5D=68.ARDPw0w6fZFronBfHt6ksl3dtEEYESEkkOgUXA0dZ2AlnGGwHCrGKK0jj-5f4CS1JxOaM59LGHkl4Wt_W_ZcMPmNmJYZW3nQFmz9LKMz_qgQet9hJtf461Kry4JGN1gki-izrTUMkwCaRtyxrnO3AbluVrc_i3YCtUPKLhxLjZ3TJYyiQqBh5hjvfSDqcszNPbigN4HCewBstT67J7IfVhTgoMJcv6ZwXHgIMZY2Jbob0z_MBUc1jAXjINKuNci5-u2t4pbAOc_PdDKoEMBZXUVVfgDZHzzXD_cAzs8BWyEnD1BqyP7_f23vZxBNGYqKFyIJYzTcgYhEIbJ7prlOZcdYag&__tn__=EEHH-R","https://scontent-cdg2-1.xx.fbcdn.net/v/t1.0-0/p526x296/70498424_2446176715490008_1754012854970744832_n.jpg?_nc_cat=100&_nc_ohc=JRh1dvbMJsAAX-dXh4d&_nc_ht=scontent-cdg2-1.xx&_nc_tp=1&oh=656577f60f9c663ba788460dfa0cfa70&oe=5EA0653D","undefined","",""
"https://www.facebook.com/22235247gold/posts/2083512295089787","1551147693","#照顧咱的長輩

 「友善長者」的宜居城市。
新北市要投入更多資源，照顧咱的長輩。

 今年加碼聽力檢查、血清白蛋白和開立個人化營養處方。

 凡設籍新北市年滿65歲長者或55歲原住民，攜帶健保卡及身分證明文件到衛生所或合約醫院，就可預約檢查，共有1萬7000個免費名額。

 #家中長輩健康檢查了沒？
#快預約免費名額","1578292830","/22235247gold/photos/a.505006992940333/2083510861756597/?type=3&eid=ARA7h3voKuaA7fnEk3jfMqI3TSd9xJ3TdzofmUcSFzBwDbBgXXzlUkh9TSiQITUqTkgnMyw7qFZIrHg3&__xts__%5B0%5D=68.ARDfXkAJCqs2LEoUUlEsJmJCDnoMFp4ZF4wE_3VNyXE6PB0L9tYv0N4WP0jBsddnILzjTtLvZnrQ5yb8EpW6bn29VmZ_O_Hk49R4YpnpJ8ceMiy6qKQTQKxcRe6Me9D7AmX4rQA2wdLdci_hGcSeVqE_wLBMmzr5RXusWro73ufJ479ENeGoyzRP9_MD6HQe0XhMfb838yFDYJKXwAsuhA3DyPy2I0tM-qRcEy41--p7u4GtE7ZrTZJCbKxyVWS3NIETQ57Vg6WANHJ6gSS7HtItFnM9irpQ8_gtYnSC9IkDEtxnDqGdnNM9oztVYn6dTGnq6KGvrCYgDGdLDDPaGfzt5A&__tn__=EEHH-R","https://scontent.fdac58-1.fna.fbcdn.net/v/t1.0-0/p526x296/52856693_2083510865089930_6352571829843918848_n.jpg?_nc_cat=109&_nc_ohc=_2ez8xZ2btgAQm2jgEwbPzGttTYyQiqYpOn-wIrFxq9V-mHvT-LEtVD9Q&_nc_ht=scontent.fdac58-1.fna&oh=930651ae47de269f73e5f34d1042ee47&oe=5EA0CA8A","undefined","",""
"https://www.facebook.com/22235247gold/posts/1981651098609241","1545802590","政見落實的第一步

 新升任的交通局鍾局長前來服務處拜會，藉此機會與局長討論起中和區的交通問題，例如塞車與停車的問題、U-Bike設置及本次參選政見中的「打造寵物友善公車」項目。

 
期間局長更是仔細地聆聽我對於尖峰時間塞車如何疏導；增設本區汽機車停放空間；以及在人潮眾多的區域，設置U-Bike租借站點，以便服務鄉親等事項的意見，並允諾會安排時程實地進行會勘與研究，盡快提出可行的解決方案。

 另外，近年來飼養寵物蔚為風潮，為了能讓毛小孩與飼主們能夠一同開心出遊，而不必為了搭乘大眾運輸工具而將毛小孩們關進籠子裡，讓毛小孩也能享受自由且不受拘束的旅程。

 在討論過程中，鍾局長表示能夠理解飼主們的期盼，也願意積極的回應這項政見訴求，會在交通局內討論，待有更明確的執行細則時，再會同我進行研究。","1578292832","/22235247gold/photos/a.344071289033905/1981650815275936/?type=3&eid=ARDa9z1lf7FFq4zjcxGVSqYlzM8BmQaj2uy8rssSfc098vpQv6UX_Bye7YH_EKcpWcK3bPgN3pdcUhyn&__xts__%5B0%5D=68.ARCO4-JnmrDh4kdZYG0xGnJi1EiJnFkRmirvNK_gDeXrOG4fU3ba7p2NtrpPtpeiKqHEq_vyDZl4ExZFrivfEm3yUjrBPWY3RdPCAHO_WbICRuJlj4-YXFU5pFnBs5lOz2JFD1J1Fu6V7M-cC7xiz-Pmes26C9qxSzgDWCRGLtew1KCQ-Mm7TXfZRc0gRPDUkxfV2dSukh0HSJRGMeHNvCDeOX4TaN1uBS04WYWNaV0xTaUzWQtXlHowjSYrAuhkED2uw2_TqdP8GHih8ItSlezPZFj42mKFJfPSIPrWmDP5gszKPr3kTya1ZyoTkSxGdqWgQfOlN3ToSoG1AnBciVO4XA&__tn__=EHH-R","https://scontent-sin2-2.xx.fbcdn.net/v/t1.0-0/s526x395/49128308_1981650821942602_2342157485982351360_o.jpg?_nc_cat=111&_nc_ohc=2fdp70OPm9MAQk7HSklp3hothlcW991ULI-254pz-TtpGkuZcuVcEvi8w&_nc_ht=scontent-sin2-2.xx&oh=ca058434e5cd5c054b9cae3fb4ef6db1&oe=5E93D737","undefined","",""
"https://www.facebook.com/22235247gold/posts/2121514551289561","1553148529","孩子繽紛的笑容裡，
不需要分藍綠。

 打造共融式的公園，
是未來努力的方向。

 要讓所有年齡層的市民，
在公園都可以找到自己的遊玩方式。

 #錦和運動公園
#28公尺滾輪溜滑梯","1579004776","/22235247gold/photos/a.505006992940333/2121505444623805/?type=3&eid=ARCCl1QhWWJ_RBdE2vKi8lhm9XblqJlSQ-MLAFCfpcthHqO2_zHRW7evkfYOZcCJDGjEBhWE6C2UhZNW&__xts__%5B0%5D=68.ARB3GGLUa27eA6_vzPSr3xX4tlB_MpS1POLXfaaIvK77wRpfPmVa0lvV2jWbggQ1a1uQiULcDLHqMUkcVsmVPWLB5yIHNP_ns-AGE7YCa0BUGYOnj_7Twq0mHG1XmC39ualRDqOlwz68zBQIWr8WdytS9DOOEvrsN3QzpwAVryv50-RvpR95AIbU96AT53KqMbim0aeJ_93IXdQEaL-KybBkvgE76TMl2X9KYJxYUwP7F6Y0yK50sJ1q_c6BwWR54CWWzFZfFEB-BW0cixKa1xsqSo-HJA5RDgoKVcnlAEV0PXLjJreFtESRuzzR1jHIa6huho3Z2yq6v37eh10ChqZFvg&__tn__=EEHH-R","https://scontent-lga3-1.xx.fbcdn.net/v/t1.0-0/p526x296/54517082_2121505447957138_4618198245410078720_n.jpg?_nc_cat=104&_nc_ohc=vEgCh71qRzgAX9Ykcab&_nc_ht=scontent-lga3-1.xx&_nc_tp=1&oh=28e8e487472198ae2f0fb585ac7f063a&oe=5E9FD369","undefined","",""
"https://www.facebook.com/22235247gold/posts/2022553634518987","[Error]: TypeError: Cannot read property 'attribs' of undefined","","1578292833","undefined","undefined","undefined","undefined","undefined"
"https://www.facebook.com/22235247gold/posts/2094956127278737","[Error]: TypeError: Cannot read property 'attribs' of undefined","","1578292842","undefined","undefined","undefined","undefined","undefined"
"https://www.facebook.com/22235247gold/posts/2455859931188353","[Error]: TypeError: Cannot read property 'attribs' of undefined","","1579004777","undefined","undefined","undefined","undefined","undefined"
"https://www.facebook.com/22235247gold/posts/1988468917927459","[Error]: TypeError: Cannot read property 'attribs' of undefined","","1578292836","undefined","undefined","undefined","undefined","undefined"
"https://www.facebook.com/22235247gold/posts/1801092536665099","1534385631","事前準備🎁
強過事後補救⋯😁

 我的官網成立囉！
再麻煩大家點閱，幫我衝一下人氣喔！ ❤️
⭐️ http://2018gold.com/

 #七夕
#情人節快樂","1569662919","undefined","undefined","undefined","undefined","undefined"
"https://www.facebook.com/22235247gold/posts/2393724404068573","1565921146","妹妹超可愛，
帶著狗狗🐶一起來看電影。

 8月17日是星光電影院的第3場，
歡迎爸爸媽媽帶著小朋友，
全家一起來參加！

 #星光電影院

 感謝 #文化局 補助，
#中和區公所 主辦，
所有 #中和區議員 共同支持！

 8/17(六)晚上6：30【馴龍高手3】
漳和國民中學（羽球館）
地址：中和區廣福路39號","1579004776","/22235247gold/photos/a.505006992940333/2393724117401935/?type=3&eid=ARA6Hc5zxmah6qGcSvrf2Ti10lSlryH481zY_hOhkTwBndNxG3o-UOFZDFmJ3MB3B53Cinw1WXMxqIRh&__xts__%5B0%5D=68.ARBmm34CH2al7vMMsKdHRlqOwC2IV4m0wTcA7fMynLwv-0fJ2v4zwqoy5qOxZTvS8LdcTUHhH9JfJBP704Q6p1Ta0eDUHeCI-CxQ1laQjTZ7s-3AaDHgh2zcm1c0ZiR1nVgZEseavA3tpMhORJ4zBXYM7XalYDTaPNROUjfEIV_62StTu9SKSakuQ0DtxLtyU1NjDkBiexvDlIAWsHHlPGt5wtPlRygwQ1ugaT8TfcX7xM4cNn1Pdz_kjjp8H45setXf6ASTHSlylRYzvvotwjOuvlYCkBDaspsA1EQg8wNSOgfNBT2SUy-LQGX1adMUbs5zi9aI5o8zWUXh1cDa7fkLcA&__tn__=EHH-R","https://scontent-waw1-1.xx.fbcdn.net/v/t1.0-0/p526x296/68560044_2393724120735268_8105389644524290048_n.jpg?_nc_cat=103&_nc_ohc=-mRElVMtdxEAX8-hxOy&_nc_ht=scontent-waw1-1.xx&_nc_tp=1&oh=6ef64bda7a6e30d0b4a8eee2f4d9898c&oe=5EABAC0E","undefined","",""
"https://www.facebook.com/22235247gold/posts/2052442248196792","[Error]: TypeError: Cannot read property 'attribs' of undefined","","1578292832","undefined","undefined","undefined","undefined","undefined"
"https://www.facebook.com/22235247gold/posts/2232882796819402","1559020240","雨傘配拖鞋，
民享街排水系統改善會勘。

 下雨天，看的更清楚，
謝謝濕透的各位全程參與會勘。

 #定期清淤
#區域排水系統檢討","1579004780","/22235247gold/photos/a.505006992940333/2232882540152761/?type=3&eid=ARBUk1AGQKK1WeFRK8ST_tqR2JJBrZGGU5t6BW-v8hFKPxgMDB6OvlzKlO6jOlw6dOZmjdUDnOt9UQTR&__xts__%5B0%5D=68.ARAEbGgZy8PzRyESrcirtEt7t0Dph6hd91VKWY3rL83bWYfs5t2mLqywFVvzc5Mgi0ts15ulYhf2k1L_9KL5H_8Q3AcnS_sfbwPihwvJlYuDpM1Hsoz1G2zXZyqPQp4a0tXoF4UkhMB2B683N7_5uUh_ix-a4n9Nt8Fv8xVVTXEHhWAJgy3AXTiKz45j03WV31vNN8I9O54bLyH7B8JTR0vIN_8VJss4p98k9V4GoofBnUlTvHtdcxGkLugwEAd3jFbuOZt0bnvwpundu4uOZ69AsWstRktZ7uo6EtCkxi22Bko-569NucE4QaUsBemG-_PV_ASmFYPVtpBOl2FE3Lqh0w&__tn__=EEHH-R","https://scontent-sin2-2.xx.fbcdn.net/v/t1.0-0/p526x296/61156539_2232882543486094_1732838533057478656_n.jpg?_nc_cat=107&_nc_ohc=5AKcM_iim3IAX86SThz&_nc_ht=scontent-sin2-2.xx&_nc_tp=1&oh=d2529a14d04031d9c252bdefffb9a489&oe=5E8E00F9","undefined","",""
"https://www.facebook.com/22235247gold/posts/2002697003171317","[Error]: TypeError: Cannot read property 'attribs' of undefined","","1578292833","undefined","undefined","undefined","undefined","undefined"
"https://www.facebook.com/22235247gold/posts/2028596093914741","[Error]: TypeError: Cannot read property 'attribs' of undefined","","1578292833","undefined","undefined","undefined","undefined","undefined"
"https://www.facebook.com/22235247gold/posts/1810601602380859","1534855066","為了自己、也為了下一代孩子的健康

 107年8月22日上午9：00 枋寮市場 
#公投連署 讓政府聽到人民的聲音

 為了下一代的幸福❤️
金瑞龍 邀請您加入💪連署～
反核食 | 反空污 | 反燃煤","1569662919","undefined","undefined","undefined","undefined","undefined"
"https://www.facebook.com/22235247gold/posts/2203139606460388","1557575377","【我的母親】
我最感謝的人～
也是我生命中最重要的女人。

 祝福全天下的媽媽們～
#母親節快樂","1579004782","/22235247gold/photos/a.344071289033905/2203139449793737/?type=3&eid=ARClsicbp9qJxwbP5lYXolUwdsCAUZLzqH-fmMXUsB-b9qbBXSme9Nj_cyImt97mSFJpR5-uEGNlKAG0&__xts__%5B0%5D=68.ARC1DQNYAvqIP6GgkQ-m_WkYMex7OLpE-WTmdGqjHQQszFrTopDHaPrDXNI69z0d6JvgTFYKRPaUKZkV5S97ad5Uwwv5uwCRbp-8WunLfIZyF1xOSgap4zlDxBy5CrsXmYgPb7C942qfUn5nh4KbyNVrQe3DnZ7YK2AFNDKMEUc7bRpA24g37O63I8c8x1jMlhrFs4FORH9KeJWCjJw3eDxyXNf1M27Wp5NcKCIObQznF0Qie4q1kVYqylxi6W3sz5rbJihwMDnXMlcFEc8l6Dc-nK_6fklYr12vu19GDOvEBtb9OTIM-MmGuBSdtsaDpVHjJ5CRTpofjh7fGe4Qyll0nw&__tn__=EEHH-R","https://scontent-lga3-1.xx.fbcdn.net/v/t1.0-0/p526x296/60069496_2203139453127070_2020405220797841408_n.jpg?_nc_cat=105&_nc_ohc=jvaGMfoo0SQAX9vAJkV&_nc_ht=scontent-lga3-1.xx&_nc_tp=1&oh=76de6711aea133c038cc58c9c30e81a9&oe=5EA65246","undefined","",""
"https://www.facebook.com/22235247gold/posts/1918768911564127","1541810659","感謝，一路相挺的各位！

 接下來的路，我會更加更加努力！

 #1號金瑞龍
#倒數14天","1578292836","/22235247gold/photos/a.505006992940333/1918768631564155/?type=3&eid=ARANyCHP2xMLHZkcSLc4Hhl1dltm9u1TNMY0cgZx0Jul7j_HccIgLVMTHhwDHnzydeRTyRLbiqQIKfM-&__xts__%5B0%5D=68.ARAp-sQrxn-07xcKrX2JAZJh8NVFqk9DIZhwYzXQ2vEc1rqhzKnqs5j7-bpNkWpnRJnSiMaFjP0xztkUTqIxEDEXG41FnAZoNl0IftAB3wxOI6LVfnYnp98ZvEy7zH_IAtGOEq_q7gqnqAJ78FYy95p0iaCaN2a1hElneJlPqYBE_WZf1sWK0cR20AbYDS5xUZQiSvHcW63YYV0O-uaUZZ_7n0OIPtf5HkyMvgmWaKAqOB9LykNBOTvcjnd5W_EghcJP8yY8l-uRoYwYVlfghjb7h7WsLZTsVhNaGjlN1GAlF-X1rNBV1klmHRtdi-2vsi5TRPISdm2tgpiCifKWW6yL2A&__tn__=EEHH-R","https://scontent.fpnq2-1.fna.fbcdn.net/v/t1.0-0/p526x296/45729262_1918768634897488_259482588081553408_n.jpg?_nc_cat=107&_nc_oc=AQlFrwJWcUycNmVwU_uD_mW1kjs8TjtXQ8KBjZKTdRBG-DHcBE1kyLIn3dsgvlBTlcI&_nc_ht=scontent.fpnq2-1.fna&oh=cc8f4985855c870dc9790ac4f086242e&oe=5E68CE44","undefined","",""
"https://www.facebook.com/22235247gold/posts/1924082741032744","[Error]: TypeError: Cannot read property 'attribs' of undefined","","1578292840","undefined","undefined","undefined","undefined","undefined"
"https://www.facebook.com/22235247gold/posts/2051087071665643","1549615419","⭐️江阿嬤 【找到了】，感謝大家的幫忙！🙇‍♂️

 ——————————————
《協尋》請大家幫忙❗️❗️❗️

 阿嬤需要大家的幫忙，才能找到回家的路，阿嬤的家人很擔心阿嬤的安危，拜託大家幫忙協尋。🙇‍♂️🙇‍♂️🙇‍♂️

 失蹤時間：108年2月8日上午8：00
失蹤地點：中和區中山路三段181巷路口
特徵：身體瘦小、穿著拖鞋
病症：有輕微失智

 聯絡人：金瑞龍
聯絡電話：0935-376-939","1578292840","/22235247gold/photos/a.505006992940333/2051077688333248/?type=3&eid=ARDJgI2LQ8DeDcYe8rerzyOJ2pCPMEhFUQ9fE2jhSonDGHPjAJ2D2spRoVNyuJSKuLVOqk-wU1gZ4L8u&__xts__%5B0%5D=68.ARBCoKiAMr3mgxrRYg_eFSoJxMOUDmNJZT2ZkS4kGuk48so78-D-xZ7qpAQGjJAnDKudEItF3a01Zh4ZEmKu18xXuFFIPWyOaXjhnwYC4Lp4YBcTYLnWSr5iPTZPSDbnsWe-zTi4xzIsc97JvVpzwOitTlyi_VHVXU9fQYDi2KjPl4kNRd8w_X3g3h6N5m4cSONrN2qns1YZ-SrDYBDGtnAQ6WY09P_Fv4KHbDrdYBVxHe4hAPQtZLk5SXrYSFAFBPDEwhxGKbILeYLtAqoI3aBjP3C4fWDoHTojOcyGYRoiBvHIiCDxPTknJtkzAQei_XvmIhM8lW-D6_C5ZMGhd_9DQA&__tn__=EEHH-R","https://scontent-lax3-2.xx.fbcdn.net/v/t1.0-0/p526x296/51588503_2051077691666581_1960215437442547712_n.jpg?_nc_cat=107&_nc_ohc=iRMBiXkp5P4AQlros1eoDNFiSGsZpsOk0mJ3S9vqu-FnB-PPPRlMrBc_Q&_nc_ht=scontent-lax3-2.xx&oh=e14ec049e08a981241c31b130e398ae0&oe=5EAF9228","undefined","",""
"https://www.facebook.com/22235247gold/posts/1932059646901720","1542674526","給孩子一個更好的世界

 今天（11月20日）是國際兒童人權日，是世界對所有孩子許下承諾的重要日子。

 1989年的這一天，聯合國大會通過 兒童權利公約，保障兒童應享有的權利，包括：生存權、健康權、平等權、遊戲權、參與權、受教育權⋯⋯等等。

 根據兒童福利聯盟最新調查，孩子們生活滿意度退步，只有75.8分，是近3年新低。

 打造友善兒童城市是我的政見之一，
希望為小朋友創造快樂友善的童年，
建構孩子幸福安全的城市。🏰

 #友善兒童城市 
#1號金瑞龍","1578292845","/22235247gold/photos/a.505006992940333/1932057943568557/?type=3&eid=ARCnR2l-MfZR47vgG2tNlWj18QGDM9ukZaPVrQFk7mlYGKxmlxlOLH_zG_MR6iFpjfCjpwGRatqqnTWy&__xts__%5B0%5D=68.ARCoMAGq_4uhSROthK984QN-O0NwPQTGOTkqiqYwmFtgscDxaw12SHh4DjIJC8ul3TPmHR_OoC5ilKRuXawe1jFLKH_2qxgVEfgjMc8lzNPByMqAjcm7qghNEAO8rtmFAsVdr876qMC10A5PoXRr9xu1X726eTHoHBEBoG8d_-ASfpSvXJ7Tub6c919pPuZ2CYO6vnCc2l64QfJn5IGKWjdV1X3YP1GNjgskSB3Tuk3Law290TGZkfoWmpjQte6XTPVgY0uE8mwGcFbUfMEkZKSkd3_R3u9aAuxqg881oOgxeBh4SeZh4WC5YUVTaSjRojKiaQ75ygiL-QMfZHt_YY-H1A&__tn__=EEHH-R","https://scontent-mad1-1.xx.fbcdn.net/v/t1.0-0/p526x296/46485762_1932057946901890_1948381621426061312_n.jpg?_nc_cat=110&_nc_ohc=qmx-mu-68ZIAQnjcmkB5FW85DuUNwj8uq3wfaV2qV64Voos3B_e51-kKw&_nc_ht=scontent-mad1-1.xx&oh=69a6fc1fa1921e685396fe093fc12ee2&oe=5E9B9050","undefined","",""
"https://www.facebook.com/22235247gold/posts/2421132974661049","1567143032","這是一齣Money找主人的故事⋯

 一群來自各種不同環境的錢，
聚集在一起互相討論錢的用處。

 由於各種錢的出身不同，
功能也有差別，
可是卻有共同的理想。

 就是⋯
希望完成錢的基本使命：
正確地被人類使用，
並幫助人們改善生活品質。

 9/1（日）晚上7：30 #錢要搬家啦
中和八二三紀念公園 紀念碑廣場
（中和區永貞路、安樂路交叉口）

 #新北巷弄藝起來","1579004771","/22235247gold/photos/a.505006992940333/2421132947994385/?type=3&eid=ARBWIOqDC4GQjvrEXB-fzmfM0hTpk6TIuPDE_AkhkdWNBEWAlnScAlkkdaDJIFtDpXjD6CcOY23rrCv_&__xts__%5B0%5D=68.ARCik2rN9dL4eRNmMMuMDadUhYfAMmu21PtqI6kgCv-6UEMHnQvGxxVh3Dc4HFZ5lRA6CnimBPC0HrY7ex9FuRHFTQOwn7KCTpYj6kOXMINL3lLlphzr5gtLQUXRaCoIbLhBWj96VgwPDuQXCzv6lPZFYQkoWD9xt89oeWXndOQD-7xcCp7Pn_kgFG0JT9Jd3vlAau4iPgUpxwxFfI6TFKlXiHUGOc2Fl5w4h-XMtSG1D1CLDo_o-wnJmvMkFuFULS4zWspF4uq7pUbtdBusj7ny8wgJOIF16DYNn_i7Is6helEu3fMfTjrUCg0gACaveRYdFUegEtUHOgHJw2ubt5Sk6A&__tn__=EHH-R","https://scontent-sin2-2.xx.fbcdn.net/v/t1.0-0/p526x296/69473163_2421132951327718_3343713502580703232_n.jpg?_nc_cat=102&_nc_ohc=szIRyEJcyLoAQl7pXW1PLmsoIo_GiHsr5G_VkjAZDiBwai_80VFNDZC7g&_nc_ht=scontent-sin2-2.xx&_nc_tp=1&oh=9d5d7a21844c6dd794d2e27e248f4324&oe=5EA2C4AE","undefined","",""
"https://www.facebook.com/22235247gold/posts/2428570467250633","1567473702","當兵的日子⋯⋯
每一件都讓人記憶深刻

 在部隊中，有苦、有樂，
有歡笑、有感動、有淚水。

 懷念一同刺槍，
一同唱軍歌的日子！

 #軍人節快樂","1579004778","/22235247gold/photos/a.505006992940333/2428570423917304/?type=3&eid=ARCRyGIKvYidc-zb5tywtmJYtJSKGhpec80c7-JLE1JgLOQNSkzIViWTsXIrewLJK7TGqZ_ueS2RXdHj&__xts__%5B0%5D=68.ARCfv5OlIesoKj_mVzz0NJM0Pjy7PMhsy_qOsAhtNv-kqsTpZiQnt6SepmAPZsAIZkDIHMc2GelzrerYUqDE8ZcyvcDy8__2BC0HTPCDZnbD0Gt4j0gSb7oD2nGIynJ2N8dQj-OVCWV9O9WyxNjYaQYVeq7ittvjxj1el3DXaBFBr0Hiic2WLVMmonDyuswepzsA2OpMXPp52aldEqTZ1JbLunjCsjyhzM5VoYhXkPeLMiuJJLy9FQo5Wmysv9IgGUM_kDgcdfQsF5wG57jexAPOiIBiYipNOk8RP7gm20j-qVKkVq_GB-_GOiNn2SXHCuFhUWSreJbSv7-ThmudWEk26g&__tn__=EEHH-R","https://scontent-waw1-1.xx.fbcdn.net/v/t1.0-0/p526x296/69602586_2428570430583970_552219651942121472_n.jpg?_nc_cat=110&_nc_oc=AQnJCY8kDBjbPQVTEuHFwfLhzW5H_W1wHi41IxOTMr99KmeGivCPrS-uJVTwtM40ZVQ&_nc_ht=scontent-waw1-1.xx&_nc_tp=1&oh=f7325873fae87eb69eefd9a1ecea8221&oe=5E997EE6","undefined","",""
"https://www.facebook.com/22235247gold/posts/2144128755694807","1554333144","在這專屬兒童的節日中
我們必須深刻的省思
對兒童權益的促進
及兒童未來的保障
為我們的下一代謀求一個
更安全與更和諧的環境","1579004776","/22235247gold/photos/a.344071289033905/2144128615694821/?type=3&eid=ARCajQXVuZhtEyWT5O2TokPQ5kHOFO-xH8uSVvFU1VbHCvoYtxVqj-KQIUedPnxw3VuO7IQdSmtVfWAb&__xts__%5B0%5D=68.ARD5Wny7tZvjkl4ADd-rmDGAN_USSErvjMb2KMNN2WgWI2_w7x_BLNlcqKs2_8EUPdNqY6Mrpy38xq52JMlBFY8WfGEg3Jtu5Ozvx5USk5PJWaXhKhs95UVO-jzHDq9wy_wRmuDCdNdxzRuF_tP7ioweHb4DVDKR8GMZk4zNZ7g2OS_5c9dsmmRH2X63SOzidxsB7v1A5cWR7a-9VYwkrwtVZ1zqs-0yP_hMoy-pqADLGYBr0SIywlEaCR1bzrptzupUGB5pHNa7HNYTxgdrWxobXagSB42cReX74pybNlrItu0vSONBGc0KD-azqf7L0u2Qbntd-AWtgsgwlyRyZ46gsQ&__tn__=EHH-R","https://scontent-cdt1-1.xx.fbcdn.net/v/t1.0-0/p526x296/55776415_2144128619028154_7867465335547363328_o.jpg?_nc_cat=105&_nc_ohc=RuixXkP6FOEAQm6Y7WGofLgSUJGX_RbKy7fS4NL3FROY_bmMvJes9SbMw&_nc_ht=scontent-cdt1-1.xx&_nc_tp=1&oh=8801705d64f198b82c0f084c964a3c9a&oe=5E8EE360","undefined","",""
"https://www.facebook.com/22235247gold/posts/1965027373604947","1544747470","#全國第一高票 
受邀參加台北流行廣播電台 黃光芹小姐 訪問。

 這份榮耀是大家給我的，
感謝大家對我的肯定與支持。

 #這份光榮是屬於大家的！","1578292836","/22235247gold/photos/a.505006992940333/1965026526938365/?type=3&eid=ARCL6PSjst-IOXDzr_uuaomzQ7WlBmwVVuaN7KRamQRHHJPdUi97dP0mr0O51Fyhr_mgtXW3wp_NwY4j&__xts__%5B0%5D=68.ARBc-4X7lsMYkDz9tuM2W04BgpWziNpi320lokXEaYagCxxBjZ_zIeN50yfr9j4X7xrZdFzVyrolKvMsvekcPNqHeAdCpJtalmVVoKAkbc6XrbcOGNoKfBAfdwg1a6LXpHIlNnYJL-ojfATXAM5ptUoTan2Tw6nmrM95bVmpkyjKfW-jF2Id8BrMrJDONDf36rLc4eQDjS00GAHph9MvUKsB6WOyAFIG8vxuUQOTk8BuVXMknkwWl3woj5cbj7oYKnSHhC-Cvv6c7UySglD_rvHfPjMSo155Y1VCpFXFI6tuwpEvn8H_WoDcNg2fbL1PDhsHX8FUzpf_UiSwturuIG6YBA&__tn__=EEHH-R","https://scontent.fiev10-1.fna.fbcdn.net/v/t1.0-0/p526x296/48360416_1965026530271698_7028187356783968256_n.jpg?_nc_cat=109&_nc_ohc=TvpeZFTnKjMAQn8lYICOy6M60MOUR8ZFrNHIEZBhnJxcPmJ4F5ZoxHfow&_nc_ht=scontent.fiev10-1.fna&oh=95bf1992c1d61bfeba9768bda2440a91&oe=5E946EDF","undefined","",""
"https://www.facebook.com/22235247gold/posts/2150855425022140","1554701725","#有洋蔥

 屏東恆春的洋蔥，受到暖冬影響，導致洋蔥長不大，衝擊蔥農的收入。

 希望大家能多多支持台灣的農民❗️

 【活動時間】108年4月13日（六）9：00～15：00
【活動地點】新北市中和區福和宮廣場（中和區廣福路112號）

 來自墾丁的夏都沙灘酒店，會製作洋蔥美食料理，讓大家免費品嚐，現場還有二胡女神 馮啟絜 演奏。

 #4月13日來買洋蔥","1579004782","/22235247gold/photos/a.344071289033905/2150855028355513/?type=3&eid=ARBzcK4hoz4nj0ZmW0QJEdEBb9htPKX8nuZpKFNgdix-wZhzlc2jTtLnw0_FQo4q-pSes8yZUib0umxM&__xts__%5B0%5D=68.ARAO4OwcmYHFYsVPRQokNn653QH0vwWvlnW_U3oxdV3esXINMtGHJQ6y8Ar9_0ZN3bQUKJ3Qy1cmeIZykUU631NKUkN1WGyJc1aiA58TWGoMwbOdringT_0pXAz9yM-U_Ljm4kZX1JxHGWjU8Crg5mEJUc4yjnRcsHaKuMWxNjSO3TkeGA3Ce2nZNeVN2bniGLjPTUn2ehiJxgBKQ4B3GulRdqKtalX34vLiH_iMULV0wUp0Yzxa_YqxvHOkj-NlRMXNTyHpsF57mA_6Mkip1a96cHMdoGXmR1eTJSiNVTbIKZ8y9YbWunD3oUyR83Xv1UgKIFxpHlTnC5PJ6-SPAZSVjw&__tn__=EEHH-R","https://scontent-cdt1-1.xx.fbcdn.net/v/t1.0-9/s720x720/56835697_2150855031688846_5067133889617592320_o.jpg?_nc_cat=103&_nc_ohc=Yqz3CpEjcMwAX_vYUxz&_nc_ht=scontent-cdt1-1.xx&_nc_tp=1&oh=988d4818ea0b69851bad1aa56d519c41&oe=5E91CB1F","undefined","",""
"https://www.facebook.com/22235247gold/posts/1667558866685134","1526517062","每日天未亮，盡收眼底的畫面是，市民好朋友們勤奮的身影、堅毅的執著及一份不放棄的動力
這群朋友中，有的是社會未來的棟樑、國家安全的磐石、經濟貿易的推手、各項建設的工程師
都在工作上努力努力努力…………..
瑞龍向各位致意，大家辛苦了!
(因為我也要去努力)

 #中和真是棒
#有金ㄟ，真好
#友宜實現 #瑞龍政見
#懇請支持 #金瑞龍 #侯友宜","1569662920","undefined","undefined","undefined","undefined","undefined"
"https://www.facebook.com/22235247gold/posts/1820916651349354","1535416121","#出外靠朋友 【幫金瑞龍找朋友】

 請把我推薦給你的好朋友😊
讓我們大家都變成好朋友🎉

 ⭐️步驟很簡單：
1、分享貼文
2、點選網址連結👉
https://www.facebook.com/22235247gold/
3、「按讚」加入金瑞龍的好友😊

 #友情萬歲 🥂","1569662920","undefined","undefined","undefined","undefined","undefined"
"https://www.facebook.com/22235247gold/posts/1717378335036520","1530003642","中和員山公園遊逸之丘啟用活動
有超長的溜滑梯、滑草坡喔!
歡迎小朋友盡情發揮運動活力

 朱立倫政策，未來侯友宜接棒
瑞龍主張興建主題親子館，增闢公園綠地
讓市民朋友有更多休閒之處

 #感謝積穗國小弦樂團演出
#感謝熱情的後援會家長們
#感謝辛苦帶隊的老師們","1569662920","undefined","undefined","undefined","undefined","undefined"
"https://www.facebook.com/22235247gold/posts/1817133161727703","1535166173","超大豪雨重創南台灣，
希望南部朋友大家都平安。

 全球暖化，極端氣候加劇，
風險評估公司Verisk Maplecroft
去年發表的報告中指出，
全世界最容易受極端氣候威脅
城市排名台灣名列第8。

 面對極端氣候，要趕緊做好準備，
防災、減災都很重要，
更要用同理心來面對、解決問題。

 #倒數91天","1569662921","undefined","undefined","undefined","undefined","undefined"
"https://www.facebook.com/22235247gold/posts/1860455750728777","1538107690","因為有您，心存感激。
老師，辛苦了，
祝各位老師：教師節快樂！

 台北盆地熱島效應明顯，
孩子揮汗上課影響學習，
教室全面裝冷氣是我的政見之一，
盼提高孩子的學習效率，
打造友善的教學及學習環境。

 【金瑞龍政見】
#教室全面裝冷氣

 #教師節快樂","1569662921","undefined","undefined","undefined","undefined","undefined"
"https://www.facebook.com/22235247gold/posts/1707648692676151","1529479235","台灣價值與未來？？？

 北歐冰島人口約35萬，在今年世足賽引人側目。
東南亞新加坡人口約560萬，在今年舉辦「川金會」瞬間成為國際媒體的寵兒。
臺灣人口約2300萬，依氣候、環境等條件，臺灣的地理位置不會比其他國家差。而且我們擁有勤奮的人民及高效率的勞動力。
為何?我們無法再創造另一波「經濟奇蹟」??
美國與日本，持續規劃拉抬另一階段經濟成長的目標!
最神祕鎖國的北韓，為了未來一樣選擇了「麵包」。
甚至有機會成為東北亞亮眼的經濟新興體!!

 回頭看看我們的臺灣呢?
多年的政治惡鬥、無視升斗百姓的需求，罔顧國內經濟不振的事實。
我們持續消耗國力虛度不少時光，當您有機會時，是要重新選擇「麵包」?還是看別人吃「麵包」?","1569662921","undefined","undefined","undefined","undefined","undefined"
"https://www.facebook.com/22235247gold/posts/2355487351225612","1564101356","新北市公幼班數雖居全台之冠，但仍供不應求，我將持續督促市府朝多元化方向努力，普及經濟平價的幼兒園，讓家長有更多的選擇。

 針對未就讀公共或準公共化幼兒園之2至4歲幼兒，凡符合規定條件者，每月可請領育兒津貼2500元，減輕家長育兒負擔。

 8/1起～新北市「2～4歲育兒津貼」開放申請
符合資格幼兒每月可獲得2500元津貼補助

 🔴申請資格：
滿2歲至103年9月2日以後(含)出生之本國籍幼兒，且符合下列情形者：
✅未就讀公立幼兒園、非營利幼兒園或準公共化幼兒園
✅家庭綜合所得稅稅率未達20%
✅未請領育嬰留職停薪津貼者

 🔴申請時間：108年8月1日開放申請

 🔴申請方式：將申請資料親送或郵寄至幼兒戶籍所在地區公所

 🔵2至4歲育兒津貼申請表
https://kidedu.ntpc.edu.tw/ezfiles/0/…/img/159/262333078.pdf

 🔵中和區公所受理本市2至4歲育兒津貼臨櫃審查服務時間一覽表
https://kidedu.ntpc.edu.tw/ezfiles/0/…/img/159/438184015.pdf

 🔵2至4歲育兒津貼小檔案
https://kidedu.ntpc.edu.tw/ezfiles/0/…/img/159/147791358.pdf

 🔵2至4歲育兒津貼QA
https://www.ece.moe.edu.tw/…/1080717-2-4%E8%82%B2%E5%85%92%…

 🔵2至4歲育兒津貼專線 0800-205-105

 #金瑞龍","1579004777","/22235247gold/photos/a.344071289033905/2355486991225648/?type=3&eid=ARD1eGjIaPOzZOF3lFOnFzi2nS5GE-UXIgQjwm3zzEuEwiGu_3MPQCSpeATgYM75YBmrTl2o0SHUJCIV&__xts__%5B0%5D=68.ARDcuGNGMIJ-rSyJrr0sxGOvpuYdSQPjHzFukfwiKDZ3sfQMuEwgmOqYdZ9OvpHMg2BLQew5b7B94bAZGHxa85_NIiMj8n6pzYx2LeT6v_B8NPNrdlJr53waHl52JXwpg4618aD9Mw6nUNbFH1on3qy6hSKv9EEi-k95Pa1x4B63uSR3WznUAh-kLwtzrl3wNWHj_0lPE3zgqd2Wk7KDRpkDyNgGn6hUOZRH8c7U_KK-VMn8vs_4N6f9f4TlawtrR4qmfi7NTe-PmmG3N4YAkwahCXG3MRWC9k2xrvSkhpItDleN8RZV3fwMdkxpCPAmRzmhqVVcHBUNf0Py9kTh4QNfDA&__tn__=EEHH-R","https://scontent.fcgk13-1.fna.fbcdn.net/v/t1.0-0/p526x296/67497655_2355487001225647_1789601138668994560_o.jpg?_nc_cat=106&_nc_ohc=xdCrjSbtDswAX9RWBmK&_nc_ht=scontent.fcgk13-1.fna&_nc_tp=1&oh=a2b35ec3b72a6a3ef6b2dacbf495bd83&oe=5E9AA950","undefined","",""
"https://www.facebook.com/22235247gold/posts/1727668800674140","1530539764","9100億將由全民買單

 為了2025非核家園的能源政策，
政府積極推動離岸風力發電，
招標過程及價格⋯

 第一階段棄國際標採用遴選，每度價格5.8元，高於東南亞及歐洲近兩倍。

 第二階段採公開招標，每度價格僅2.5元。

 第一、第二階段，價差為3.3元，簽約20年就要多花9100億，這些都是人民辛苦的納稅錢。

 9100億的民脂民膏，何不省下來照顧更多百姓，或者扶植國內產業，提升台灣的競爭力呢？？？

 歡迎 #按讚 👍 #分享 

 一起以行動來關心公共議題
和我一起監督政府做對的事

 #離岸風力發電

 照片分享自網路","1569662921","undefined","undefined","undefined","undefined","undefined"
"https://www.facebook.com/22235247gold/posts/1863888497052169","1538356565","從清晨到黑夜⋯

 我選擇以誠懇、努力、謙卑的態度，
贏得選民的認同。

 改變台灣的選舉文化，堅持正向選舉。","1569662921","undefined","undefined","undefined","undefined","undefined"
"https://www.facebook.com/22235247gold/posts/1851648238276195","1537502263","中秋節快樂！！！

 小時候特別期待中秋節，
因為有好吃的月餅。😊

 我的成長過程比較辛苦一點，
所以一直很希望小朋友都能快樂的成長。

 興建主題親子館，增闢公園綠地，
是我的政見之一，
希望能為小朋友創造快樂友善的童年。

 【金瑞龍政見】
#興建主題親子館
#增闢公園綠地","1569662921","undefined","undefined","undefined","undefined","undefined"
"https://www.facebook.com/22235247gold/posts/1771555146285505","1532915277","興建深澳燃煤電廠，將嚴重影響我們的生活！
也傷害子孫後代！

 孩子們還小，沒有投票權， 
但您聽見嗎？他們微小的抗議聲。

 我們不能，讓我們下一代的健康受到侵害～

 請站出來！捍衛我們的家園，
給孩子乾淨的天空～

 提高生育補助，
讓爸爸媽媽安心生產。

 擴大提高育兒津貼、育兒補助，增加公托相關配套方案，降低少子化的惡性循環。

 瑞龍堅持用溫暖的大手，
守護每一個孩子。

 請和我一起為孩子們發出怒喊～
#拒絕 興建新北深澳 #燃煤電廠

 請支持金瑞龍育兒政見，開創未來的曙光～

 更要支持年輕人創業、打造創意的友善城市～

 未來，我們生活要更好！

 #不反對興建電廠
#但反對高汙染的電廠

 ⭐️請分享，讓更多人幫孩子發聲。","1569662921","undefined","undefined","undefined","undefined","undefined"
"https://www.facebook.com/22235247gold/posts/2347988475308833","[Error]: TypeError: Cannot read property 'attribs' of undefined","","1579004778","undefined","undefined","undefined","undefined","undefined"
"https://www.facebook.com/22235247gold/posts/1741263529314667","1531290044","今夏部分水果產銷失衡，造成水果價格崩盤，農民血本無歸，可以說是損失慘重。

 中和雖然並非農產品產地，但站在幫助農民的立場是不分地區的。希望在農民艱困的時刻，大家能伸出援手相挺農民朋友。

 『用新台幣讓好水果通通下架』

 侯友宜x金瑞龍 邀您一起挺農民

 #分享 挺💪農民","1569662922","undefined","undefined","undefined","undefined","undefined"
"https://www.facebook.com/22235247gold/posts/2012855432155474","1547705668","金豬年迎春祈福春聯來嘍

 即日起 在服務處 #免費索取

 歡迎鄉親們取用

 也衷心地祝願您在新的一年
#所有的期待都能出現
#所有的夢想都能實現

 服務處
電話：2223-5247
地址：中和區莒光路11號","1578292841","/22235247gold/photos/a.344071289033905/2012908225483528/?type=3&eid=ARDAoU-lZlBwaI0SFxhhpWCDdkRkxV5hKHetsYHpA0TuwgcA7DN-ovs6WAWSuiwC9-g5Teb2ohNkpWgB&__xts__%5B0%5D=68.ARCWmQEkm--vh89_wEXK4PzQbysN5KNcFuheooTkg2aaYO_p0b8Dx7ocp_YBGeGjA7OOPkNr72BMSjcEm2Td3xCnp2-vgxaO1kaUaPfWryKsH3Psak6D4S1piRvknEskP7ak2QAGddTozGs-lIj8Io49EV4vqHzOVlf3Xa2pFkpAurYLlRja6cmMMFJeeLbbLzrnC8JnV7vAmwPDCCqstbQNFyyHUfwIvKm3q7DmbnFmizKPZB68z_U5zJdQUngWS9kboZ8YdIOMT5EG0WtMmR2AVLtyBssX0O0uN8bdCRc2wnjn0aJW84h8y9W3hx7JS4_b0ALmw1YexUUOvpl3rp2hgQ&__tn__=EEHH-R","https://scontent-nrt1-1.xx.fbcdn.net/v/t1.0-0/p526x296/50265712_2012908228816861_2741107596424380416_n.jpg?_nc_cat=103&_nc_ohc=uQ5rg9Zd8bUAQkY3OkdHy1LtKB7ARu4qNOeV_oKK61aK5QgoIYoQCkfDw&_nc_ht=scontent-nrt1-1.xx&oh=fac74fbd47b44cc8731e0aff6edf8a8c&oe=5E9FE415","undefined","",""
"https://www.facebook.com/22235247gold/posts/1715501955224158","1529894942","服務處的志工-來福
它是非常有個性的孩子
每天專找涼爽的地磚及電風扇前，享受片刻
看得我都很羨慕………….

 歡迎大家分享家中毛小孩生活、放空照等等相片!

 #新北市政府動物保護防疫處
#領養代替購買
#結紮代替撲殺","1569662922","undefined","undefined","undefined","undefined","undefined"
"https://www.facebook.com/22235247gold/posts/1790108291096857","1533865795","早安如意
擁抱孩子、守護未來
給孩子滿滿的呵護

 我的官網成立囉！
再麻煩大家點閱，幫我衝一下人氣喔！ 
http://2018gold.com/","1569662922","undefined","undefined","undefined","undefined","undefined"
"https://www.facebook.com/22235247gold/posts/1786954978078855","1533709088","不管是，老爸爸、熟手爸爸、新手爸爸

 都不要吝嗇表達對父親滿滿的關愛

 我們要大聲說出

 爸爸、我愛你","1569662922","undefined","undefined","undefined","undefined","undefined"
"https://www.facebook.com/22235247gold/posts/2172423169532032","1555895952","自強公園環山步道
土方嚴重流失，影響安全❗️

 預估改善工程費約220萬

 工程採用新工法，以不破壞自然生態，底層鋪碎石，上面鋪上木屑，可以吸水及排水，兼顧環境及水土保持。

 #公所預算不足
#侯友宜
#請市長協助","1579004786","/22235247gold/photos/a.505006992940333/2172417822865900/?type=3&eid=ARAatKOTPU6QVT_Uojkcur05c1S9pm5YmFHg-ernyqJxS6Fhdg50UpxXd8nCfBq_AR1KodTK8oxiYLq7&__xts__%5B0%5D=68.ARB1ghYAI4DPfVp15vibs739MJCCRhKdDaqOOUmBtoKrgpr4u0uZRUH_95xA6Y64ZHBdxoMyN5fOudR0IY39_GCzEdEEgtVPqAYCn_k6hKw3RJKKAS8loONx6UK1wfnLOchE1TIX_QfjSclOBzKx0JVdcIqkTn5AWgfV_I8f1-dFi81l1w-jFE_nfByuJ2HRIOWqXr0R92JYajYvAa77rDmi5pNUcK4CnBZn3rolCeLMQAYL59QdIFsRK-16IhUbJRk4vxNlsLRXgzwyDNa9r0QoKHm5JG762GFuphgo3zOjWuMu9ELCXVEoKMxlxdJN2Hy5igASjhniafhNO8iTgFsSaA&__tn__=EEHH-R","https://scontent-cdg2-1.xx.fbcdn.net/v/t1.0-0/p526x296/58462693_2172417829532566_8574720310304047104_n.jpg?_nc_cat=106&_nc_ohc=qw7pMowCU88AX8p9NSc&_nc_ht=scontent-cdg2-1.xx&_nc_tp=1&oh=09b908ffae64c86b22dc5b4d2119d71b&oe=5E9FE64E","undefined","",""
"https://www.facebook.com/22235247gold/posts/1735178719923148","1530947373","轟.轟.轟…雷聲貫耳囉！
市民朋友們，請注意午後雷陣雨
低窪地區要慎防積水喔!!
出門請攜帶雨具備用…

 https://www.cwb.gov.tw/V7/index.htm
(引用中央氣象局資料)

 #午後雷陣雨
#慎防積水","1569662922","undefined","undefined","undefined","undefined","undefined"
"https://www.facebook.com/22235247gold/posts/1691489067625447","1528455928","友宜X瑞龍化身市場叫賣手
用生命促銷「金蕉旺來」活動，攜手力挺嘉農........

 大家如何說:歡迎進入瑞龍的官方網站
http://www.gldd.com.tw/banana.html

 看看他們怎麼說:
(引用新頭殼報導)
https://tw.news.yahoo.com/侯友宜促銷鳳梨香蕉-10分鐘被搶購-空-053424642.html
(引用今日新聞)
https://tw.news.yahoo.com/兩岸緊張導致香蕉滯銷-侯友宜-幫忙開拓兩岸或國際市場-064405…
(自由時報)
http://news.ltn.com.tw/news/NewTaipei/breakingnews/2451776

 #臺灣水果就是讚
#幫助農民
#金蕉旺來","1569662922","undefined","undefined","undefined","undefined","undefined"
"https://www.facebook.com/22235247gold/posts/1763265543781132","1532487035","這幾天持續接獲職業駕駛朋友的陳情，有關柴油大貨車強制汰除的事，已造成未來生活上的負擔及額外的支出!

 各類型職業用大車，都是職業駕駛依賴的穩定收入來源，由於一台職業用大車動輒上百萬的市場行情，除了高額車輛貸款外，其他家庭生活開支呢?

 目前政府只願補助20萬元鼓勵換購車輛，那剩下的差額呢?
豈不是又造成沉重的生活負擔?
空汙，確實要改善!
但是改善的標準呢?

 如果是用歐盟排放標準，來嚴格檢視其他國家出產的車輛
豈不是用明朝的劍，來砍清朝的官?
只要是會排放廢氣的車輛或工廠，政府總是用最嚴格標準來審查一切，但是除了火力發電廠之外.........

 相關更多車輛汰除資訊，歡迎進入瑞龍的官方網站
http://www.gldd.com.tw/app.html
(引用網路相片)

 #空汙法
#十年老車汰除","1569662922","undefined","undefined","undefined","undefined","undefined"
"https://www.facebook.com/22235247gold/posts/1764938666947153","1532574943","#免費法律諮詢活動

 如果有解決不了的問題
可以來找免費的幫您解決～歡迎鄉親來報名

 活動時間:7/26每周四晚上7:00～9:00 
此為長期活動，
每周四晚上7:00～9:00都有

 活動地點：新北市中和區莒光路11號（金瑞龍服務處)
電話:（02）2223-5247

 請 #分享 
讓需要協助的朋友可以看到","1569662922","undefined","undefined","undefined","undefined","undefined"
"https://www.facebook.com/22235247gold/posts/1926837337423951","1542336140","#倒數8天

 11/24請大家當我的【鋼票】，比鐵票還硬的鋼票，給我最大的支持！💪

 這場仗，謝謝你們陪我一起打。

 #1號金瑞龍
#中和","1578292842","/22235247gold/photos/a.505006992940333/1926837254090626/?type=3&eid=ARAhTLUE6Yk68XI5V87uk-Wi2iMU-pRroi944y6sdtNLi349hcjsJU5q_E795AdTNI7I1oMWJVGJSgir&__xts__%5B0%5D=68.ARDifTYH0qyqgB-SIlhLKreMhYcgOWCmiW4JkUr7wWyYujxSKDuCsqTW3zYcOAHjcjpC4_myI4Dlw3f-245dxjwG92dzTSrq0yVxy75ulBFssvz1Bk5_BFwWAHXV6tiVceFu2q5dsrlXqzDJJfPxAxQjdJy5CYu8kvyZqq_eDDcIotiKS3zWWHjgCHOrPnZZwQCBjC7Cv_yZTOFpXxWE6FrVz1v5IcbVpBHB4_t_-uPUOiSMABqugmJmrbpJxednuKUkzZp2K27Wt0_SQnHGRUSIUSY45aaKHg_nN3yfKmQEH9uY06uNap5VsGj9PomEMWr8DfSLVb8Wp0ZzLCLdxQT81w&__tn__=EEHH-R","https://scontent.fkiv1-1.fna.fbcdn.net/v/t1.0-0/p526x296/46480498_1926837257423959_8604622370835005440_n.jpg?_nc_cat=106&_nc_oc=AQmMyZt4N7SIaXvnh7hJ_eVx3mAPTAJ0FA-up80De8whG7S7oGStCMiYopD6P65qDjo&_nc_ht=scontent.fkiv1-1.fna&oh=d4fba29e924fbf1346ca17c974af5128&oe=5EB38573","undefined","",""
"https://www.facebook.com/22235247gold/posts/1930758630365155","1542589686","點滴在心頭⋯

 1️⃣號 金瑞龍 沒有樁腳，但我有大家⋯
感謝全力相挺的各位，
和我一起【拼】勝選，
金瑞龍點滴在心頭。

 11/24讓我們一起改變選舉文化！

 #乾淨選舉","1578292844","/22235247gold/photos/a.505006992940333/1930755387032146/?type=3&eid=ARD6O3xZmpnOVTzZSAGfmAqpSk_6Tz4-ZM_jaN9ktuiXAqiSHCY8pjL6BhSsSYKZ6c2yRuTGGMRMwJzc&__xts__%5B0%5D=68.ARD0NWT9L8D7sKJ2imoiWwtbNg8d2PC1QeIfpiCtPC0HEB_NMG-7TEjuDtF2a7ZQDwYcwIrgxpHl0ZBHuQbnZE0SbiF73ZWJTCCCknsZNjAm8b92FO0BWakquvSxXWzBLRm2crC76K6TCWZ48G8WFs8zgcqcNhQLyGktK0ALtrMZjoStK_AesOuB3TsIgK5_Munbg_tXlPRBwAcYY4b_9l8llJxJS35JMvd9VNmBqtuJ-hBkYsONM1EBjak1LgktEf3oyIbWLWPAiyr5sWQhjn17kTa2tw0dirRskDSthQDH-49WtnxvbIorW8evWips1yg4-0-hD55bMBuxQ3bu_h1APQ&__tn__=EHH-R","https://scontent.fpnh15-1.fna.fbcdn.net/v/t1.0-0/p526x296/46429006_1930755390365479_6554408079843131392_n.jpg?_nc_cat=107&_nc_oc=AQlhHG-Nlu6ReFUL5-oxIIf3PrQka6LoeYF3DBMkSB2fGos1Pdnx3weYT_01zzg_itA&_nc_ht=scontent.fpnh15-1.fna&oh=2275e6ca42c2d6daba4be68ea3fb3fca&oe=5E947E74","undefined","",""
"https://www.facebook.com/22235247gold/posts/1935724299868588","1542933886","最後衝刺…

 懇請好朋友們幫金瑞龍三個忙
⭐️打電話幫忙催票！
⭐️傳LINE幫忙拉票！
⭐️最重要一定要出門投票！

 11/24投①號金瑞龍

 支持正向、乾淨的選舉文化。","1578292844","/22235247gold/photos/a.505006992940333/1935723963201955/?type=3&eid=ARDzJsvkTksaQtHKWTYxwIx_YAeVOwOSvyVKCm3YqI7XmqqZb3WSdmCrvft72rosVLhRY1mLV_gwtfix&__xts__%5B0%5D=68.ARBaZnabOB9D1C5tXC7k0hY62KvV5a0mcdigOipvjrqx35rd98YzoZ5Z-b8xIvtA9XE2EYY937dYhLYO2PB3lg9trzMY4IekIOP-RpiFU3Kj5FBOVb1Vkiq79DVk2OMIaCFOG0_rSxTxDh-SGXNp3NL5xMh4wfYTqSyiJ5IjHzY3cOnTgL8GlWaxO2ceYKwuRCr5hQ58iFX7hubt27aJdcuVGWGUe3NI4gQsTO-hWgQp8URoqQQqKVUeNhTihDlqhai4yd17lDJRGsAi_Alu3eoXDhe2EXC-bhJYSMGhPsBPuVSLnSyuXLRjcZj-G5QPI8JcmemcSV3e_wNtRgclYSPpNA&__tn__=EEHH-R","https://scontent-nrt1-1.xx.fbcdn.net/v/t1.0-0/p526x296/46522826_1935723966535288_1605524642863251456_n.jpg?_nc_cat=101&_nc_ohc=u5-4m_Jz5T0AQkDqadGTQaKXEU379wj79z51jK1CZegb-_RNcVmccVz7A&_nc_ht=scontent-nrt1-1.xx&oh=290b749c06015e20f6a7027760ebe935&oe=5EAAD2CF","undefined","",""
"https://www.facebook.com/22235247gold/posts/2212595085514840","1558062055","【府會合作新典範】
感謝侯市長體察民瘼（ㄇㄛ、）

 自強公園環山步道
改善工程款項市長已承諾撥款220萬

 步道維修工程採用新工法，
底層鋪碎石，上面鋪上木屑，
加強吸水及排水功能，
兼顧環境及水土保持。","1579004782","/22235247gold/photos/a.344071289033905/2212594982181517/?type=3&eid=ARAZc6r-WDEkR-3hl-Tk360YXGdS0KHuZRtV1q0Dwa9Joae7HDBD3elvPHdJKyL-8F_TQesSdlG_TWhJ&__xts__%5B0%5D=68.ARD7niLgBIPu3nXPy6iKStBRGJJ0-4vv-MP5xsrLayvEIdtO1IihWacqcSOUJBwDde2ORyr_nCCKgOuzq7hUXilXqO3sg4GJylTRBRSqZ6g8x4GlOeDXsVe6Sr7Y6Y3Z9FDCcG3retFNLLc4b19H0VKENXyGKW80eQUPl9APcidYnfdgoP1zkzAfYi1ASrwvuHnpKdcbeYPjxTxGI7HJj28JmWBzYCNKUjIyNEX91uB235iAp2fx4uwJ10jS6EE-G8_VpKUMWdmbUo-ULgkPKJBBzuEXtN9zJl5Flru6i2Kq2y_T_Lns_NeMtJQxbeMhjIx9uHPmTfyPnx3fxVm4Nzou5g&__tn__=EHH-R","https://scontent-sin2-2.xx.fbcdn.net/v/t1.0-0/p526x296/60208282_2212594995514849_1842614469759336448_o.jpg?_nc_cat=106&_nc_ohc=4HJj_IB9SssAQmKta1o6kXeHi5otk6cWnXnA25xtIId3ZtkaDZ2O8ucog&_nc_ht=scontent-sin2-2.xx&_nc_tp=1&oh=5e9893c8f38cee949c2cd872a4ad1f15&oe=5E8F204B","undefined","",""
"https://www.facebook.com/22235247gold/posts/2368480403259640","1564730720","#第一屆夜市鐵人三項競賽

 謝謝經發局局長，
支持我的提案【改造興南夜市】

 全台第一個以夜市遊戲為競賽項目的運動賽事！
8月3日（六）17：00～21：30 #等你來挑戰。
地點：興南夜市（近捷運南勢角站4號出口）

 台灣的夜市
有著數不完的美食小吃，
和各式各樣的商品，
還有許多不同的娛樂遊戲。

 但台灣的夜市正處於危機之中，
如果我們不一起改造夜市，
那很多夜市有可能會消失。

 改造，希望讓夜市變的更好，更永續。","1579004779","/22235247gold/photos/a.505006992940333/2368480216592992/?type=3&eid=ARAFb6bQ9K4Btv7ueJUBS-eyywLEMEDBQyS1EMeeCYhUTfAq7CfVm9DoYs6Q2VRIGwA7y6-9pxjY_LC6&__xts__%5B0%5D=68.ARA5PzrBvGGIAp7SPtftP2klN0uHS51gv8UVI8Jrc7OfbnDiHlN_J7nsgRkQzqolpm9CQbC4qZ1QmNbH3whcrc5Fu_LDYhpxLYd_9Bzb81NiFud42gcBO-F11Ui1l0oQ6qFeb6szFVR08SykEg1a3M0YXxylRoiYxEYVHIKb_n_GorTFilQtebANdOX1urPBJi9m1BWS1faPbemwd9clzxK16UYnM3A8zfY4F_FQ98bPj5M5yMjOT6QzQ7bWaQJyWjAciDeIZx4daZ8dp1UJVNnkfUlYGOWPz15EXiBCQ47mQEtowlPOtbwoIvwhzFd0JJy2ib9MUIE6kqZ17qNnZ3Ek_A&__tn__=EEHH-R","https://scontent-lga3-1.xx.fbcdn.net/v/t1.0-0/p526x296/67403965_2368480219926325_173566899810992128_n.jpg?_nc_cat=107&_nc_ohc=lrq7pClTFIkAX_VS_U_&_nc_ht=scontent-lga3-1.xx&_nc_tp=1&oh=cf1496d445a234203266b93c9ca4300d&oe=5E94EB78","undefined","",""
"https://www.facebook.com/22235247gold/posts/1788385564602463","1533779648","熱血募集💪💪💪

 每到夏季血庫總會鬧血荒，
各地捐血中心的庫存量，
會降至三到四天的用量。

 夏天是用血的高峰期。

 希望大家發揮愛心來捐血，
血液才能不虞匱乏，
讓急需輸血的朋友都能獲得幫助！

 台灣最美的風景是人～
感謝當日舉辦捐血活動的 #長壽獅子會，
以及協助活動的相關單位。

 相關捐血地點可至 #台灣血液基金會官網 查詢喔！","1569662923","undefined","undefined","undefined","undefined","undefined"
"https://www.facebook.com/22235247gold/posts/1796422713798748","1534162720","為傷者祈福🙏
祈求一切平安

 台北醫院今日凌晨發生火警，
造成重大災情，多名傷者仍在進行搶救⋯

 大家一起集氣，為傷者祈福，祈求一切平安～","1569662923","undefined","undefined","undefined","undefined","undefined"
"https://www.facebook.com/22235247gold/posts/1746967495410937","1531612007","我真的很感謝大家，
這一路上對我的支持與鼓勵，
我會堅持到底，更會加倍努力。

 期待用正面的力量，
讓台灣🇹🇼愈來愈好。

 謝謝大家滿滿的祝福！😍

 #不忘初心","1569662923","undefined","undefined","undefined","undefined","undefined"
"https://www.facebook.com/22235247gold/posts/1921671491273869","1542002656","【讓政治回歸專業】

 好的政策，應該落實在每個人的生活中，
是我的政治理念，也是我的目標。

 未來更希望市民能關心市政，
政策能得到更多的討論，
藍綠意識形態不再對立，
讓政治回歸專業。

 #1號金瑞龍
#中和區","1578292846","/22235247gold/photos/a.505006992940333/1921671361273882/?type=3&eid=ARAuWDNGyGdnQ2jh19sT0Z8Nx64IM80Qkq8-U7a_sgItq12oZAeGn-5MRNNQPQSygWCjBi5VavCaNCIC&__xts__%5B0%5D=68.ARBVpbudS9G1aUOD7Yg630_isQ3yWAxsb5qvyVkFyzF5FaymsQ_zLERiIv4jPjs_LudUZK5d-i7RmcUgQ8Js02q_eGscSlPbQErNWEe-wTC54O6lvck8nbPWU8Woy-5N06rol3GmnHGNNf5GntiBoCvI_UohPsOl-GIpG5PHiMrbn3w6C2lfXFJl87b_rZVe4pLuTY-BUZpCP40wRzxzZr1ofL0r885YlaDKwKUQ_Kyarre7fb7yB1XdOx9C6GXScVJi4u8Q1LhoAC059bjQOVQRQjnUSsCW2vK45IbMRadblbnVnZy5s2VSnFmO0r33wfPWB7-lgoiQusxAQICcCZIz9w&__tn__=EEHH-R","https://scontent.fagc3-1.fna.fbcdn.net/v/t1.0-0/p526x296/46174530_1921671364607215_6097883468941754368_n.jpg?_nc_cat=109&_nc_ohc=jbxnaDzp1K0AQmnKijLfYRyN2lRilLl2ognGThSji-PISQqOJoHZrlXqg&_nc_ht=scontent.fagc3-1.fna&oh=4e8f44b4162fe5056690551fd2bf8070&oe=5EA13380","undefined","",""
"https://www.facebook.com/22235247gold/posts/1804588749648811","1534559096","選戰 | 倒數 98 天，
我會繼續努力💪衝刺。

 8月18日新北除蚊日，
大家共同來防治登革熱喔！
掌握黃金四步驟👉巡、倒、清、刷。","1569662923","undefined","undefined","undefined","undefined","undefined"
"https://www.facebook.com/22235247gold/posts/2334525159988498","1563154005","早安！ #今天我生日！

 也是服務處同仁趙小姐的生日，
我們同一天生日，
都是顧家的巨蟹座🦀。

 今天特別要感謝趙小姐，
多年來一直在服務處協助我。
謝謝妳，祝妳～生日快樂！🎈","1579004778","/22235247gold/photos/a.344071289033905/2334524163321931/?type=3&eid=ARAAIrFyun3L3JYYBPacdLMrr5VnuBO8yE4jKxGyxxIuW-m61oz6ymY_NyRNVJoS_e4TTajCIoGYEdH0&__xts__%5B0%5D=68.ARApmUvlDgPmUqWOW1FFFeSg0fdIaYEpk9Q-WeppqDMEkledut67B2J7GP4PTMN325jU1e6KrpUrM4NqMFj-xqGEHzPJjo0H8nNjq67y0L5tdU_7UmZY8a9H3BApySaso0ZXgtKmu4GbIVPSCTwVrfUcPXUCt-9nogSp8P0E7DGDKF7plA1mYZ5C-58NHQCZ65NJmSILimpSukH8xAVswWay2-zms6M5giAbVJNZGkW5SE5JIrSQ4ifWP_zXpJnNapQk0_uuimfL-cc7ioG9RcMvqQpyirUvcmWWZjD6sfJXEsIDr9G7kRrcp8dQ1Dd-nN7Opw9tlV-4zauvS8TSnnaa4g&__tn__=EEHH-R","https://scontent.fhen2-1.fna.fbcdn.net/v/t1.0-0/p526x296/67222043_2334524173321930_9103824224920797184_o.jpg?_nc_cat=107&_nc_ohc=pmX0LiGQuQoAX-_bC8V&_nc_ht=scontent.fhen2-1.fna&_nc_tp=1&oh=61870ee7f784be333ac549473e1ddd52&oe=5EA9565B","undefined","",""
"https://www.facebook.com/22235247gold/posts/2014497621991255","1547794473","面對家暴與兒虐事件，
我們必須多一點的關心，多一點的雞婆，社會就能多一點幸福。

 我不認同把暴力當成解決問題的手段，尤其是對那些沒有回手能力的幼兒。

 如何讓那些總是以暴力相向的人心有警惕，同時也要建構防範安全的保護網。

 中央請蔣萬安委員協助推動法案的修正與立法，對家暴者與施虐者課以嚴格的刑罰；在地方基層努力宣導平時多關心身邊的人，勇於通報「113婦幼保護專線」，
讓民眾發揮守望相助的精神，
使每個人都能出力保護所有人。

 大家勇於通報，就可以讓受害者少一分傷痛。","1578292834","/22235247gold/photos/a.344071289033905/2014497491991268/?type=3&eid=ARB0vKh_sgR04nlqwIgB5z7J50WiXPnNz80gqB1AizNd5rBtnvOGYzFaal7no4_FnQiaivlEOgMP8OgJ&__xts__%5B0%5D=68.ARAj6jjFtCGSKkgy3yGUoQ8SP011G97TXc-nLvtjtcl4bJzMSDDoYQZXMeSG8xZ0x6KO1x5uFq3uQL3ncjrb2_QPQKeVnOdWCkpG5BVQgdvwpomNmtbbnd6H5su_Sv-dbBPrLqPVkmah2nL7roGwZkzM9YHji_z9hB7wcxAyuFKZL54yngk8OkMR4bq1w77gZP4pMovUtaPZA2s64pNlIsLeNA4Cdikl7EjMhN99-6yVx1Y4XGy6ZGe2N6W3md3YXUXQ2JEi8MFhZY8M0wTRtlgJOyxmdtUdvrDeADpMj5vHzyFW-CarUWd6FBsCraAEt-SjJustYrb-K9BdNj2DZHn_zA&__tn__=EHH-R","https://scontent.fcgk17-1.fna.fbcdn.net/v/t1.0-0/p526x296/50088485_2014497498657934_8639728931001335808_o.jpg?_nc_cat=110&_nc_ohc=yivq323mOyEAQkHDBb1JpFVS-32qmOYCSEoExsl5fYfjqAZfUhuwPryMA&_nc_ht=scontent.fcgk17-1.fna&oh=67082bffaa3ad24a8636644956f6f423&oe=5E9BEE12","undefined","",""
"https://www.facebook.com/22235247gold/posts/1681171475323873","1527645217","各位好朋友，您們一天騎多少公里的摩托車?
一年365天，你我騎著摩托車，大街小巷拚三餐
為了自已、為了家庭妻小
我們再辛苦都甘願流汗付出。
曾幾何時，陪伴我們的摩托車也會成為空氣汙染的元兇

 我的摩托車好無辜、我的摩托車被「黑」了……
但是政府官員、中央級民意代表坐領高薪，肆意評批升斗百姓的一切，但卻忘記民間疾苦及百姓要的是什麼?

 看到這一切，心中真是無奈
我想，大家不會忘記的是，「他」沒吞曲棍球
我想，現在坐在車上的人更不該忘記當年騎摩托車的自已

 另外，請各位好朋友幫忙尋找
有沒有 95無鉛汽油28.4元/公升的加油站好嗎?
請大家幫忙尋找報報好康喔!! 

 政治人物應該謹言慎行，心懷升斗百姓的福祉為懸念
而不是一昧的推諉及發表跟你我生活、就業、無關的言論
口水戰，不是我們想要，我們也厭煩了!
我只想要安居樂業的生活環境

 查詢今日油品牌價(107.5.30)
92無鉛29.2 /公升
95無鉛30.7 /公升
98無鉛32.7 /公升
柴油27.3/公升
酒精汽油 30.7 元/公升
(資料來源: 臺灣中油)
上述油品價格不含營業補助及自助加油價格

 聽聽看最真實的聲音，歡迎進入瑞龍的官方網站
http://www.gldd.com.tw/tach.html

 #大家加油
#大家辛苦了","1569662923","undefined","undefined","undefined","undefined","undefined"
"https://www.facebook.com/22235247gold/posts/2072632142844469","[Error]: TypeError: Cannot read property 'attribs' of undefined","","1578292831","undefined","undefined","undefined","undefined","undefined"
"https://www.facebook.com/22235247gold/posts/2218206448287037","[Error]: TypeError: Cannot read property 'attribs' of undefined","","1579004790","undefined","undefined","undefined","undefined","undefined"
"https://www.facebook.com/22235247gold/posts/1709370012504019","1529564597","您重視孩子教育嗎?
您知道校園裡有不當教材嗎?
為了孩子，您不可不知?

 瑞龍，一向重視孩子的教育。
總是認為教育是開啟未來的鑰匙，更是未來的希望!
針對「不當教材」進入校園的事情，讓我感到非常訝異及無法接受。
我日後在議會審查工作上，為孩子的教育、教材內容，我將嚴格把關，亦要求市府教育相關處室，必須設置嚴格審查制度，以保障下一代人格品德教育，並希望藉由審查的制度，將『各項不當教材內容及多元性別意識形態課綱』」全面退出校園！...........

 為了孩子，我必須這做

 聽聽看，他們怎麼說，歡迎進入瑞龍的官方網站
http://www.gldd.com.tw/gold.html

 #不當教材
#下一代教育","1569662924","undefined","undefined","undefined","undefined","undefined"
"https://www.facebook.com/22235247gold/posts/2267693813338300","1560389511","民享街箱涵清淤作業已完成，
排水系統改善計畫即將啟動⋯

 謝謝和我一起努力的市府同仁，
感謝第一線的“勇士們”。

 氣候異常的瞬間暴雨，
每一個城市都得面對。
過去的治水思維，
已經無法承受當前的惡劣氣候。

 我們得改變，
應當重新思考「與水共存」，
透水保水的城市，
才能和水共創永續的未來。","1579004782","/22235247gold/photos/a.505006992940333/2267686573339024/?type=3&eid=ARAmCDSIDyoMnVnpLah5jYuw1_K-XTPcTpQqd3arpPwXIigioiY-DGWApc0CILr-nQSEUFUDwNDmSdra&__xts__%5B0%5D=68.ARDXynERSbJ2asZuhJNErwTCNJBiQDxVtIBKC72KEU9FaRejE55IM9VXW2EPwUTVAAfXXcLjgrHtAkgvWqA5nj5JTrJQx8rGLc8_UsSizyoKW_Yk67Ho9L8Q72FW_Xw9QS547khJSf8iS7szI4nBme43ERNgpHoUZ_Uy1y--43jBOf6_dcOfK5yFe6aRs8nu2nlyikMLUmi8yVQlsaLN7cxfvrttkfuiByLO8yOWNh-nRc3-tKqxE4I5l_qfkcn6DFoR70b60ZAWjkkxPWrHeclBrPWowWkPsK3H-PNUjMSzWKRLwWCkP49Tuc7aBABYdKih6o7MILxVWhAdXzuTwAr7mg&__tn__=EHH-R","https://scontent-sin6-2.xx.fbcdn.net/v/t1.0-0/p526x296/62543227_2267686576672357_4297509233739431936_n.jpg?_nc_cat=103&_nc_oc=AQkEXN_2SYHJMGuOZHYqqj2tkb5LmnuLCqiYqf-xXyrjFA_wd2e9jUtnP4wXx79TflY&_nc_ht=scontent-sin6-2.xx&_nc_tp=1&oh=d19ca9845e61023d09a4b6df51f2cbdc&oe=5E9E9343","undefined","",""
"https://www.facebook.com/22235247gold/posts/1992924497481901","1546478791","免費 法律諮詢服務

 您有法律案件的困擾嗎？
或有提告與否的猶豫嗎？

 金瑞龍議員服務處提供優質的法律諮詢服務，
現場有執業的律師可以提供您最專業的見解，
免預約、免諮詢費，
歡迎有需要的民眾前來服務處洽詢。

 金瑞龍議員服務處地址&電話：
中和區莒光路11號
02-2223-5247","1578292837","/22235247gold/photos/a.344071289033905/1992924304148587/?type=3&eid=ARATmuPXtdqUw8jSqkdX8_5Afa9TXU5SB64ocjgHJ_vAEt9dfIkzYJURnY4pODsfoPXSzazQXRev0x4A&__xts__%5B0%5D=68.ARBPSq5cC0MD8Oyxq1cleIk-q4wNUdHh4AUmyunoucstWKOe4M2qqxxHA61_QnMMSg2TBdWFCxiJjXpP_yGJ8Xmsg1x3ND5kAFYfCtimoSNB5x_YVfVqb5L9NgFtNivIa_qkG7IHwuqkzCkZAxz-6PjDZbT1HRQ9ytIVnuqIva1OSH70cJPw3-oGMQASSfSA14hEmGcDG81Wih9HX59TIOw2lq6NQPnA40k45965lN32bTLTGlp_QCkj_6uXqEH9NlzmXg2DmMvvsF0y44q_HTpzR7tZaf7XlCs9qQA4rslVelbZuhjzDHto_mUWHmie8_VYidpt_ivVuUDMMhhqgBGErA&__tn__=EHH-R","https://scontent-cdt1-1.xx.fbcdn.net/v/t1.0-0/p526x296/49414092_1992924310815253_4132411811867656192_o.jpg?_nc_cat=101&_nc_ohc=27ZD5EJG-7oAQmzgvXbmb8qMvyJosYE0oxZFixCeEiEr8tsUHElzjUeDw&_nc_ht=scontent-cdt1-1.xx&oh=18719f421ca01a65106e4e270e0b44f2&oe=5EA79B54","undefined","",""
"https://www.facebook.com/22235247gold/posts/1782012361906450","1533457019","#免費 | 法律諮詢服務

 每週四晚上7：00～9：00
金瑞龍 服務處 提供免費的法律諮詢服務

 歡迎分享訊息給有需要的朋友～

 《金瑞龍 服務處》
電話 | 2223-5247
地址 | 新北市中和區莒光路11號","1569662924","undefined","undefined","undefined","undefined","undefined"
"https://www.facebook.com/22235247gold/posts/2366313613476319","1564621737","10年來台灣起薪停滯不前，越來越多台灣青年前往日本求職工作。日本外交部統計，2017年核發台灣2300個「工作簽證」和「高技術專業人才簽證」，較2016年增加30％、較2012年增加了1倍。

 留住年輕、有能力、有創意的人才，是台灣發展最重要的基礎。108年6月20日核定【協助單身青年及鼓勵婚育租金補貼方案】，預計9月起受理申請，希望有助青年。

 另為了妥善照顧弱勢族群，108年7月22日～108年8月30日開放【住宅補貼】申請，申請人可向戶籍所在地方政府提出申請，內政部今年首次開放網路線上申請。

 住宅補貼包括
「租金補貼」、「自購住宅貸款利息補貼」、「修繕住宅貸款利息補貼」。租金補貼新北市每戶每月最高補助4000元，最長補貼1年。自購住宅貸款利息補貼的優惠貸款額度，新北市最高為230萬。修繕住宅貸款利息補貼的優惠貸款額度最高為80萬元。

 住宅補貼線上申請
https://has.cpami.gov.tw/subsidyOnline

 住宅補貼申請書表下載（新北市）
https://www.planning.ntpc.gov.tw/home.jsp…
#金瑞龍","1579004783","/22235247gold/photos/a.505006992940333/2366312906809723/?type=3&eid=ARBN4sGopNSRXNXOb-fmsyNROAA-zdQak3b3EKBmpRKe--LufWpB9JUxiZZp2vDHZy9eOM77lisvWqTp&__xts__%5B0%5D=68.ARCS1MGstUTrAbdHRjGjU1eehJUZ8-GwfyPyutqfTc3nvIUBTOQLRX2mw78roRqm7bqhQlVu1ZM2jQo5Zy1KMSpPKUV63JcIZUURhpJytNIeoCZ3z6zBVhZQIpTFndq6etGe3W1U2uETbj0eszXGduQ6dUOjbjWwIeRY_jozvp1MhNrPwAX6IwR5GEP_ZoQ0kWDUesl9ECyttjouJPIUjmt9f0DTEklaBvbrUvWMaNidVnTJ2Z8hxSamTBCDTW7E5JiQEM--ejWPkHg_seO6WO0xAbgptHqsq8-lwZsqCRZM-yGNozIWOB_GO_2b_8MVJfthmeTU_rd2CTCL9W3DGKiQIg&__tn__=EHH-R","https://scontent.fpnh4-1.fna.fbcdn.net/v/t1.0-0/p526x296/67662581_2366312910143056_3843220346589151232_n.jpg?_nc_cat=108&_nc_ohc=X8zp5tY3DyEAX9Y4nm3&_nc_ht=scontent.fpnh4-1.fna&_nc_tp=1&oh=8bd1f6e7a16aea92700df7a604d35bef&oe=5EA3E317","undefined","",""
"https://www.facebook.com/22235247gold/posts/1937639953010356","[Error]: TypeError: Cannot read property 'attribs' of undefined","","1578292838","undefined","undefined","undefined","undefined","undefined"
"https://www.facebook.com/22235247gold/posts/2186202554820760","1556669464","5/1國際勞動節

 每一位勞工都是偉大城市的基石。

 感謝勞工朋友們的努力，
成就台灣經濟的發展。

 #勞動節快樂！","1579004779","/22235247gold/photos/a.344071289033905/2186202478154101/?type=3&eid=ARAktOdSN4IE79V23_FzNEePRebWK6MwjRqs8CPcorq9BPjEndQYL27sDZMCEHg9V9Ikm4_BDPnijetN&__xts__%5B0%5D=68.ARAmbLshQpiWiZnQUqe9P_J7FJg15kJ0Uvrqo2SmE463_zKfBNOLvrnDrbrMBi8UukbqKQMImVGyrcc3TdWjjEACMRuqQC8NIOo9RcbxEpXAplR8h-Cp1NYo6Sa4iEfvlHsgosOFqvxuw4jgfIU9Yc4tHedLTSPym7kLAkHBFo7p1gpJempCJXYabr_vSWQfmUUIHvaelssqJvBLdtjUx4u-rTPL6wEQDCQ3kCJxWugi63R248w8z8YUv_uEyw-hRd5EJzcypIkiFlEe21F_s7Bif2Gpw2fNm1N5RjtPuaXeN89jWhMC55c0T58b9xQWEoChG_hFMeqH29_25cXpwdBh0g&__tn__=EHH-R","https://scontent.fbkk6-2.fna.fbcdn.net/v/t1.0-0/p526x296/58675135_2186202481487434_6809799453877207040_n.jpg?_nc_cat=104&_nc_ohc=qwyVyFcUt4sAX8xZyUc&_nc_ht=scontent.fbkk6-2.fna&_nc_tp=1&oh=53c61e5c543bf12c86c6b468561feb18&oe=5EA0C0CC","undefined","",""
"https://www.facebook.com/22235247gold/posts/1782284008545952","1533470541","請花三分鐘參與一個改變台灣未來的公投

 為下一代盡一份心力💪
反空污 | 反核食| 反深澳電廠

 第二階段公投連署👉

 公投連署書下載網址
➡️反空污公投案連署書：
https://ppt.cc/fYEybx
➡️反核食公投案連署書：
https://ppt.cc/fJ0kzx
➡️反深澳電廠公投案連署書：
https://ppt.cc/fcCXwx

 歡迎大家至服務處索取簽署連署書。
已填好的連署書也可以送至服務處喔！

 有您的參與～
台灣的未來會更好！

 #金瑞龍服務處
電話 ｜2223-5247
地址 ｜新北市中和區莒光路11號

 #反空污
#反核食
#反深澳燃煤電廠","1569662925","undefined","undefined","undefined","undefined","undefined"
"https://www.facebook.com/22235247gold/posts/2236806483093700","1559174768","#員山公園 公車站牌

 考量站距、遮蔽、車流、安全等問題，交通局會將員山公園站牌 #移回原位置，並且 #升級為「智慧站牌」，方便民眾掌握公車動態。

 
很多長輩會在員山公園站等候公車，新站位置必須多過一個馬路，危險性增高，加上沒有遮蔽物，無法遮風避雨⋯⋯5/27會勘，經過溝通與協調，交通局同意將站牌移回原位置。

 希望市府日後能「多聽聽民眾的聲音，再做決定」。

 #板橋往中和方向
#預計5/31移回原位置","1579004781","/22235247gold/photos/a.344071289033905/2236806366427045/?type=3&eid=ARBtQ-UDRjNeTS-X0F0jYzxlnpu1vc__-7alXchhFFro_8NUpztdkzdGSonHB6vz7lWLDHSgRjbXgQjH&__xts__%5B0%5D=68.ARDPd2MqFG5oBn65c4lvNrGOP4BJCWCaWm25RwivCUPuqhxMB3qp99mUtPetXJ_v-zkVdiOTrKGNw8PVpEBjrGWlQbweYphDDspbMW2OKXdU2ZBJSotxuECOwgt12aKCfPwTudOUXjiW4wLSCJRKAV75LZ4mSDihQUuOly84E5SUdbU5wAMK3i_Fna2erzyaqKDvY5sMhGYKKV8VZ_ZIgM-s-3GNY0tkZBHwBwZlgMQs3F1RTxMwPNJ84IYmUJDanVPuuaOErA8qoSfHgb-F9d-lw6iNy_sNb7FcbNZJEf_CdP3fC2wLsw-yvpFEFlOYDyFHD59yOu4Gc6-5CkFTDS6q4Q&__tn__=EEHH-R","https://scontent.fpnh4-1.fna.fbcdn.net/v/t1.0-0/p526x296/61406749_2236806369760378_4157143904300302336_o.jpg?_nc_cat=107&_nc_ohc=Wv0NJUnWS98AQkTrc3R24w7jcLfXP_ZuaXuhSy-Y0ohT5zstGIcSeCBPw&_nc_ht=scontent.fpnh4-1.fna&_nc_tp=1&oh=f912e24c389a70f72965802a78ef3490&oe=5EDB5B03","undefined","",""
"https://www.facebook.com/22235247gold/posts/2377010355739978","1565144500","我是女兒的爸爸

 也是女兒的好朋友

 偶爾我會充當女兒的護花使者

 祝大家～
#8/7情人節快樂！
#8/8父親節快樂！","1579004772","/22235247gold/photos/a.344071289033905/2377010079073339/?type=3&eid=ARAOCOHaM2lrxz9v-cl7IO_REkJtBKToRdz8KP84urQdep7fanq6LYEZbMBbjbGPtgcgCigPtgzL-l2a&__xts__%5B0%5D=68.ARDBPWznHiqjAJQ_vWs4qMrSs8OpVvj3yVxVLvut4GT0n_E1omBWDLiU7R-lWwA16TEIe9vHPIYMULWChBtO5nQyzrAZrzSFto99awxYcUhjd3vbJHSwN1rmLMUf2k_w5Jcr3go_QAyLGEPoXp5qhTDowJJzHW49wqb4zRR2XT1etiGhI7N5czY9vjSU-4uPu5Yxl00xfoWeLl7lHiFhQ658DFZ9dO2UQq6PAKwWhuRA8pCe2N4w9m6fPJpJThs9qCMHh7fNWB0ie0krx25qy5vnKDQLuMfl6VjIkgHB7MPlCfVZyXD45c8u_1mqE5bXeiBF0Wd_VoiZa400p0iOGop5GQ&__tn__=EEHH-R","https://scontent.fbkk7-2.fna.fbcdn.net/v/t1.0-0/p526x296/68414046_2377010085740005_3390983603402833920_o.jpg?_nc_cat=111&_nc_ohc=6t615wKVLdwAQkn-a-tzS476ZrmgpzycbcufiQKzKKW75Jy7WQocboErg&_nc_ht=scontent.fbkk7-2.fna&_nc_tp=1&oh=334d9bea2ed3bc0bc9843b249bffeff3&oe=5EAD2D5D","undefined","",""
"https://www.facebook.com/22235247gold/posts/1901235539984131","1540777363","#讓年輕人住得起好房子

 新北年輕人平均要不吃不喝13年，才買得起一間普通的房子，高房價、高房租是年輕人最痛恨的事。

 興建具有設計感、智慧科技、環保節能的青年社會宅是我想做的事，我要讓年輕人不只有喘息的機會，還能住得起有好環境好品質的房子。

 我希望推動莒光路「公路人員訓練所中山路教練場」遷移，土地活化轉型興建青宅，讓居住正義可以逐步落實。未來青年住宅、社會住宅政策也應該滿足量的需求及品質的提升。

 我期待青年社會住宅不只能落實居住正義，
還能讓年輕人有安定感。

 【金瑞龍政見】
#興建青年社會住宅
#落實居住正義","1569662925","undefined","undefined","undefined","undefined","undefined"
"https://www.facebook.com/22235247gold/posts/1908668655907486","1541137834","養小孩不只是家務事
政府有責任建立良好的生育環境

 新北市雖然有最多的公托中心，但覆蓋率只有2%，明顯不足。生育、養育、教育是一連串的問題，年輕人組成的雙薪家庭，唯有孩子受到完善的照顧，才能安心兼顧家庭與事業。

 打造友善的育兒城市是我想做的⋯
增加公托的數量，提升公托的品質，建立穩定的師資，安全的托育環境，家長負擔的起的合理價格，還有定點臨時托育，讓家長可以喘口氣。

 從政策面來協助，讓年輕人敢婚、敢生，給小孩子更好的成長環境，讓小孩子可以在最適合的環境中成長。

 【金瑞龍政見】
#增加公托數量
#定點臨時托育服務
#打造友善的育兒城市

 —————
好的政策，應該落實在每個人的生活中。
👷‍♂️國民議員①金瑞龍
https://line.me/R/ti/p/%40zkw5995y","1569662925","undefined","undefined","undefined","undefined","undefined"
"https://www.facebook.com/22235247gold/posts/1976028832504801","[Error]: TypeError: Cannot read property 'attribs' of undefined","","1578292836","undefined","undefined","undefined","undefined","undefined"
"https://www.facebook.com/22235247gold/posts/2134339560007060","1553818965","329青年節
為了紀念黃花崗烈士的犧牲奉獻，
由於他們年輕的衝勁，
不惜犧牲生命也要推翻腐敗的清末政府，
而換得我們現在能享受自由與民主的環境。

 青年朋友們，
敢夢想、敢拼搏，
為了你我的未來，
Go! Go! Go!","1579004788","/22235247gold/photos/a.344071289033905/2134339446673738/?type=3&eid=ARAmjqz__SE7YCwMXWcs8R_t_tYEkRDfQGEKuTZ-UV5Gax3PV0KyiVJeVQoTRTBG0hzMsptlzXI7wRZ5&__xts__%5B0%5D=68.ARAdJSfSVYqryHnIuK121SQSTytncUUIFQy1YpfmwcXS1q9Qbzls3knx7B3rsREWbAm5xmO7ob7L-S0m6sY3eXjR10k3FiYUg_KVBstKs97BZHBWvzKgJcr0cCRHl00CRKNr7Xh4AnAodTeUKkBzGRoCwfQt4SsPk6hkyH_7QDHKMUBBCBW_WUkjUgmtKO3XRC1M8QKL-FgdEV0ephsboYoAI_XgZin9yqAowagMOCByIXDwBN-BfFY1m5H5u0XOKSmPb4TlaztHtKWpjCGK9uyeXN45ZxfT3KDWrTLLwp6Bw50Ny9oO3KzIULimJyVP-808cFS6FNg3ZAbsT3Xz61WB_Q&__tn__=EEHH-R","https://scontent.fbfh3-2.fna.fbcdn.net/v/t1.0-0/p526x296/53834257_2134339453340404_2195671591923220480_o.jpg?_nc_cat=109&_nc_ohc=mg0m3kDcyqQAX_ec_sZ&_nc_ht=scontent.fbfh3-2.fna&_nc_tp=1&oh=f3457c71ac42d80305d0a148d6094f11&oe=5ED61387","undefined","",""
"https://www.facebook.com/22235247gold/posts/2178739405567075","1556255101","和當地里長、攤商共同討論夜市遇到的困境。

 對於夜市繁華不再，人氣低迷，
建議政府應結合主題旅遊或在地特色人文美食等創新思維，
與攤商共擬改造計畫，
重現興南夜市繁榮熱絡的新風貌","1579004808","/22235247gold/photos/a.344071289033905/2178739212233761/?type=3&eid=ARACBN6HGWxZNcQFCKt-n3Hox_w-E3i0s26sPrpcMlIrBy8yGoUaI4hp-vMxfc18gR3kqPBrCY3KUJdy&__xts__%5B0%5D=68.ARBkuB0Cswwi1sQ5Q6NR_S92Npq0NT27EsphYWMKkLhqIInSjDy2iLG_N1e3Sv75FBipJBmB-M60UTKjmRrdnTW_AJj9ZLIUVt16cCJYPFyp6Uwh_Jg9RNbchRvHbhI4ta0SpVhHJwyf4uJ5ckbfUqBhc7YjDttgLMLPuTfqsGKpGUafyOTvfq3pe2oR2R97P6W3Y2muIS0UGS6fOPKzsEcFkaAi9046ITr4_gVF01Aih8FbpApI-4w_tMMJ3o2qs6I0NnodVPqOaC6CGemGfLX2aEItYY5iZr4ybYlIgKxfEC76XsDXw1Ydzc4RQsa6HW13lcHR7PVWUbQs1sh9u9CGhw&__tn__=EHH-R","https://scontent-cdt1-1.xx.fbcdn.net/v/t1.0-0/p526x296/58382962_2178739218900427_6184154316647956480_o.jpg?_nc_cat=111&_nc_oc=AQlY4znE6JX95sEKsH9aKKIQs9Lt_p_Aoxi96SXmm09IE8LC_iX4GwKPSkf6ltfq4UYZphcdaZuH4eYSpjLXkYT3&_nc_ht=scontent-cdt1-1.xx&_nc_tp=1&oh=62f4dadf96ced0e2a32eb902ebc18e94&oe=5EA2DC42","undefined","",""
"https://www.facebook.com/22235247gold/posts/1897119323729086","1540540844","普悠瑪、司機員何罪之有?

 意外事故讓人心痛!
政府處事態度更讓人心寒!

 推諉、說謊，讓百姓搖頭再三!
而失去家人的痛，又何止三言兩語的帶過

 我們要的是事故真相
而不是推卸責任

 事故已經發生，就該誠實面對一切
放下身段，謙卑的與民眾站在一起吧!

 (引用媒體拍攝相片)","1569662926","undefined","undefined","undefined","undefined","undefined"
"https://www.facebook.com/22235247gold/posts/1953657798075238","[Error]: TypeError: Cannot read property 'attribs' of undefined","","1578292837","undefined","undefined","undefined","undefined","undefined"
"https://www.facebook.com/22235247gold/posts/2176927345748281","1556150895","政見逐步落實中

 經過幾個月來的努力，
新北市將在4/27日配合狗小孩公益路跑活動，
試辦 #寵物公車上路。

 屆時將有兩線公車部分班次做為寵物公車。

 民眾可以直接用牽繩方式帶毛小孩一同搭乘公車，
共同出遊一起享受假日悠閒時光。","1579004783","/22235247gold/photos/a.344071289033905/2176927042414978/?type=3&eid=ARC0V9X7sTy-ZVd5IF-ferTL3rbCBRgR9fIGxT2asZZ2d6iXu9CgxxfEswKEXHCWdAiH7tzRU2i9cGn8&__xts__%5B0%5D=68.ARCmI0AeCJU6V5Fry-y63n53DIbI9lbD3D5-aOsc3KYRrZM1le3LziiZertxnHAYo2rVYXDw9YReHqyyZuO-XlsfMJHxkEIK7XNDbS95A6rUtevr0sSt6q6Qz-D3XgmvxXZFRT_Lh2DiiPj7xo5GkSyC7u7dvPtKhASk3XhswtaTUKvG-d32vMbFg2xDDS6gnQWLS_3CJ2869m9kyDyOyXBGxEAmo3iib7tCkfcpgplUYZeUqzxV-Sa3z-nQsBpGnuu66LRguV0JJqfuATaqLCwOxn_Ce52WYHZ5jO2pmLRJjIRLTrFbOV7zdQbs-JCTL6fzsTp7cAcj8TnhWxRiIebrkg&__tn__=EEHH-R","https://scontent.fdac5-1.fna.fbcdn.net/v/t1.0-0/p526x296/58441936_2176927052414977_6967333949441835008_o.jpg?_nc_cat=109&_nc_ohc=Wan9YtluAK0AX-Qa1vs&_nc_ht=scontent.fdac5-1.fna&_nc_tp=1&oh=51e0be449bc40a24d8abfd1bba93596f&oe=5E8E8AB1","undefined","",""
"https://www.facebook.com/22235247gold/posts/2312930125481335","1562205352","惜福香蕉🍌與街友分享

 現在還是有許多人過著有一餐沒一餐的生活⋯

 帶著孩子及團隊至龍山寺，
與街友分享惜福香蕉，
順便給孩子機會教育，
要孩子們隨時抱著感恩的心，
懂得惜福，珍惜食物，
有能力時更要回饋社會。

 惜福香蕉，外觀比較差一點，
但吃起來一樣新鮮好吃。","1579004780","/22235247gold/photos/a.344071289033905/2312929558814725/?type=3&eid=ARA27lqW4A-4LwcT5jdzR044l9JCd9ztxt2T7ovW9a7X2tlvgwFFfWPB3ese7c_8zxLoGK_WSWcFyLCe&__xts__%5B0%5D=68.ARBCzOZfkGyqVWAlIii6FpRRPzIkqHd7NLlLwm6Bu5hZOvsj_grvLTdEf0BnuuasNOy5oSx-gzvFMipIYr7zIg2ZEVQ0Imqkc1OSA68ym31VG8FKfYjmargdfDPVZ8MQVifSKHMo136wc4ECTdGAn3gBzjcdiao69GaWE29GStX6a_HuIzDn8v0suw7cPUBN8vW-jF7zZB8feDdsEh5wlU52qZoHs-yLNNA2EePf5-KhCE66lZR39rVjsU-JzlmDQm3fRopTsIyu9ym6zUW_uj-lsZHGzNEh6ApomNn2JTPqIQORuwm9qVWE-FoulTWjq-ZH-CQ1YYfSyG4tVmZofh54jA&__tn__=EEHH-R","https://scontent-sin6-1.xx.fbcdn.net/v/t1.0-0/p526x296/61501804_2312929565481391_857961000601649152_o.jpg?_nc_cat=100&_nc_ohc=Nls_afRE4UAAX_FJ4e4&_nc_ht=scontent-sin6-1.xx&_nc_tp=1&oh=5edfe312f7bda7454f29e2c9c5c51d59&oe=5E96A4D0","undefined","",""
"https://www.facebook.com/22235247gold/posts/1683603028414051","1527836575","是誰??偷走蕉農的心血...
是誰??讓香蕉價格崩盤...
大家一起「蕉」朋友
力挺我們的蕉農....................

 #台灣的水果真是棒","1569662926","undefined","undefined","undefined","undefined","undefined"
"https://www.facebook.com/22235247gold/posts/1917644358343249","[Error]: TypeError: Cannot read property 'attribs' of undefined","","1578292840","undefined","undefined","undefined","undefined","undefined"
"https://www.facebook.com/22235247gold/posts/1906787182762300","1541048754","感恩！

 侯友宜➕金瑞龍➕陳美華
聯合服務處成立【感恩茶會】
誠摯邀請您來參加！

 時間：11月11日（星期日）下午3：36
地點：新北市中和區莒光路11號
電話：（02）2223-5247

 感謝您一路的支持與陪伴，
我會盡最大的努力，
把每一件事做好、做對。

 感謝，一路相挺的各位，
在關鍵的最後一哩路，請您做【金瑞龍】的📣放送頭，為我拉票、催票、顧票，讓我有機會為您服務。🙇‍♂️🙇‍♂️🙇‍♂️

 有您的支持和疼惜，我才能奮力挺進議會。
每一個你，都是重要的力量。💪💪💪","1569662926","undefined","undefined","undefined","undefined","undefined"
"https://www.facebook.com/22235247gold/posts/1891374684303550","1540135736","普悠瑪列車下午發生嚴重事故，
讓我們一起【為傷者祈福。為亡者默哀】

 謝謝所有的救難、醫護人員，
盼救援工作平安順利。
由於傷者眾多，血液安全量原本就已不足，
請大家挽起袖子捐出熱血。","1569662926","undefined","undefined","undefined","undefined","undefined"
"https://www.facebook.com/22235247gold/posts/1649930528447968","1525071497","一年一度幸福熱鬧、溫馨和諧的花園廣場社區
跳蚤市場熱烈開鑼!
感謝管理委員會吳主委及各委員辛勞的規劃，謝謝您們
謝謝全體住戶參與跳蚤市場，此起彼落的叫賣聲及精美的物件，真的讓瑞龍忍不住掏腰包消費
此外，感謝積穗國中管弦樂團，帶來悅耳動聽的音符，讓心靈獲得平靜與感動，而這些孩子未來有無限的可能。
感謝東德宮謝主委、慈濟功德會眾師兄姐，熱請參與!
#中和真棒
#中和花園廣場
#中和東德宮
#慈濟功德會
#有金ㄟ，真好","1569662926","undefined","undefined","undefined","undefined","undefined"
"https://www.facebook.com/22235247gold/posts/1828924997215186","1535938008","國家危難，他們力挽狂瀾保家衛國。
家園有難，他們第一時間走入災區。
謝謝您們默默的付出，讓人民的生活感到安心！

 今天是九三軍人節
辛苦了！我們的國軍英雄","1569662926","undefined","undefined","undefined","undefined","undefined"
"https://www.facebook.com/22235247gold/posts/2123158564458493","1553232368","再進步的城市裡，
總還是有被忽視的角落。

 在這些髒亂的區域，
更需要付出耐心與堅持來進行清理。

 #謝謝清潔隊","1579004776","/22235247gold/photos/pcb.2123158564458493/2123158014458548/?type=3&__tn__=HH-R&eid=ARBbCtso3GCOYZqFlvfwCWNYYqgc-ixrcivcieRJHjpKP3YKfWnv0G-5QfmoTYPlXMaSFXjZ4PSDjao7&__xts__%5B0%5D=68.ARA8Fzz_1sY2fQaf0PJmCyDQKNaRzNNcXu1VDbpMMbRJsx4poB-vW5f_tkb8q_Y_4KA-eou5duU2a4rN77py5RzGKOltg-eha6SgNQLVK5X0w4jHsKTuNqfs7BS1ttDrssAoM_GMKFd6vVqeyBpTbx-7PjnDsuGc5Z9f__BC48RDCKO4Z0O_SBDi6hdm05ixaTHb6l6_sK5gbXHnK7vaunpBpdd7thmpumInpbf-APrCYu1lW-xkUl8G5h9g7YCQd3Rx_EieLktELg59NCGG4IPyH5wxkjeNju8cgo037Mn0goyOkuDLVoC8rTEc5Gxu1f7g8mJrTc8JUxbX2ZOUqwCyUg","https://scontent-sin2-2.xx.fbcdn.net/v/t1.0-0/p526x296/54279115_2123158021125214_5967494300559212544_o.jpg?_nc_cat=105&_nc_oc=AQnylcGqwI5SXx8nSfO6ifb1_X_kuLxfvxobPlRbtarnrT9aZW3P2FoEJK11Rx63TJw&_nc_ht=scontent-sin2-2.xx&_nc_tp=1&oh=32a67e3dac95589ff9076df15b3e5ba6&oe=5E91CA05","undefined","",""
"https://www.facebook.com/22235247gold/posts/2407067809400899","1566520468","減擔…

 單身青年及婚育家庭請注意，108年9月2日起開辦單身青年、新婚家庭、育有未成年子女家庭租金補貼，以協助減輕租屋負擔。

 符合資格者，新北市租金補貼最高4000元。

 民眾若要申請，可親臨或郵寄資料到租賃地的市政府申請。

 申請時間：108/9/2～108/9/27

 #單身青年及婚育租金補貼 申請表格及相關說明
https://www.planning.ntpc.gov.tw/home.jsp…","1579004774","/22235247gold/photos/a.344071289033905/2407065816067765/?type=3&eid=ARAKCxSVGhhrcR8t2Rl87OZ6eH9VkWa-3hZ5q3Du5Csksoz_TOATX-5wiJOKeqbvXlTBAYaJrSq1YXkE&__xts__%5B0%5D=68.ARBP3vVnIbEDuGa438GDaGoBEFV0Jr8bdvRYURefQpBxrdWNo2hr_wUq1uuBoKDqFHiHt8QLg4HLuI9IO84wCbyLf7MnHI3yBiESdpHdELStoelPldbNphC5mk3tWgm9olz3zuIR4njAEeIyOFH3T4wcMgSLtosthifuTPYdioy9WCrlA-T9ns5hxYi4ANbp5vH5prOmd1BGu7yIyvAuPWJ8D_PiK1oslUt331rd9mAfoXqmMboXjQn5r7T6_pKlyy2_zSElys0CtauwgJqLlTsThjErL8epVWXfhitt52Cul6N_Y9aS4ySHGR77hdCNuWqDJvKjqchsz2wse2rvlWA0hw&__tn__=EHH-R","https://scontent-amt2-1.xx.fbcdn.net/v/t1.0-0/p526x296/69071204_2407065822734431_7058761480912502784_o.jpg?_nc_cat=102&_nc_ohc=W679otKlQEYAQmqZu9WIhPJI2asWVtNeq5pImHSdeKF3SiS5rgsxNFLew&_nc_ht=scontent-amt2-1.xx&_nc_tp=1&oh=33fd741fad5d676dac97ecf1070c9ef1&oe=5E9393CC","undefined","",""
"https://www.facebook.com/22235247gold/posts/1705780926196261","1529373784","政府預計放寬男同志與吸毒者捐血⋯

 我想這勢必引發民眾的恐慌及疑慮…….
因為血液一旦受到病毒感染，卻是麻煩的事…
但是…我們國家的衛福部，卻是在無法有效降低愛滋病感染，且不能保證核酸檢測法百分百有效的狀況下，未經臺灣民眾同意，且未送立法院三讀通過，就以「行政命令」開放吸毒者及男性同性戀者有條件捐血，讓全國人民陷入病毒輸血的恐慌……
捐血救人是何等的大事，怎可以如此輕率的提議

 挽袖捐血，是希望自己的熱情， 可以提供給需要幫助的人。但受贈者也希望會得到一個健康的血源，所以血液的嚴格篩選跟限制是非常重要的關鍵…

 聽聽看，他們怎麼說，歡迎進入瑞龍的官方網站
(引述相關媒體報導)
http://www.gldd.com.tw/blood.html

 請各位勇於表達自已的意見
#反對 放寬者請留言+1","1569662926","undefined","undefined","undefined","undefined","undefined"
"https://www.facebook.com/22235247gold/posts/1934359380005080","1542847421","急❗️❗️❗️【 ①金瑞龍 選情告急】

 倒數48小時，我需要借助您的力量。

 金瑞龍還在奮戰❗️❗️❗️
懇請，全力搶救①金瑞龍❗️❗️❗️
拜託🙏！感謝🙇‍♂️！

 這場選戰，我堅持正向，
11/24，讓乾淨選舉贏得勝利！

 #幫1號金瑞龍再多拉一票
#集中選票不分票不配票
#堅定支持1號","1578292847","/22235247gold/photos/a.505006992940333/1934362826671402/?type=3&eid=ARCWDYeX1DE5evoEKtXfdVPXO3ihkxEiAL0FI4DK3KnRUxGh_D2tQT-nh65nQWcrDhNR_tu2AUhk8KJh&__xts__%5B0%5D=68.ARDTwCcZYKwVaRI_V-MqChhrYv7rwrs3SGfMvN7TVdejSpHiufcMyONiV_sxOIOjJQz_KjsAqt5-1cOHGo5tEBU9WYv-fAsZLNGLADhK0m586xQt_7hQFC662WIKo7et_l1t6pNDZ5OqAnXQNn6Ix7Mdhw8EXeHzswKN_8LIQfZtF5HNBsKrDtyRF2PIiYT35HMOPPPejcbbk9MvjGRKM7EFH_ckCMwPm2Ym85LeC7qWBAbGDHR7l_FahhhXvjOjOVg_nILVBPI_VWZdwnlea7Q94v9jOCjjfO1j5Un2iiWLRbAJOrAeKJElGFiE5Y506_TkBZqLkWuVr_tFpZmve13xWg&__tn__=EEHH-R","https://scontent.frix2-1.fna.fbcdn.net/v/t1.0-9/s720x720/46650544_1934362830004735_8000711237002330112_n.jpg?_nc_cat=110&_nc_ohc=B58aD5s2PxwAQnvbfLWpDOcSbaXgS9a5eN-4IaNZGKp0LcYtklZnY67MA&_nc_ht=scontent.frix2-1.fna&oh=9d416984127651f15c7f00bf18aac471&oe=5EB23F5B","undefined","",""
"https://www.facebook.com/22235247gold/posts/1824082974366055","1535614826","侯友宜X金瑞龍
正式登記參選！💪💪💪

 為新北市未來努力衝刺。

 #倒數86天","1569662927","undefined","undefined","undefined","undefined","undefined"
"https://www.facebook.com/22235247gold/posts/1846559965451689","1537145760","中和，屋齡30～50年的老屋，有90753棟，居新北第一。

 五層樓以下老舊建築物多無設置電梯，對於行動不便的長輩，三十幾坪的家，就是老人家的生活圈。

 危險老舊的建築物，需要防災型的都更，提高建築物耐震度，藉由更新的建築退縮空間，提升消防救災效率及改變城市景觀。

 都更賦予城市新生命，讓長輩活躍，高齡友善城市再造，都更讓城市永續發展，社會創新。

 回饋空間作為公共托育、托老、社會住宅、運動中心。

 【金瑞龍政見】
#提高容積獎勵
#加速都市更新","1569662927","undefined","undefined","undefined","undefined","undefined"
"https://www.facebook.com/22235247gold/posts/1836329553141397","1536458991","早安☀️今天是體育節！

 📣新北市的12座國民運動中心
會 #免費 開放體適能中心🤸‍♀️
及游泳館🏊‍♀️供民眾使用喔！

 #體育節
#國民運動中心","1569662927","undefined","undefined","undefined","undefined","undefined"
"https://www.facebook.com/22235247gold/posts/1698605976913756","1528941322","暴雨要來了!!
請各位市民好朋友
要慎防梅雨季帶來的雨量之外
更要注意颱風形成後
挾帶過境台灣的瞬間降雨量
注意門窗、排水(孔)溝等處
避免積水，造成損害
行車外出更要小心路況喔……..

 (引用中央氣象局資料)
https://tw.news.yahoo.com/weather/

 #慎防豪雨
#清理排水孔","1569662927","undefined","undefined","undefined","undefined","undefined"
"https://www.facebook.com/22235247gold/posts/1828890017218684","1535935001","有多久沒看到星星了？

 光害及空氣污染，讓星空消失了，
小時候，夜晚仰望天空，
總能看到許多星星，玩著數星星遊戲。

 近幾年台灣過敏兒人數快速成長，
平均每2～3人就有一人過敏，
空污是兒童過敏的禍首。

 當全世界都在減煤，
世界各國都在走向乾淨能源的目標，
而政府卻要興建高污染的燃煤電廠，
燃煤發電會增加更多排碳，加據極端氣候。

 為了捍衛市民健康與生態，
金瑞龍堅決反對興建深澳燃煤電廠，
絕對不能犧牲市民健康用肺換電。

 請和我一起努力，
留給下一代乾淨與永續的未來，
讓我們把星星找回來。

 【金瑞龍政見】
#拒絕興建新北深澳燃煤電廠","1569662927","undefined","undefined","undefined","undefined","undefined"
"https://www.facebook.com/22235247gold/posts/2106671136107236","[Error]: TypeError: Cannot read property 'attribs' of undefined","","1578292845","undefined","undefined","undefined","undefined","undefined"
"https://www.facebook.com/22235247gold/posts/1884247498349602","1539655968","我是金來福🐶
聽爸爸說距11月24日只剩39天。

 爸爸每天都很努力。
爸爸說：我們沒有背景，更要加倍努力。

 爸爸很疼我、很照顧我，
我也想幫忙，我想幫爸爸分擔一些。

 我想拜託你【加我爸爸的Line】
成為爸爸的好友，幫爸爸加油、打氣。

 加Line很簡單，
只要點選下方連結，開啟Line程式，
加入好友，就完成囉！☺️
https://line.me/R/ti/p/%40zkw5995y

 #爸爸加油","1569662927","undefined","undefined","undefined","undefined","undefined"
"https://www.facebook.com/22235247gold/posts/1942524055855279","1543366150","這個星期，與團隊持續謝票中⋯

 這段時間以來，有干擾到的地方，很抱歉🙇‍♂️
感謝大家的支持與牽成，讓我有機會為大家服務，每張票的託付，我會銘記在心。

 恭喜女鵝，瘦了6公斤，變得更可愛了。
選戰期間，女鵝總是把自己一個人當三個人在用，辛苦了！","1578292840","/22235247gold/photos/a.505006992940333/1942523635855321/?type=3&eid=ARAO9SmsEhyVrbt8KfmgX8XNv59iHNMCd5RUoazU3QKuku019pLhVYnV0kyLZZwVGal99X-qkoL5KsMX&__xts__%5B0%5D=68.ARD6fNX0Ia6hl2OzmAlsWYkZDNwVM1eAVM_ZGRjXW6mLvfzbT61U3gGY0hp2BXPwwBmooACYmuseKA9guchmz0AQ5cdnuWPI7dZPG7lo_fjHJue1GuDltPqkW3i32ZS54MtqMh96xtH1IKMUZHlN3IOMp7BmbGTMaWFYWFykIThYsezzVSbnx0QOQZj-XC15F241adNbjmR2Dzam-aN4YqdJFYUnu4SdG3YlnxfP3MDQE2kHDgGRGdUE2v3fkqdcaM8tGVlA72FGhVKzvwOqiV6shZRPEXcno3I0R6w9xH9mqZafQLvE3Mj6m9EPGcnef60v53XSxMmslP5-GcHaBm8plw&__tn__=EEHH-R","https://scontent-cdt1-1.xx.fbcdn.net/v/t1.0-0/p526x296/47192916_1942523639188654_3577599404133056512_n.jpg?_nc_cat=101&_nc_ohc=XfXmGDY34FIAQmkv_IA-Km3FCnWQUm9WrhPzyURJRl5ZDdP5fLsrw2HXw&_nc_ht=scontent-cdt1-1.xx&oh=1fb3bc785466163def30305c85cbffbc&oe=5E97DC73","undefined","",""
"https://www.facebook.com/22235247gold/posts/2161180733989609","1555289811","潑水祈福
潑水節是泰語民族和東南亞地區最盛大的傳統節日，
昨日在華新街大家用純淨的清水相互潑灑，
祈求洗去過去一年的不順，
新的一年重新出發。

 明日本屆的定期會即將開議，
如何振興商圈讓大家發財，
是我近期關注的重點，
同時也會提案加強府會合作，
讓傳統市場及商圈再現風華，
迎來新商機與人潮！","1579004784","/22235247gold/photos/a.344071289033905/2161180603989622/?type=3&eid=ARBQ0cEFmWXmGX9bTMSONPd3MB7SEwzrsPmHFFL3TrxHjI0BHqHIYV8qnGdlHM_vzZY5JhNvS-9lElrN&__xts__%5B0%5D=68.ARCwIuDZkUCV7dL8s4GcLIQqzjusRlYAD7vq24wKRPN2PQrC3JpNDljpCavrlvhZ_Jd5iQGQyOVzcx96A_CQIRZqGMnJqnfVVnbweDM--5TpBgSBjp1Sj3viLsY0omydrOcfy7PRf7qbOg5udb72LCAlt89VioQW_qbtecWqMDuSgr04UVkqScYcet7-axi9qZd2OfF9yo-2NQoZk-8Fd_Os6IhsVsL1PmA8P3GfdW8JNZ3VR0yjzP5i7Vx_ShMSmDgsR35nddfHxxSKagMPv_5JeYr-nPDSiJpT2elsejkkZIshq-U60CsqyUr2BUYGFn1E2YnrXNiLln-gRHX4iU9xuw&__tn__=EHH-R","https://scontent-sin6-1.xx.fbcdn.net/v/t1.0-0/p526x296/57239094_2161180607322955_4108065699555966976_o.jpg?_nc_cat=105&_nc_ohc=NhwhnUsQH7wAX-_SF2y&_nc_ht=scontent-sin6-1.xx&_nc_tp=1&oh=f241d79ba7e13da621b5af276893288d&oe=5E915C91","undefined","",""
"https://www.facebook.com/22235247gold/posts/1885421841565501","1539736446","因為有你們的付出，
才有現在的我們。

 感謝每一位長者。

 九九重陽節快樂！","1569662927","undefined","undefined","undefined","undefined","undefined"
"https://www.facebook.com/22235247gold/posts/2291165624324452","1561339699","很多爸媽反映公托、公幼難中籤的問題，
目前請市府持續與各校校長溝通，
希望能盤點清出閒置的空間，
增設公托、公幼，
讓更多家長能受惠。

 雙薪家庭已經是社會的主流，
平價、優質的托育環境
對於年輕的夫妻非常重要。

 目前新北市已有超過100家幼兒園，
完成參與準公托簽約，
每月僅需4500元。

 歡迎品質很好的私幼，
加入準公共幼兒園的行列，
結合公、私資源協力合辦，
提供更多的教保服務。","1579004780","/22235247gold/photos/a.505006992940333/2291164087657939/?type=3&eid=ARAJqAAU3RGhpooqG0EcRXwD1e9qKhgo4ZpXSZ8VlLLxNdeZpwVNq9VY0yvWjPdp5JIjbsGhr0xUGlAT&__xts__%5B0%5D=68.ARCGrcZOFvrfJQ7ckhCU-uvxyIWJwJbiyrbJcdxBVnf0YPqMBT-UbWWRMCuS3_4VmWsc9LgtnxBT3yRHy7GmO8EvuisG1_fLwPNA-LJ1i1DLhCvRZ8qNtCxTSXAsQkKoLt2JhLiGyUDbsf8IsiHlbyVwWk8vxQhzE9tisV6v4kX7TIT-M5iIO4-NIoyqNDMP5K4BhB3SaKPv9j9We-K2pwgouhWS5cxUJW0tiwOY5ZKI2T3iLRHWLSrQ2lkF_VjByr2bYKT-ZWkBBA8Kow61vzn3WL6dX5o1SxBj8V5fEG9YD6k4hgEQ5xXQ6toB2hrRJkg_1sMnAPexbNZzkkMVMOc2BA&__tn__=EEHH-R","https://scontent.fcgk13-1.fna.fbcdn.net/v/t1.0-0/p526x296/65153502_2291164090991272_4985843692146262016_n.jpg?_nc_cat=101&_nc_ohc=euhhmzR8PewAX89AnUi&_nc_ht=scontent.fcgk13-1.fna&_nc_tp=1&oh=5bd14ec71659ca33c9a1bae468c74835&oe=5E96EF72","undefined","",""
"https://www.facebook.com/22235247gold/posts/1932612593513092","[Error]: TypeError: Cannot read property 'attribs' of undefined","","1578292839","undefined","undefined","undefined","undefined","undefined"
"https://www.facebook.com/22235247gold/posts/1813741968733489","1535012029","","1569662928","undefined","undefined","undefined","undefined","undefined"
"https://www.facebook.com/22235247gold/posts/1745505188890501","1531527223","大家瘋世足，誰是神預測?
冠軍獎盃誰拿走?
精彩賽事，吸睛指數破表……0.0

 🏆07/15 23：00 
⚽️法國 vs 克羅埃西亞⚽️

 #世足賽
#法國Vs克羅埃西亞
#大力神冠軍盃","1569662928","undefined","undefined","undefined","undefined","undefined"
"https://www.facebook.com/22235247gold/posts/1865189356922083","1538449513","台灣已邁入高齡社會，完整的銀髮族照護系統，是政府過去二十年來應該做的事。

 台灣老化的速度相當嚴重，
距離超高齡社會，僅剩8年的時間。
老化的社會，將加重青壯年照顧及扶養的負擔。

 落實長照社區化，建構完善的銀髮族照護系統是我的政見之一，依照不同老人的需求，建構不同的照顧體系，提供完整社區型的照顧，讓老人與家人共同生活在熟悉的社區。

 希望我的努力，未來可以減輕照顧者的負擔，讓銀髮族可以快樂、活躍、尊嚴的生活。

 【金瑞龍政見】
#落實長照社區化
#建構完善的銀髮族照護系統","1569662928","undefined","undefined","undefined","undefined","undefined"
"https://www.facebook.com/22235247gold/posts/1856863081088044","1537840977","日前一位三歲新竹小男童疑似遭到父親和同居人的虐待，赤裸被綁在陽台，撿排泄物吃，全身瘀青，整個暴瘦。

 新北市2017年共接獲兒少保護案件1萬467件，其中3880人約4成6受到家中成員施暴。

 因為年紀小，受虐兒無法表達遭遇，
且傷害者為最親近的人，
成為最弱勢的被害人。

 希望大家能多關心隔壁鄰居及小孩，
如果發現有怪怪的情況，
能幫忙撥打113專線，
成為兒少保護的重要防線。

 打造友善兒童城市是我的政見之一，
希望為小朋友創造快樂友善的童年，
建構孩子幸福安全的城市。

 #友善兒童城市","1569662928","undefined","undefined","undefined","undefined","undefined"
"https://www.facebook.com/22235247gold/posts/1722231807884506","1530259177","金瑞龍爭取 打造首座親子館

 
新北市政府推行「新北綠家園」專案計畫，從2011年至今年1月已規畫逾280處、面積超過180公頃的簡易綠美化。新北市議員參選人金瑞龍表示，除了簡易綠美化外，新北市長期欠缺以「親子」為主題的室內休憩空間，未來將爭取打造新北首座親子館...............

 請進入詳閱相關報導(引用中時電子報、記者葉書宏)
http://www.gldd.com.tw/yes.html

 #親子館","1569662928","undefined","undefined","undefined","undefined","undefined"
"https://www.facebook.com/22235247gold/posts/2015872795187071","[Error]: TypeError: Cannot read property 'attribs' of undefined","","1578292833","undefined","undefined","undefined","undefined","undefined"
"https://www.facebook.com/22235247gold/posts/1728890490551971","1530604089","我，童心未泯
早上跑去員山公園，體驗長溜滑梯的速度感
相信這次的體驗，有助於我爭取未來親子館的遊樂設施的想法及構思

 #兒童福利
#彩繪溜滑梯
#超長溜滑梯","1569662928","undefined","undefined","undefined","undefined","undefined"
"https://www.facebook.com/22235247gold/posts/1819487138158972","1535330127","早安！

 未來三天受到低壓帶及西南氣流影響，
南部地區會有大豪雨，
南部地區的朋友一定要注意安全。

 北部地區的朋友記得打個電話
關心南部地區的親朋好友喔！

 據農委會統計至26日下午5時為止，
農業產物損失估計達5億6311萬，
尤其以嘉義縣損失最為嚴重。

 這些都是農民、漁民的心血，
看到這些災損數字，讓人心情沈重⋯","1569662928","undefined","undefined","undefined","undefined","undefined"
"https://www.facebook.com/22235247gold/posts/1647798581994496","1524894335","市民的健康，對我而言比什麼都重要。

 我從不反對興建電廠，
但反對興建高污染的深澳『燃煤』電廠，
民眾的健康勝過一切⋯⋯
國際普遍認為燃煤電廠是環境及健康的殺手，
減煤是世界的潮流，
盼政府用更嚴謹的態度面對能源政策，
人民的健康絕對不能犧牲。

 電力吃緊的當下，請大家共體時艱，
#全民一起來節電
家庭日省1度電，每年約可省下30億度電。
隨手關燈，每日可節電1.2度。

 更多深澳電廠公聽會內容⬇️
http://www.gldd.com.tw/power.html","1569662929","undefined","undefined","undefined","undefined","undefined"
"https://www.facebook.com/22235247gold/posts/1888109927963359","1539918479","11/24 投票日，懇請支持 ①【金瑞龍】！

 在關鍵的最後一哩路，請您做【金瑞龍】的📣放送頭，為我拉票、催票、顧票，讓我有機會為您服務。🙇‍♂️🙇‍♂️🙇‍♂️

 有您的支持和疼惜，我才能奮力挺進議會。每一個你，都是重要的力量。💪💪💪

 改變政治，需要你的參與。
你手中的一票，將實現世代公平與正義。

 ①金瑞龍","1569662929","undefined","undefined","undefined","undefined","undefined"
"https://www.facebook.com/22235247gold/posts/1676961065744914","1527300250","凝視遠方，走出新希望、走出新方向
我走入校園學習
我與年輕世代對話
我看見未來的需求
我知道你的需要
相信我、選擇我，大家好
我是金瑞龍

 #謝謝老師教導
#老師您辛苦了","1569662929","undefined","undefined","undefined","undefined","undefined"
"https://www.facebook.com/22235247gold/posts/1679146992192988","1527471758","浴佛節，又名四月八、佛誕節、龍華會、灌佛會等，是紀念佛教創始人釋迦牟尼誕生的佛教儀式節日，是佛教傳入中國後興起的宗教節日。公元前623年，佛祖誕生在北印度，有天上九龍吐出香水爲太子洗浴，因此典故，便有了慶祝的重要内容之一：以香水沐浴佛身。所以，浴佛節又名佛誕節........
增長智慧，查看浴佛節的由來喔!歡迎進入瑞龍的官方網站
http://www.gldd.com.tw/kkk.html

 #祈求父母親身體健康
#社會祥和
#安居樂業","1569662929","undefined","undefined","undefined","undefined","undefined"
"https://www.facebook.com/22235247gold/posts/2252341121540236","1559785503","又到了端午節，
距離就任本屆議員也近半年，
這段時間裡，
許多鄉親反映了不少的問題，
除了反映給市府單位研議改正外，
也希望能實實在在的解決鄉親們的困擾。

 未來更將以踏實的態度，
履行做為國民議員的承諾，
成為民眾與市府間的橋梁，
讓市府的施政能更符合民眾的期待。

 #端午節快樂","1579004780","/22235247gold/photos/a.505006992940333/2252340261540322/?type=3&eid=ARCMjpXFgK5QQGTrTrRdyewSz5mbwTxRqWzFj68wvfTkaQEmrSEpAYbDayMn5ktec_RQA_wFEK6T9Kit&__xts__%5B0%5D=68.ARC2B0eC7aRwU3NqHEATETrrnvOgGcDxo5lIFt7E5E7Kz-XdnRrVi5AGTEDTPKq4TzOO0zXYBggsiJ2nWIz4N7FqgBsWBV65wK2KxTHhs5O4PMl-AOywFq1PIPVOCokkVjnHdXc8wG7aki7DdiZCJtTezPTJYTtr5Uh2m8D4KDAptVnbDfeJ9OGsONwMjjnZL6muoq5cz0h4bZXbkNGtWC00PZlVIXfrJABPXI7-VVqTZr7ZWg330w5j8I1IxQ6Xq49de6r_zdt0Rc8n4gSU_G8B-KzV6T3B429pfRNTRuZ8leBcV3PI-T2IBGNLw3kT5e-eevCazL7e45LvNlUTt9fN1w&__tn__=EEHH-R","https://scontent-sin2-1.xx.fbcdn.net/v/t1.0-0/p526x296/61932577_2252340264873655_5217988873518317568_n.jpg?_nc_cat=105&_nc_ohc=4rVw45svEycAX_o9loO&_nc_ht=scontent-sin2-1.xx&_nc_tp=1&oh=9d0aa2f2578af601754ba8e70906368d&oe=5E8F260B","undefined","",""
"https://www.facebook.com/22235247gold/posts/1673941889380165","1527043813","今年您健康檢查了嗎?

 感謝醫療團隊提供健康檢查服務項目:
歡迎45至69歲小姐女士，實施乳房攝影、子宮頸抹片、抽血檢驗及四大癌症免費篩檢(乳癌、大腸直腸癌、子宮頸癌、口腔癌)。

 #醫療人員辛苦了
#醫療居家服務
#11月24日懇請支持 #金瑞龍 #選友宜","1569662929","undefined","undefined","undefined","undefined","undefined"
"https://www.facebook.com/22235247gold/posts/1711178538989833","1529663925","長期關注「老人安養、醫護」議題的瑞龍，堅持督促自己完成目標。
目前，我們已經進入高齡化社會人口結構，而老人安養醫護問題將逐漸一一浮現眼前，我們不能輕視這個問題，因為我們也會老。
照顧長者、陪伴長者，提供優質的生活環境，是永續性的規劃。此次陪伴智慧長者話家常、為老人家服務、握住雙手傾聽心聲，瑞龍感到溫暖。
而陪伴老人家用餐，這滋味是無可取代的幸福。

 #老人共餐","1569662929","undefined","undefined","undefined","undefined","undefined"
"https://www.facebook.com/22235247gold/posts/1682291948545159","[Error]: TypeError: Cannot read property 'attribs' of undefined","","1569662929","undefined","undefined","undefined","undefined","undefined"
"https://www.facebook.com/22235247gold/posts/1974652209309130","1545354708","省該省的，花該花的！

 市府預算書已送達服務處。

 納稅人的辛苦錢，
經費必須用在刀口上，
#讓預算用在人民身上。

 新北市政府3年平均自有財源占歲入比例為79.59%，並自100年的67.88%成長至106年的81.92%，呈現逐年上升的趨勢。

 
106年六都決算資料，新北市政府人均負債3.40萬元，相較高雄市8.38萬、台北市7.14萬、台中市4.30萬、台南市3.46萬、桃園市1.03萬，新北市人均負債為六都第二低。","1578292836","/22235247gold/photos/a.505006992940333/1974651689309182/?type=3&eid=ARB2igaZ1zxW7VNVH5PUPOq8pSWpNnzWtpuxWlfby6Oqo3KIGoiDSm8GBx0SQ2J2ufmm3oal2193izUv&__xts__%5B0%5D=68.ARAtUkt6zNErCq5W-7TP3CyKo84K82dK2hKoavX2CcMZ4wjK2gX-_OnrvuuwFU4foT23GAi-_3cmBHFbSghM-ZT-xBaEzr3iFSqjY17hEbPHAPSQN8sldoLrlds2dz-Gmyt0V9lQjbfkXNT4fT1f_0hH_N4XpBLJSv8r34lOFqIS2mY1N5vTJx8JSw0gWj88R7cYQ4eVuGCEHV-1VZ7NVlGRvIFZIYti5eBEOT5yAJuIL_fGLrkEeuebc7NruL5Bn-VOHQ0RwWHdxMHTIkCNK4G_zndV1ynhzgjijfMH9mt-f2U6IY-mgmwv2BaWgw_tDGEvvRMBLK2UhIKiXBbk_Et3gQ&__tn__=EHH-R","https://scontent.flwo3-1.fna.fbcdn.net/v/t1.0-0/p526x296/48378949_1974651692642515_6193989534057758720_n.jpg?_nc_cat=108&_nc_oc=AQkxk-4E0eJg1aT5bWYwWsM8491Lmppz6WSstDpe5yTICv_g4gW07ZZZPxeV51RkOO4&_nc_ht=scontent.flwo3-1.fna&oh=3de399e85c9fda09fd77a57b4b282a4b&oe=5E9E2D8A","undefined","",""
"https://www.facebook.com/22235247gold/posts/1671787082928979","1526866585","孩子的校園教育、社會教育真的不能再等下去……………….
世界值得探索，但是只要走錯一步
殘忍的事實就是等你去掀開答案

 印尼已經有11名台灣人被判死刑，只因他們做了這件事➡️www.gldd.com.tw/la.html

 #1124選瑞龍 #選友宜
#友宜實現 #瑞龍政見
#懇請支持 #金瑞龍 #侯友宜","1569662929","undefined","undefined","undefined","undefined","undefined"
"https://www.facebook.com/22235247gold/posts/1665397446901276","1526346315","有幾個專業電話號碼，可以解決⋯⋯⋯
我們的即時問題
日常生活中可以備而不用，但是不能不知道喔…....

 緊急事故110
消防火災119
反詐騙165
市民專線1999
長照服務1966
婦幼保護113
國內查號台104
長途查號台105
氣象台166(國語)
氣象台167(台語)
高速公路路況168
報時台117
電話故障台112

 #中和真是棒
#有金ㄟ，真好
#友宜實現 #瑞龍政見
#11月24日懇請支持 #金瑞龍 #侯友宜","1569662929","undefined","undefined","undefined","undefined","undefined"
"https://www.facebook.com/22235247gold/posts/1750092815098405","1531789030","《 面對問題 才能解決問題 》

 台灣面臨內外困境⋯⋯⋯
互推責任並不能解決問題，
正確的態度才是解決問題的良藥。

 認同請分享+1","1569662930","undefined","undefined","undefined","undefined","undefined"
"https://www.facebook.com/22235247gold/posts/1722312067876480","1530264140","107學年度指定科目考試（指考）
即將於7月1日至3日登場
瑞龍提醒:
考生入場應試時，必須攜帶有效證件正本（身分證、附照片健保卡、居留證、護照、駕照之一）應試，避免因違規而被扣減成績。
祝福各位金榜題名、心想事成

 #付出才會傑出","1569662930","undefined","undefined","undefined","undefined","undefined"
"https://www.facebook.com/22235247gold/posts/1913785428729142","1541472414","【金瑞龍政見】#定點臨時托育服務

 臨時有事，小孩沒人照顧，臨時托育解決小家庭的困擾，讓家長可以安心外出，也讓全職父母有喘息的時間。

 —————
好的政策，應該落實在每個人的生活中。
👷‍♂️國民議員①金瑞龍","1578292843","/22235247gold/photos/a.505006992940333/1913784648729220/?type=3&eid=ARD2RHgilXUvfzZll0ZXf2qnxwDW0zltsC7J3KQdVLJr9iIrCQB4Czq-EnbwKvk4NcH6PQWQdwhmxvw1&__xts__%5B0%5D=68.ARDTTacndesalUMrmGBPjN_woCEtW6zqLVayPVJTVhvKHzgnorl4sWDpEqHGF_iNjDYCjSYIu1tN8nCvPHLvocw4DaX5uYnaiRN_SSvGPX6rDVDC3IF-xOTngBqfe3QrFDbxzo87B0jdsO83O4uDhSWYjGreBKDnN0GY6QKeQOPphXqQFRX4yh1LcTvF1p3f2L-W6WM7qKu5-5-9-aeb63UcRt9MjA6NycVMzdb1tAG_O7cbJ0XFeSDFLk7qC7SLJZWH0q43X1ZyDgms4Y4EfOMsp4HK55oa0dutNAz42IDTu2xiURZb5P81PKoQcrPZaHInOu7wrLo6zoFZbWQ3YEsF7Q&__tn__=EHH-R","https://scontent-cdt1-1.xx.fbcdn.net/v/t1.0-0/p526x296/45494965_1913784652062553_339217788348399616_n.jpg?_nc_cat=106&_nc_ohc=AQXNI6-nVR0AQmnQOQ6bXQkhywzuofB_r8H_FejXPOTopEM8x9C_VmMIA&_nc_ht=scontent-cdt1-1.xx&oh=27b1748136007c08829b7916ca6383ef&oe=5EA76270","undefined","",""
"https://www.facebook.com/22235247gold/posts/1895583590549326","1540430566","早安☀️
今天是清潔隊員節，向環保英雄致敬。
感謝清潔隊員辛勞的維持市容與環境。

 一生中能把一件事，
堅持做好做滿就是了不起！

 #清潔隊員節快樂！","1569662930","undefined","undefined","undefined","undefined","undefined"
"https://www.facebook.com/22235247gold/posts/1813727752068244","1535011901","","1569662930","undefined","undefined","undefined","undefined","undefined"
"https://www.facebook.com/22235247gold/posts/1651748874932800","1525222103","中和10電箱霸道 寸步難行
金瑞龍表示，曾成功爭取過將中和區中山路三段附近的人行道電箱，移至道路中央分隔島，他認為，道路分隔島中央若有位置，就應該優先規畫移置，才能保障民眾無障礙空間，不然民眾與車爭道危險備增，至於較小的道路或是集合住宅區域就該尋覓空曠區域放置.................
(引用中時電子報，葉書宏記者撰文)

 聽聽看，他們怎麼說，歡迎進入瑞龍的官方網站
http://www.gldd.com.tw/pow.html

 #中和真是棒
#有金ㄟ，真好
#需要無障礙行走空間
#懇請支持 #金瑞龍 #侯友宜","1569662930","undefined","undefined","undefined","undefined","undefined"
"https://www.facebook.com/22235247gold/posts/1671803929593961","1526867830","您好，我是金瑞龍。
歡迎您，加入我的LINE@官方帳號，這裡將會成為我們的專屬聊天室，我將不定期地與您分享訊息，懇請您不吝給我指教及建議！
誠摯邀請您成為我的好友
LINE@官方帳號
https://line.me/R/ti/p/%40zkw5995y
請追蹤我的Instagram：https://www.instagram.com/gold0222235247/
請分享及按讚我的Facebook：https://www.facebook.com/22235247gold/
請進入瑞龍的官方網站：https://www.gldd.com.tw/about-jinrui-long.html","1569662930","undefined","undefined","undefined","undefined","undefined"
"https://www.facebook.com/22235247gold/posts/2166114683496214","[Error]: TypeError: Cannot read property 'attribs' of undefined","","1579004776","undefined","undefined","undefined","undefined","undefined"
"https://www.facebook.com/22235247gold/posts/1659217217519299","1525849473","有一個月份是慈愛母親專屬的月份
幸福的五月天、溫馨的五月天

 有一種花朵是襯托慈祥母親的花朵
綻放的康乃馨、優雅的康乃馨

 有多久，沒有跟媽媽撒嬌了.......
讓我們一起輕撫母親臉龐，牽起媽媽的雙手
依偎在媽媽的胸懷裡，享受最溫暖的呵護
大聲說出:
媽媽，我愛妳
阿母，我尬意妳
ㄚ妹，乃哎妳

 瑞龍謹藉一隅，獻上誠摯的祝福之意
祝所有的母親，快樂平安、健康順心","1569662930","undefined","undefined","undefined","undefined","undefined"
"https://www.facebook.com/22235247gold/posts/1832710583503294","1536199876","來福，是我家的一份子，
九年前我從清潔隊手中搶救回來，
來福是個身世坎坷的毛小孩，
曾被棄養了二次，牠是勇敢的狗狗。

 依據行政院農委會106年統計，
新北市家犬數為244290隻，
家貓數為146574隻，
平均每三戶就有一戶養寵物。

 對狗狗而言，
能在草地上盡情的奔跑，就是最好的活動，
但帶毛小孩出門，交通是一大考驗。

 推動寵物友善公車是我的政見之一，
路線規劃觸及新北市寵物公園，
讓毛小孩上車免費乘坐不用裝籠，
飼主可以帶著狗狗快樂出遊，
讓新北市成為動物友善城市。

 【金瑞龍政見】
#打造寵物友善公車","1569662930","undefined","undefined","undefined","undefined","undefined"
"https://www.facebook.com/22235247gold/posts/1732142780226742","1530779929","興建核四廠總預算將近3000億元!
這筆錢，跟隨著燃料棒拆除!!
全民的辛苦納稅錢，也跟著泡湯了!!
3000億元的民脂民膏，如用在老人長照
兒童福利、營養午餐方面，大家是否會有感。
還是輔導國內產業轉型
提升台灣的競爭力呢？？？

 #核四廠
#燃料棒","1569662930","undefined","undefined","undefined","undefined","undefined"
"https://www.facebook.com/22235247gold/posts/1894471220660563","1540350804","【給年輕人機會，就是給台灣機會】

 我很平凡，但我很努力，
過去的年代，只要肯努力就有機會。

 現在的年輕人很努力、很認真，
但對未來感到徬徨，
一出社會可能就要背負學貸，
面臨起薪低、工時長、高物價、高房價。

 年輕人常被說是草莓族，
我不認同，在我的團隊裡就有很多年輕人，
只要給年輕人舞台，他就會非常厲害。

 給年輕人機會是社會共同的責任，
希望下一代也能持續享受到台灣的富裕。

 【金瑞龍政見】
#創意招商挽救失業 #增加青創機會
創新中和工業城，吸引創新產業投資，創造就業機會。
友善青創產業，建立良好的青年就業環境。
加速推動灰磘產業園區開發，促進地方經濟繁榮與發展。","1569662931","undefined","undefined","undefined","undefined","undefined"
"https://www.facebook.com/22235247gold/posts/1867680440006308","1538611619","【金瑞龍】誠摯邀請您～

 侯友宜、金瑞龍、陳錦錠、邱烽堯
聯合競選總部成立大會
日期：107年10月6日（六）上午10：00
地點：中和區中和國小運動場（中和區中和路100號）

 正向選舉，需要您共同參與。
我們一起將新北市打造成一個安居樂業的「韌性城市」。

 ⭐️抵達會場時，請向【金瑞龍服務團隊】索取帽子及背心，服務團隊會協助引導您入場喔！😊","1569662931","undefined","undefined","undefined","undefined","undefined"
"https://www.facebook.com/22235247gold/posts/1928411550599863","[Error]: TypeError: Cannot read property 'attribs' of undefined","","1578292847","undefined","undefined","undefined","undefined","undefined"
"https://www.facebook.com/22235247gold/posts/1689197651187922","1528275079","愛蓮說
予獨愛蓮之出淤泥而不染，濯清漣而不妖
中通外直，不蔓不枝，香遠益清，亭亭淨植............
優美靜謐的詞句及秘境，總是讓人想一探究竟
近期由林家眾兄弟自費採購蓮花種子.......
一手打造中和新秘境，歡迎路過的市民朋友
停下腳步靜心賞蓮之美，只留下倩影什麼都不留下
(員山路31-31-10號)
誠摯感謝林家兄弟，精心打造蓮花池，讓周遭地區增添賞蓮趣味

 引述愛蓮說古詩文(http://cd1.edb.hkedcity.net/…/jil…/pdf_wen/jilei_wen_038.pdf)
#愛蓮說","1569662933","undefined","undefined","undefined","undefined","undefined"
"https://www.facebook.com/22235247gold/posts/2697525057021838","1577951538","祈求傷者平安

 今天發生國軍黑鷹直升機迫降事故

 8位國軍將士不幸殉職
5名人員受傷

 謹向沈一鳴總長及罹難的國軍將士
致上最高的敬意和最深的哀悼！","1579004770","undefined","undefined","undefined","undefined","undefined"
"https://www.facebook.com/22235247gold/posts/2694483623992648","1577835875","早安！2020

 新的一年
祝福大家 #新年快樂！
Happy New Year ！

 今年是鼠年，
我準備了鼠年的春聯，
歡迎大家索取！
地址：中和區莒光路11號

 感謝過去一年大家的指導與支持！
2020 讓我們繼續一起努力！

 #新北市議員金瑞龍
#加金瑞龍LINE好友 
https://line.me/R/ti/p/@zkw5995y
#金瑞龍IG生活照都在這
https://www.instagram.com/jin_rui_long/?hl=zh-tw","1579004771","/22235247gold/photos/a.505006992940333/2694483323992678/?type=3&eid=ARAPa0j7YX-wG2YvXQw1DTv2VrYWxbCkGXbGR0YktNPIZUix4igP-gwOFDwZBZ8Iy4N1xqB69uxqClvF&__xts__%5B0%5D=68.ARC5F0T3xqG1p0dIy3F3QIs_w_Nrn1eXd5JHQ-coZctBa5jsnF-BM_eKZQcghTssvMzDhTqmfZ7Uaggh-nzUxHjqF1zSRTIDN1bTiDHKLKQ3Wspa5tr6DYdIDHifR_BnfwJZwnWYNWLahoW3t-DEbMbb1eVh8WSgDn_sqQJXE7IT8S4Oy81S9NcR8t5YPsrVLiAjoNGFtBrRevssk1XOuk2T_VqWPrx48SYiYS-u_PHXFQMPsbch8WRV227cU1dh-tNb6mcKdIx3bX6lBPTcl0IcG6m6R9hLI2oSMYd5R1hCh9ZMDg96KriguyS6SjFwq7BZbzhO669mbAhF0rECSWtWUQ&__tn__=EEHH-R","https://scontent-lga3-1.xx.fbcdn.net/v/t1.0-0/p526x296/80105527_2694483327326011_4115947329616347136_n.jpg?_nc_cat=103&_nc_ohc=bDfsHXJqsLMAX_21gUl&_nc_ht=scontent-lga3-1.xx&_nc_tp=1&oh=052e0230d3d1a7e515fe8697ee1b0d41&oe=5E927CBB","undefined","",""
"https://www.facebook.com/22235247gold/posts/2520957571345255","1571271208","我的政見 #友善寵物公車 已達成

 假日帶著毛小孩一同搭公車到公園遊玩吧！

 10月10日起開出7條路線、各3班次的假日寵物公車。公車分別行經永和寶石寵物公園、中和四號寵物公園、新莊運動公園。

 寵物公車在車頭的LED會顯示「本車提供寵物搭乘」字樣，方便民眾辨識。

 
7條假日寵物公車路線和班次分別是243（10:35、12:15、13:55）、275副(05:40、10:30、15:00)、845（新莊發車時刻11:00、14:00、16:00）、859（10:00、14:00、17:00）、895(08:30、15:15、16:00)、綠2右(09:00、11:20、15:00)、
綠2左(09:10、11:30、15:08)

 未來，我還是會努力為動物發聲。

 #新北市議員金瑞龍
#加金瑞龍LINE好友 https://line.me/R/ti/p/@zkw5995y","1579004773","/22235247gold/photos/a.505006992940333/2520957401345272/?type=3&eid=ARDd6bcGPoxtZj3SsKGPGC-40wheW_ZM75GCgskv2R3y7ORwdCwek3v4jQU0dwQ8H4gYdZP1as-qwcWo&__xts__%5B0%5D=68.ARDOeGvCNcpdtl--bwiubrh82j6uZiXCQw4QhYgIWMCaJBXRPkl_qfX71zUMSyGhDO5M4zs3GoME62TztOfHcuhutoE5ReDXD89sOvYMbkDH3Afy4V0dZj0i6djYblpgx8R0NexqAhwCZ753gEahcpWK8RUpeKHIOPz1tPCRTl0p-DWhUIgr0HUkLRjoCSCM01iNh1-oJfYgZdzaC2_kouu0GpLRMpLl-4pDN_ARmss7UXJV0vBPiTDoCOz2AQ7Mk5Y6K9lOg7HZEdExP8UJxF5ChuMJcw7BLWPjvp9N-BF52BqJYb4xlt8B1BZAjHVPLeCMVnonYoU3PwXsAD8QAgdQqA&__tn__=EEHH-R","https://scontent-lga3-1.xx.fbcdn.net/v/t1.0-0/p526x296/72777038_2520957404678605_4191356359649787904_n.jpg?_nc_cat=108&_nc_oc=AQl2B6lRAGY2Jh4_8Bypk0f_RZ7zFAQYul2Ww-vPhskQOzcFH0umwqk_XoUgziex064&_nc_ht=scontent-lga3-1.xx&_nc_tp=1&oh=2fe5d521d76c625f8b32365cb123ca8d&oe=5EA0A44F","undefined","",""
"https://www.facebook.com/22235247gold/posts/2681397705301240","1577334873","就職滿一週年

 上任365天，
已完成民眾服務案932件。

 感謝大家對我的支持和託付！

 我會盡最大的努力，
把每一件事做到最好，
履行做為 #國民議員 的承諾。

 #好的政策應該落實在每個人的生活中

 #新北市議員金瑞龍
#加金瑞龍LINE好友 
https://line.me/R/ti/p/@zkw5995y
#金瑞龍IG生活照都在這
https://www.instagram.com/jin_rui_long/?hl=zh-tw","1579004771","/22235247gold/photos/a.505006992940333/2681397478634596/?type=3&eid=ARDv2gqgnEIiGK3XUyQNviQUussQ_BNQJ11hBUEJmj7sa-X4PwY9KG266gdmPVmhC0xza-gfnEpZ8a-q&__xts__%5B0%5D=68.ARDjUZWgWwGPJYzL30zfJb0anhWBBOyfmRpRkMyqFSeGi8KChZLC-uEdgcV4NhiGo-Ndy_n9XbIQhzujghNK1bfN6tkrESTAG2eUb0yUMDb22Zxk-omHm_2EBpI17_30MkSQLcKywth_beH507ZCnAJUxfW2nRuUP4iqv89sS68xuTHEo_4ukFg4egNhwF9wZGv3RTMggYTZpN0SyA3QUXZMpLaXg1paLpPc0C0zEC55LTxLSGO1AgYlwuPUFL4ctGkoB3xOCkFsDGUhngWYWsbEvpqgORRg3mjqL5LDMaAv8IWbNi5JomlHU5L6iMRVcThwaAm0IGkmUPPRh5J_so4otg&__tn__=EEHH-R","https://scontent-sin2-2.xx.fbcdn.net/v/t1.0-0/p526x296/81890172_2681397481967929_1335940918766731264_n.jpg?_nc_cat=101&_nc_oc=AQmc5WX2XZ-YcTYDDBpLHTkKp0v2VCQJukNs3073PFkCe3zdRAyO_29EiOuaQcVSSRc&_nc_ht=scontent-sin2-2.xx&_nc_tp=1&oh=98c23de8cfc4ba9783114418d5c95488&oe=5EA9258E","undefined","",""
"https://www.facebook.com/22235247gold/posts/2583748215066190","1573605551","#錦和運動公園
是首座設有全齡共融式遊具，
適合全家玩在一起的公園。

 未來，我會持續推動公園改造計畫，
以創意、啟發性、活化體適能的全齡共融式遊具，
取代不適合的罐頭遊具，
讓所有年齡層的市民
都可以來公園開心的玩！

 #新北市議員金瑞龍
#加金瑞龍LINE好友 
https://line.me/R/ti/p/@zkw5995y","1579004771","/22235247gold/photos/a.505006992940333/2583747971732881/?type=3&eid=ARC0GsEextDBbbaMxvOG-9sli3KjGOLUQIsvRYzhUqE0Bb3TR87_fB3Fq-KrZHmXtn0Qz5x3WmN0rOVq&__xts__%5B0%5D=68.ARDqa5zu59Xx78ODmxFumTqqzEbWgK9DgObl0MxdILjWm8-vtfBcwU8GnyYLwazj5JSyHnPZ7gto8ydJ-OH2qJ6TAOHnsBpizWdd_KICgT1L27aXYW9y04vDij8sjbud6_HgCoWu96KuYozqecJKYxXVvC3UU8-AhI-BQi4KTQYn786X4SEIVDWL31Su42DVEnjf_JZDQrqjdxdBIRHoLqYTz2Pdgv8ukNikhnNGi7FgOdz-6iY7OnmeaXW0LBux__Sl1K6PGXJn9l4a4LN-XPWk9EmIxOWN9UGwOVx_JPpDDIVvdnNZinxnV8oDlcTT4P-cjbhriwbRKgIdfZI_gALmOw&__tn__=EEHH-R","https://scontent-cdg2-1.xx.fbcdn.net/v/t1.0-0/p526x296/69987076_2583747975066214_177440157153099776_n.jpg?_nc_cat=101&_nc_ohc=X9WqcAjlVfcAX-QW2kv&_nc_ht=scontent-cdg2-1.xx&_nc_tp=1&oh=7858b532ddf8d01010f109aad48e39d7&oe=5ED60EA9","undefined","",""
"https://www.facebook.com/22235247gold/posts/2493653954075617","1570237090","提案 #全面檢討改善消防人員裝備與作業程序

 根據消防署統計，1997年至2018年的22年間，共有 81 名消防員因公殉職或因公死亡。從2014年至今近6年消防員罹難人數已達 29 人。

 對於消防人員執勤安全，市府應該更加重視，必須將消防人員的生命安全擺在第一優先。

 #向兩位因公殉職消防員及所有辛苦的消防人員致上最高敬意","1579004772","/22235247gold/photos/a.505006992940333/2493652814075731/?type=3&eid=ARA_e88j9P9AIuX480UgG5_0QnUO_FaFi1nhpouxBPigcvJLvVbV3TcZeMlmaCkGUYse8j3ujn-HFEZo&__xts__%5B0%5D=68.ARBdAMekgqFG26gEjeJ-1ZpSJIGgf6scG7I09Zt8l3PUlZ8GaqhztR0bc5j46wiMO7AryYlagThTuPZU6wTe_V_5_J5nB5sBRjm6z36MEUuidqa1u6u0zseBo_zDoCvUDOF-hU5xIl73MjY1rpvZ_eaGknZ9zOkaTfwmKYIDXB2dtvGgIxyUYUU8M_WR71-PcZLRqYYzkQp67oF7JjKqcsj4gnokfSx3NNNRp9qxHXHIcqzXYdxBM1dNu9cyGG9Xxs1C6GM-jXf41TyzrbDP5TbquBrLmMyR2fBxK0IxAFd_T2ndO3KMFsbUnTpQg-6QQkcIQ8rWGCzJ1QgWRJ9lu2tDvQ&__tn__=EEHH-R","https://scontent-cdt1-1.xx.fbcdn.net/v/t1.0-0/p526x296/71886032_2493652817409064_1169405430175105024_n.jpg?_nc_cat=101&_nc_oc=AQkrFlNuBQshnoRKHlCvDYlm3YwGvw0HpBEAG0s6pjBc68Sn8GMfdcp--pAZIGP-Q6OzrnN_6EsVq52YIkayrhbv&_nc_ht=scontent-cdt1-1.xx&_nc_tp=1&oh=edf3844cd95f54c129579ece51b5263b&oe=5ED658B5","undefined","",""
"https://www.facebook.com/22235247gold/posts/2589029314538080","1573804379","我們一起讓興南夜市更好

 #興南夜市 自本週末（11/16）起
連續四個禮拜六的晚上7點～9點，
【舉辦主題活動】
以「整條馬路都是我的舞台為主題」

 活動獎品
🔴限定版興南夜市土地公悠遊卡 500份
🔴興南夜市50元消費抵用卷 1000份

 活動節目表
🔵11/16開場異國服裝秀
🔵11/23在地社團表演秀
🔵11/30在地社團表演秀
🔵12/7 科技互動體驗秀

 #新北市議員金瑞龍
#加金瑞龍LINE好友 
https://line.me/R/ti/p/@zkw5995y
#金瑞龍IG生活照都在這
https://www.instagram.com/jin_rui_long/?hl=zh-tw","1579004772","/22235247gold/photos/a.505006992940333/2589029127871432/?type=3&eid=ARDV-NhqXONgSqRyxgFibu7HpH3SSee5AqRidrHlLyYvFMuWlYhNR1Pszwym9aHQpXbX9xSpcqEGm8Kt&__xts__%5B0%5D=68.ARBshQ_RbWPhV0yUkwb8Fjcwoaw5s-y3VeXlM--e__dnqs87CUypqwcO-mnFue9aSjW2mpNpBA63c9cICHI3lMGQzoFKlBhIjvrUmggwxTKWIu-7oYlghpGXnEXpRsR6aHWJO1TyJaGnJxUwquXqOZIuS5rabBwYWYq-gLZI_bek1GkBFN2WO1PQHDXslQ-R_VTWnutm6YBWp4fbZZox11lecSQ9aEsHCAcQLxMUy5s_0UBT2XphYkuoONwV0wBTyyNPaWZxrlFxxOfQPLs83hA2B8M5GxlzFJfYj6N2AZuofiFVIJl8EfChKd4Cs3WN_w10WBgSDeY8ESev723r0hYnAw&__tn__=EEHH-R","https://scontent-lht6-1.xx.fbcdn.net/v/t1.0-0/p526x296/74911780_2589029131204765_4774520976081682432_n.jpg?_nc_cat=106&_nc_ohc=Cyd-3xPkd_EAQk5I2X4fxayZJTwu0ULy1MVul2uISoIsbiLpnn2SA9_Sw&_nc_ht=scontent-lht6-1.xx&_nc_tp=1&oh=7bee35af7a493c4db491d7e1101fe263&oe=5EA20CCC","undefined","",""
"https://www.facebook.com/22235247gold/posts/2537041569736855","1571895974","自強公園（饅頭山）環山步道完工囉！

 雖然改善經費爭取的過程困難重重，還好都一一突破了。

 之前步道土方流失，一下雨就泥濘不堪。

 新步道採碎石生態工法，
改善後的步道，安全多了，
老人家走起來也比較不傷膝蓋。

 歡迎大家有空來自強公園，
體驗新步道，吸收芬多精。

 #新北市議員金瑞龍
#加金瑞龍LINE好友 https://line.me/R/ti/p/@zkw5995y","1579004772","/22235247gold/photos/a.344071289033905/2537041489736863/?type=3&eid=ARAi5dNqFp2dwOAxAhuvBiAbTxIcBlhJaUztgd_XRtHW4AH1de-B-iCMCwKZwAdUz5ZvMNUIvndXx5p9&__xts__%5B0%5D=68.ARCnnokuJ0e4RVI5unQ7PkX_1lDLnjUsxte6VGIO3Q-KgYoNWD5Qs7dhLlQ_B996E9fnOTHCdsHNBfht_EWtBhzaf47kbGEqVwdyU7RsloKzUPiuqx4xZAIe_OZPhYSipoqNmjN0V7ao7JVn6RjyErLETXXVHv1xTxvIX9EADoQ_oICrJOyQty2S8UER23urykI9JoURIQyRBPBNdK5fKEX9_zh_5XFaUlcF8-3J1OZKvFMgaYgRi_8WiyJPVdFHaHv4K4WI7GeLGwS380tn_TUA_9EbAVcwVIwZqN6DYI2t7L3IE6wes3tVErSXnr7ASTBeOT3PwdmsHJDPFKq0loA_rw&__tn__=EHH-R","https://scontent-lga3-1.xx.fbcdn.net/v/t1.0-0/p235x350/73361268_2537041493070196_6684358500136517632_o.jpg?_nc_cat=105&_nc_ohc=CssdEbvhyCAAX_b7tR_&_nc_ht=scontent-lga3-1.xx&_nc_tp=1&oh=0ad4a8e40b91abd8116409972822e3d7&oe=5E96592A","undefined","",""
"https://www.facebook.com/22235247gold/posts/2665986150175729","1576715257","新北市109年總預算，
於12/13審查通過。

 雖然只刪1276萬

 但新北人均預算4.46萬元，
卻是六都中最少的。

 新北市的預算一直受到
統籌分配稅款不足的困擾，
新北市正處於建設高峰期，
每一分錢都非常重要，
都必須發揮最大的效果。

 #新北市議員金瑞龍
#加金瑞龍LINE好友 
https://line.me/R/ti/p/@zkw5995y
#金瑞龍IG生活照都在這
https://www.instagram.com/jin_rui_long/?hl=zh-tw","1579004772","/22235247gold/photos/a.505006992940333/2665985940175750/?type=3&eid=ARCx2d2npqJL-IefN_nTi-my_V6ehmsgqu2MIXfWMlLIl7t_cuUMgQdQo8AjgR7exYTncwUTAkJXYanF&__xts__%5B0%5D=68.ARBX6k6ixW9kDea58f3EFXSj-vOxluAP2_Q_Qfx3e9kbKVO2BhhNLdbMWxmwj4ttu8LdxEXzvsa2NGQmL89-SXIFySxyyglDUM00rn8u8LLopzEBgxVRDVxVzIJZOwWgxrxWMeXGVar8rXPfjPpSR2BwzrUQawFeLTC1DTmvtVrPc-g_Dsfg0VCcqk2dreks0a8v75zH4pHkMPkvcEKDBsFSo01AGJiWsBasgGWxX0gMtIUg2DBGxcAoCyHbJ50j0lygYLSACG7wtL5zwjZCVRSPi_xHn9a0B_rQkcva7FYeA_Jj0Z221A9SKWKC7CKJMBJxkuBJRfxx3CZGL5lMV68cFQ&__tn__=EHH-R","https://scontent-lga3-1.xx.fbcdn.net/v/t1.0-0/p526x296/79731929_2665985943509083_6647452760990023680_n.jpg?_nc_cat=111&_nc_ohc=wVmHUJzT8kkAX-ZT4rR&_nc_ht=scontent-lga3-1.xx&_nc_tp=1&oh=49d09d5bab56ea22775e59c84e1bef56&oe=5E941602","undefined","",""
"https://www.facebook.com/22235247gold/posts/2678860745554936","1577238626","耶誕節快樂❗️
Merry Christmas

 2019正式進入倒數

 #新北市歡樂耶誕城 
活動至109年1月1日，
大家把握時間📸！😊

 #新北市議員金瑞龍
#加金瑞龍LINE好友 
https://line.me/R/ti/p/@zkw5995y
#金瑞龍IG生活照都在這
https://www.instagram.com/jin_rui_long/?hl=zh-tw","1579004772","/22235247gold/photos/a.505006992940333/2678860515554959/?type=3&eid=ARC5BR6YOneeNWa8OFwp7Z6RPcjCNNpSEmGXSfC5LhZ8Ko39Q3L47_vh0mOSxtc787rNIl2xWvXlIEgo&__xts__%5B0%5D=68.ARCYn_jMHzkY4I6CVbjBPILbjR6oEKZ1ocIppfTojeGsZx4JXB5gYjdqydaebILUH2OYBxeR9wnJMy8pT-6tIoRSuoa_g90f9C7AynmIZz5RBtcFZbmu9K4XV98EY7XvXW-0_jaPGDEzVNEupv7d3sAn7Bsedl-Np-Z3Vnx-N_BCoxFMLB2UrCEjeVxeMaE0kvWbal166lGHH5vh0a8Ov2as0niNikRcXHCgL2LRkVmagDx5odhEM_WfFfrM8o82pkZt5OPeazvlX2LEdXA3_z0Owd_lWif-tcUydCj3aXXifFY19ioM1WOSW1jN_TQFkSTm-zssdKFqiya8T-lKJBQicQ&__tn__=EHH-R","https://scontent-sin6-2.xx.fbcdn.net/v/t1.0-0/p526x296/81377410_2678860518888292_7517271371726979072_n.jpg?_nc_cat=100&_nc_oc=AQn6tjBA4XTXwypciOqh8tthFO6YnVJkz2mSfK-p488wTmxu_EHaKlFWAMNq7PjM39E&_nc_ht=scontent-sin6-2.xx&_nc_tp=1&oh=f46ba8c1c3b0f6306c01f84322c67890&oe=5E917734","undefined","",""
"https://www.facebook.com/22235247gold/posts/2614635901977421","1574741322","長大了！
小兒子要當兵囉～

 #當兵的第一天

 #新北市議員金瑞龍
#加金瑞龍LINE好友 
https://line.me/R/ti/p/@zkw5995y
#金瑞龍IG生活照都在這
https://www.instagram.com/jin_rui_long/?hl=zh-tw","1579004771","/22235247gold/photos/a.505006992940333/2614635628644115/?type=3&eid=ARDUpojc6nF1clwz6iYhZmcTZIJvvySpCbT84bwbDPbYBkKATQmciUDK7pKcgS5BZId8KUciNXQsM0MU&__xts__%5B0%5D=68.ARBui67eKyUpUCjzhV5bAY65VBytTrRb9J7NUroTuzCSu_u9af_DkSA0-NjQCiN6p1hDXq-z5VQSmKOkrpSfOTmkzMCWmMHHHL0GAB9XyeaaK7GEOW5RGoarYHl28WMhXDs3Q44RXVTuhNduWsOPDnglnSM4oTUWkg71ykAO3xVNg_kdSvSiFcq_m4rogyu04TzREeQkK8_rryyDjxyY5_t-479lDuibONL9NEnaIiJkmyJb6dTuCQuaFRzyDPQF7sjT95a1OrzFh2PthDZOy8Q6o1JdB5k0ATGdXLnIemQKP07E-ainDSKZyoTBpzAntYDCmUWc_4gxE7fF8VdYlum1OA&__tn__=EEHH-R","https://scontent-cdt1-1.xx.fbcdn.net/v/t1.0-0/p526x296/76785062_2614635631977448_7135801095279869952_n.jpg?_nc_cat=101&_nc_ohc=fSbabjQbuOcAX_2nIyI&_nc_ht=scontent-cdt1-1.xx&_nc_tp=1&oh=b48cc30c8a2378ce997d9057e6236697&oe=5EA28BB9","undefined","",""
"https://www.facebook.com/22235247gold/posts/2635172986590379","1575505429","朝1500億邁進

 感謝企業主投資新北
投資金額1099億
為新北帶來2萬5千個就業機會

 謝謝在第一線努力的市府同仁
有你們辛苦的付出
才有今日傲人的成績

 #招商一條龍 #單一窗口服務

 #新北市議員金瑞龍
#加金瑞龍LINE好友 
https://line.me/R/ti/p/@zkw5995y
#金瑞龍IG生活照都在這
https://www.instagram.com/jin_rui_long/?hl=zh-tw","1579004773","/22235247gold/photos/a.505006992940333/2635172453257099/?type=3&eid=ARDcL7aVwCaC23C80Nlbjum14Tf6bSHYN6nSlcFZKlnyOQ-dP3jBMIsSzkdTQWsn2OFxroVs0apdsUPX&__xts__%5B0%5D=68.ARCNpYkh-znFbG-wf9KTv0CY17v6ghH80gtu6tD07ILEyEpCgzw_Gtyoe0AIogSJorDLhASd3MTKzNFq8SYnjkZowjkJbilLCtCWnhSsozYOvgZDLspgcvEpHHoWBABy4OGNy_v6NfSlH358YFKubBFRdTxWDLVPRDw7iwO2ktsPxjFvvFYzmGAMRqZa-MCTnlIkfGHd1Fo52H_QS2Sig9fdIfLfDF94QVKhkC42GGbbkRhfbKi6fMOx5Spc6D28M3qHy0iFm72DCRVFc-h-YqXNeNcTE-W9a_vFrBzg7ZjZ6Ruuh1UuXLdfXmO9XAsmpl7p-_7zT55nw0AV4wKEVfJoow&__tn__=EHH-R","https://scontent.fhan5-6.fna.fbcdn.net/v/t1.0-0/p235x350/78818993_2635172456590432_8450407266514894848_n.jpg?_nc_cat=110&_nc_ohc=85_w543lB4wAX9EfDPP&_nc_ht=scontent.fhan5-6.fna&_nc_tp=1&oh=cb8054079024eccdd149991f55295461&oe=5EAAA26E","undefined","",""
"https://www.facebook.com/22235247gold/posts/2672323119542032","1576974068","冬至來臨
也代表今年快接近尾聲了

 祝福大家冬至快樂！

 #新北市議員金瑞龍
#加金瑞龍LINE好友 
https://line.me/R/ti/p/@zkw5995y
#金瑞龍IG生活照都在這
https://www.instagram.com/jin_rui_long/?hl=zh-tw","1579004772","/22235247gold/photos/a.505006992940333/2672322882875389/?type=3&eid=ARAuyJ8CXNXBCKHrhdCs1ukoLl4waMDFyUVFXZcUvaVCHEumO-F58GRCXVT60kTFoLTJ-OjGjUd_qUTj&__xts__%5B0%5D=68.ARD7Z-BoqjzQGx3QA6lbszbPRWKSvaJ3wFAXPPQTA1VJV40M8mthLxuZb_BZo82KR_f6FjXERmHyUjTM7LykjREmVsxCIk8hzQOIH4RTh4hfyy0MovOrQHer6r-fLUjGGWqxVRny0milskSvHbLf3VSk4iLZT0Cu-X-hejvHpKaZUToHOVrQM983C2j-nLUoc2gSOexxGhaOic0ZRWsso_Y9naFKUrn8LfWlFj6Yj61kDD_81cqfrp5xpYiVfDlNVsnaxYTflzegcz_zYFy_rKK6ZTZK4N0fTCPd5rNm-MqRjabCK0Xzahd7LqVq6kex-HPTWPFVexvZUC92QmpVRql5Jg&__tn__=EEHH-R","https://scontent-sin2-1.xx.fbcdn.net/v/t1.0-0/p526x296/80694473_2672322886208722_7411315885744324608_n.jpg?_nc_cat=100&_nc_ohc=A3WBOKKHlR0AX8Atafv&_nc_ht=scontent-sin2-1.xx&_nc_tp=1&oh=fb1b7dcd1fb079d62e53b14290f43a47&oe=5EAC96C6","undefined","",""
"https://www.facebook.com/22235247gold/posts/2572462262861452","1573179376","一年一度的 #立冬 又到了，代表我們即將邁入新的旅程。

 今天立冬我吃 #麻油麵線 來補身子。

 祝大家立冬愉快！

 #新北市議員金瑞龍
#加金瑞龍LINE好友 
https://line.me/R/ti/p/@zkw5995y","1579004784","/22235247gold/photos/a.344071289033905/2572461969528148/?type=3&eid=ARBRAUrpb1d6slKvR35eKU5DEUTbWZpC9yc7cigmxWF6cMIpxiqegZ0n2vveCyV_M2p8umzheuvFJYFp&__xts__%5B0%5D=68.ARC2l4rpRNa3pJGHtUDW_ELHJtM-kmfwX0kzwctSUDOQlXtkigjbXoPANfpFBWAoNEaw689JDbM56ovRnqPPEC6-p1kcbxQY3EDe9-tOy55WbIMWX0PCo_JtsoNXj7cYrmz1GE9gcarQ2YsYMUiroBHPXPag_wzT0A3m9QcGNZxCusAzkvkiBJ8ez2sdvABgzGnmZhABM5TJxoJL4V_DIPWbTZn-m4UCrl05hw6bXxT-peyS7BvePIfnx82uo8MGfxkJrUbppWT7HowRzdTf5NRfyOvTS_gyKo3AlamF01eD7rou5pl7HFPfeyiePktUkjBlqZwf_xlZuta-C-5mMHjZHw&__tn__=EEHH-R","https://scontent-cdg2-1.xx.fbcdn.net/v/t1.0-0/p526x296/74222803_2572461972861481_8652308276030996480_o.jpg?_nc_cat=109&_nc_ohc=O8BgYNqZ_Y8AX9KBzzs&_nc_ht=scontent-cdg2-1.xx&_nc_tp=1&oh=45e11ca6bd893045fda92cd0b8a2ac89&oe=5E980BCB","undefined","",""
"https://www.facebook.com/22235247gold/posts/2646663385441339","1575937940","歲末最強演唱會
12/14（六）～12/15（日）
晚上6：00～10：00
#新北市市民廣場

 金曲歌王 #蕭敬騰
鐵肺歌后 #鄧紫棋

 今年 #新北市耶誕城 的主燈秀，
創下歷年來光雕投影最大面積
8800平方公尺，刷新歷史紀錄，
成功展現台灣少見的大型光雕投影技術！

 #新北市議員金瑞龍
#加金瑞龍LINE好友 
https://line.me/R/ti/p/@zkw5995y
#金瑞龍IG生活照都在這
https://www.instagram.com/jin_rui_long/?hl=zh-tw","1579004770","/22235247gold/photos/a.505006992940333/2646663175441360/?type=3&eid=ARA0ffh8_YTD7EPFiujBJlnJc7t5DUsVSN7sMdn6_Ewibgf39g-76k4v0W1z12Lt6prZ8VJ2I2wVUeXt&__xts__%5B0%5D=68.ARADXBS12Xa63YsgkGKWp64G-rIKXKWyVreE8DrdpTS0VsFWXYsD0zjpN_eycAhSilXEXuqBjh5E93Lek53_1C04_FGFVq-BU0ZegFBf6gwc566GqUvrNqSg1cwBvUnjfzjCLynMp5Ss1CEyfBgm6Ze1UtxfFqC_Nxat51nMJqZj2WOpmBJebDL0ugO_Rk1S_bj31OLPiUlcfzyQ4i_16mZVWibRxexs_HkR5c81eiPAZU2PHOo2G-REGN5fg4geOtS9ohwzadeENgiPK0e2tc5fZfEdqd781HmA0uSDvya92UwoluN77iO3teVlCiYt9tsUtrFdLFUpxkDmnASaxkmjtQ&__tn__=EEHH-R","https://scontent.fhan5-6.fna.fbcdn.net/v/t1.0-0/p526x296/79329810_2646663182108026_4038598215610662912_n.jpg?_nc_cat=105&_nc_ohc=6RBAAuKoR-8AX9nzwQB&_nc_ht=scontent.fhan5-6.fna&_nc_tp=1&oh=993c6ccb90473560d47a560c199cc08f&oe=5EDBB355","undefined","",""
"https://www.facebook.com/22235247gold/posts/2523209894453356","1571360512","早安！

 6：40我在新北市議會，登記質詢。

 將市民訴求整理一下，
準備下午聽侯市長的施政報告後做市政質詢！

 #新北市議員金瑞龍
#加金瑞龍LINE好友 https://line.me/R/ti/p/@zkw5995y","1579004772","/22235247gold/photos/a.505006992940333/2523209684453377/?type=3&eid=ARCTBFerY1Vlc7kfSfxU_rKX_3NRXqmpCACGakYz8KXsKMosUlieP-ps6NXJiVs2dXR3rfA9iaAxDqtQ&__xts__%5B0%5D=68.ARCzW6L3yvtl2G-7Tugw7KwlMtZS52fpA3aN8C996ost_ABfB2dTFq8vZWbTbHWhcTDtx-XlA5n8lsxerPUw-RbRs59b24AkbpGqej7U5AYj5MgB2qQXAqcWMtkhhBdJ4WnnwTqZ3LhkKUWRmI1W4HJy_cMi-Bvq2JCyJwSV2chnKEgRfW-DyZ-5Q2NHWutPo09WD1r9hmlB-KOfSFNGesutDcx-Vk__SVfUD_RYEFoOqwH-2nLQ1yzSI-817swWPNJ5xVGOm8-_AfCUJaUb2938YirK-9NoKRlQRh48YEhPfZOvBrpmtpCoC2DUBUNdxlBzeNTNTulcKqAwEOSeVeYC7w&__tn__=EEHH-R","https://scontent-sin2-2.xx.fbcdn.net/v/t1.0-0/p526x296/72442775_2523209687786710_4490341510004342784_n.jpg?_nc_cat=102&_nc_ohc=dYo8CHKr7XkAX99BLz6&_nc_ht=scontent-sin2-2.xx&_nc_tp=1&oh=344874c5bb60470e5430015373cbebfc&oe=5EA1B526","undefined","",""
"https://www.facebook.com/22235247gold/posts/2555465631227782","1572566204","讓興南夜市再熱鬧起來
是我非常期盼的事，
也是我努力的目標。

 我與經發局局長多次討論，
並於 #議會提案，
盼興南夜市能重現昔日榮景。

 目前經發局已擬【興南夜市發展計畫】，
並著手進行計畫⋯⋯

 108年11月起至109年1月
（詳細實施日期依新北市政府市場處公告）
為期3個月，將試辦行人徒步區，
會有時段性的車輛管制⛔️
🔵實施路段：
信義街全路段、景新街410巷（停車場至信義街段）
🔵實施時間：
每週六、日晚上6：00～晚上11：00

 希望大家能多來 #興南夜市，
幫攤商加油打氣，
我也會持續為興南夜市努力！

 #新北市議員金瑞龍
#加金瑞龍LINE好友 
https://line.me/R/ti/p/@zkw5995y","1579004771","/22235247gold/photos/a.505006992940333/2555813457859666/?type=3&eid=ARCqm6w2RUGUN5NPsLDRhILT3xE95Yg2gMV2DwL8lVuRLhMVvJpRHP-muJyzUol_ggCUugh813Ety3ya&__xts__%5B0%5D=68.ARAguhTBwvvzDVuuzN3ao8Z28IoBLoc8vip-whLyNWptIuTI0prksIO8K1S7nF4NN-yCo6EqoS_lY0rgeSjJF4Jlf73sFNTcfyXu8bvutaMuMbp_DTUBoZI9NFHGiNRMhig1JaKRnJNmfXa96DK-uKJZiwyXitw5uMkpLmGkJeV9LrELRgyuuu-naPmkTZxWbUIh7NQ-wPJkoZcAhvh9WJbEo6NmSBMYSU_mFl_v0JSo6vg4ilgZN1JyEp7H4tzmbNuKbSJvCNtlz6R0EjkEhpC4RdklyOQN5VlWQCBOfcQLm8W3YM8YfBYdZcRxO2F0UeWO1KDwJ9ToJl2qjSxUDdBmsg&__tn__=EEHH-R","https://scontent-cdg2-1.xx.fbcdn.net/v/t1.0-0/p526x296/73277052_2555813461192999_1453754040654495744_n.jpg?_nc_cat=104&_nc_ohc=L9xHxmqOdVsAX9XUOLd&_nc_ht=scontent-cdg2-1.xx&_nc_tp=1&oh=af3aef190e8a32cf2a56481c1daa6495&oe=5E9D2168","undefined","",""
"https://www.facebook.com/22235247gold/posts/2498050083636004","1570411055","今天是重陽節，敬祝各位長輩重陽佳節愉快！

 新北市65歲以上人口約57萬人，隨著高齡社會的來臨，長輩的醫療與照顧需求日增。

 我與市府會繼續努力，盼能讓長輩有豐富的退休生活，都能得到完善貼心的照顧。

 #重陽節","1579004773","/22235247gold/photos/a.505006992940333/2498049923636020/?type=3&eid=ARAcd1HzXF5M1AepBHMqXvppe7nC6yU2HdnaskO3j_VOzPm81xMpczs-BExQuyDa2Elsm19qH8AN-FWd&__xts__%5B0%5D=68.ARAavieZCLbeHnCvYVbzaDTLQTP3SlkrF-wLeU3ZoYRzdVflg6rnI6YVqLH_bTgSiFhKx9VExCVOtN8J3h8TAb6lCXUTqAO4ZdEaRtGLPoXSTM9WtH9LQT7Ppl3sWEzDGQKyalyFr_H5A4tMnpVa34ytuiGvvhvxfAYKFl38sVTlmU-RcVIxSyEfxtASo35Dl47w-D-i3bpEnvsoHcA1Y0qPBtRwLgvTvbYMFwJSjpd10qcRXX4jl-BMwvFMoyuiHqjP6qZQe7WcvE2OxIymggcatLfpm0kgFSfezno620_5-xQh2C-b-GXeClsCUeZisV0XfKwjqyBXUDtl_lVu1Xhe7g&__tn__=EEHH-R","https://scontent-cgk1-1.xx.fbcdn.net/v/t1.0-0/s640x640/71497759_2498049930302686_3511236528707731456_o.jpg?_nc_cat=100&_nc_ohc=AkwqLmRdcEUAX_CdbSo&_nc_ht=scontent-cgk1-1.xx&_nc_tp=1&oh=3acd8a39c0f3e37f82f1fa96fd69b61c&oe=5E8F59A6","undefined","",""
"https://www.facebook.com/22235247gold/posts/2724306897676987","1578961523","#給學童安全上學的路

 感謝住戶及店家的配合與支持，
讓自強國小通學步道可以順利完成！

 #標線型人行道

 #新北市議員金瑞龍
👉 #加金瑞龍LINE好友 
https://line.me/R/ti/p/@zkw5995y
👉 #金瑞龍IG生活照都在這
https://www.instagram.com/jin_rui_long/?hl=zh-tw","1579004771","/22235247gold/photos/a.505006992940333/2724306624343681/?type=3&eid=ARD7vTewsjPSuBsZBYT3xptuSCXdGVXU6oIWW67qiZnW7n5Q9P40dXkx9xW6JjhW_iyvj07b4GV0E24v&__xts__%5B0%5D=68.ARDRCnnJhm6W3wGjV_-_XwjkXvoBM3MB1v5gc8K6lpXceZgdY5dIlxkHSaMGOKLS4HFuCBGDT36x87ci06mGDLvW6iSQFjnqlJ6poVQq_oQmtVEvg-QGFGx0GRCyM4Vc6gXxevfUCJaI4q-HxOZY7ehbE7BfHQJRtaTVvozSps6e3-aWCsX9sVJbEoYiAnpUGDoZXZUwgEuVjbN0W4oOMIhEwDxVn4vWr9kB2SYpthivirMzYMXQwi9MOu7uxMoxWskNPim5U0Fwejwg3SqZmXUkcpjCPj0vt1ZV7wzBgMnbokSutm9iBOzuj4faG5cnBCusswox7EQWUc3GuEND-xphcQ&__tn__=EEHH-R","https://scontent-sin6-1.xx.fbcdn.net/v/t1.0-0/p526x296/82067882_2724306627677014_6400029405988519936_n.jpg?_nc_cat=110&_nc_ohc=cZ2M2A8rYl4AX-PxpSX&_nc_ht=scontent-sin6-1.xx&_nc_tp=1&oh=1b354f63d2726c1f24dc3af8394e8b83&oe=5EA95B79","undefined","",""
