#url,#tilte,#folderexpand,#編輯註解,url,posttime,text,crawled_time,attachment_link,attachment_img,attachment_img_alt,attachment_title,attachment_brief
"","汪喵星球 | 寶寶的星球","","","","","","","","","","",""
"","經驗果實_SOP","expand","","","","","","","","","",""
"https://yongzhen.hackpad.com/SRvNtbOnLgs","產品開發階段流程201607","","","","","","","","","","",""
"https://yongzhen.hackpad.com/SOP-MMnK1t1Ez6x","客服如何應對的SOP","","","","","","","","","","",""
"","客服相關","expand","","","","","","","","","",""
"https://yongzhen.hackpad.com/Untitled-ozsLRzETj5k","產品建議(from客服)","","","","","","","","","","",""
"https://yongzhen.hackpad.com/MP0v3UCzMtx","汪喵常見問答","","置頂:important","","","","","","","","",""
"https://yongzhen.hackpad.com/eXObtXWE1qh","社團心得分享整理","","","","","","","","","","",""
"","社群經營","collapse","","","","","","","","","",""
"https://yongzhen.hackpad.com/Untitled-ODjq70kiBWL","社團/粉絲頁介紹","","","","","","","","","","",""
"https://yongzhen.hackpad.com/S7hHL2FedtX","社群經營201608","","","","","","","","","","",""
"https://yongzhen.hackpad.com/5tObXS9PSqW","汪喵做公益(近、中、遠程)計畫專案","","","","","","","","","","",""
"https://yongzhen.hackpad.com/Img7WwfE1QM","過敏文2016/10/5","","blog","","","","","","","","",""
"","網站設計","collapse","","","","","","","","","",""
"https://yongzhen.hackpad.com/Untitled-HJachIi8ecf","凍乾主食商品頁","","","","","","","","","","",""
"https://yongzhen.hackpad.com/Landing-Page-GfNePeK9Ibc","Landing Page","","","","","","","","","","",""
"https://yongzhen.hackpad.com/NYwSqJ4ryHJ","營養師專欄","","","","","","","","","","",""
"https://yongzhen.hackpad.com/ZiZw7zcxI76","網站產品頁內容","","","","","","","","","","",""
"https://yongzhen.hackpad.com/SEO-rSeqSmnXfkH","SEO","","","","","","","","","","",""
"","寵物展","collapse","","","","","","","","","",""
"https://yongzhen.hackpad.com/GETV4Q9Rz6j","2016 11月寵物展 細流與行前通知","","","","","","","","","","",""
"https://yongzhen.hackpad.com/2016-eYUkIMECvT9","2016南港寵物展－印刷輸出品","","","","","","","","","","",""
"https://yongzhen.hackpad.com/20160405-LTuH4xi8fkC","寵物展20160405","","","","","","","","","","",""
"https://yongzhen.hackpad.com/2016_-KWXNle56Hj1","2016南港寵展_展後整理","","","","","","","","","","",""
"https://yongzhen.hackpad.com/2016-ENLpNsr00fk","2016台北寵物展文案(南港)","","","","","","","","","","",""
"https://yongzhen.hackpad.com/m65fIeuur9o","2016台北世貿寵物展-展場佈置","","","","","","","","","","",""
"","產品開發","collapse","","","","","","","","","",""
"","","","","","","","","","","","",""
"","","","","","","","","","","","",""
"https://yongzhen.hackpad.com/Untitled-h4dZkitwGvV","汪喵禮盒設計","","冬藏禮盒","","","","","","","","",""
"","","","","","","","","","","","",""
"https://yongzhen.hackpad.com/Untitled-VAe5KkKN2nN","冷凍紙箱（大＋小）201610","","紙箱","","","","","","","","",""
"https://yongzhen.hackpad.com/Untitled-N2y4ICapiPk","汪喵太空小零嘴 大包裝貼紙設計","","凍乾零食","","","","","","","","",""
"https://yongzhen.hackpad.com/wICBxsQ2zeJ","汪喵沙西米 宣傳海報","","宣傳品","","","","","","","","",""
"https://yongzhen.hackpad.com/Untitled-9kEwwHaUgSH","2017 汪喵太空小零嘴（第三版）","","凍乾零食","","","","","","","","",""
"","","","","","","","","","","","",""
"https://yongzhen.hackpad.com/Untitled-OLkyKOh2h5A","汪喵貓抓板","","貓抓板","","","","","","","","",""
"https://yongzhen.hackpad.com/Untitled-N1rV9tt1l4B","汪喵排毛粉 201701","","排毛粉","","","","","","","","",""
"https://yongzhen.hackpad.com/BiWxGlNAjKS","汪喵貼圖設計專案 20160929","","貼圖","","","","","","","","",""
"https://yongzhen.hackpad.com/CiB08Ga2DhV","汪喵益生菌(新包裝設計）201607","","益生菌","","","","","","","","",""
"https://yongzhen.hackpad.com/4WbvrH9FVrr","汪喵益生菌(網站規格&文案)201609","","益生菌","","","","","","","","",""
"https://yongzhen.hackpad.com/ltfoCCPHBpr","酵素+益生菌(益生菌專題)","","益生菌","","","","","","","","",""
"https://yongzhen.hackpad.com/FLsT0t7UgzH","凍乾主食","","凍乾主食","","","","","","","","",""
"https://yongzhen.hackpad.com/--IF0AAHItdeq","汪喵太空零食+ 貼紙201603","","凍乾零食","","","","","","","","",""
"https://yongzhen.hackpad.com/NAsEwlSbeN1","凍乾零食上市規劃／寵物展201604","","凍乾零食","","","","","","","","",""
"https://yongzhen.hackpad.com/DM_-dLswKdIxmT1","DM內容_汪喵沙西米","","生食餐","","","","","","","","",""
"https://yongzhen.hackpad.com/rAzXsCGZ8d3","汪喵沙西米 - 包裝袋設計20160921","","生食餐","","","","","","","","",""
"","","","","","","","","","","","",""
"","其他","collapse","","","","","","","","","",""
"https://yongzhen.hackpad.com/2-nr71uaT8BDU","推薦圖庫","","","","","","","","","","",""
"","空白的hackpad(歡迎認領~)","","","","","","","","","","",""
"https://yongzhen.hackpad.com/Untitled-ozsLRzETj5k","產品建議(from客服)","","","","","","","","","","",""
"","","","","","","","","","","","",""
"","","","","","","","","","","","",""
"https://yongzhen.hackpad.com/Untitled-YPiVH7r69Z1","歡迎來認領喔~記得來改名阿","","","","","","","","","","",""
"https://yongzhen.hackpad.com/Untitled-3cmoI8g4nfk","歡迎來認領喔~記得來改名阿","","","","","","","","","","",""
"undefined","undefined","undefined","undefined","","","","","","","","",""
"undefined","undefined","undefined","undefined","","","","","","","","",""
"undefined","undefined","undefined","undefined","","","","","","","","",""
"undefined","undefined","undefined","undefined","","","","","","","","",""
"undefined","undefined","undefined","undefined","","","","","","","","",""
"undefined","undefined","undefined","undefined","","","","","","","","",""
"undefined","undefined","undefined","undefined","","","","","","","","",""
"undefined","undefined","undefined","undefined","","","","","","","","",""
"undefined","undefined","undefined","undefined","","","","","","","","",""
"undefined","undefined","undefined","undefined","","","","","","","","",""
"undefined","undefined","undefined","undefined","","","","","","","","",""
"undefined","undefined","undefined","undefined","","","","","","","","",""
"undefined","undefined","undefined","undefined","","","","","","","","",""
"undefined","undefined","undefined","undefined","","","","","","","","",""
"undefined","undefined","undefined","undefined","","","","","","","","",""
"undefined","undefined","undefined","undefined","","","","","","","","",""
"undefined","undefined","undefined","undefined","","","","","","","","",""
"undefined","undefined","undefined","undefined","","","","","","","","",""
"undefined","undefined","undefined","undefined","","","","","","","","",""
"undefined","undefined","undefined","undefined","","","","","","","","",""
"undefined","undefined","undefined","undefined","","","","","","","","",""
"undefined","undefined","undefined","undefined","","","","","","","","",""
"undefined","undefined","undefined","undefined","","","","","","","","",""
"undefined","undefined","undefined","undefined","","","","","","","","",""
"undefined","undefined","undefined","undefined","","","","","","","","",""
"undefined","undefined","undefined","undefined","","","","","","","","",""
"undefined","undefined","undefined","undefined","","","","","","","","",""
"undefined","undefined","undefined","undefined","","","","","","","","",""
"undefined","undefined","undefined","undefined","","","","","","","","",""
"undefined","undefined","undefined","undefined","","","","","","","","",""
"undefined","undefined","undefined","undefined","","","","","","","","",""
"undefined","undefined","undefined","undefined","","","","","","","","",""
"undefined","undefined","undefined","undefined","","","","","","","","",""
"undefined","undefined","undefined","undefined","","","","","","","","",""
"undefined","undefined","undefined","undefined","","","","","","","","",""
"undefined","undefined","undefined","undefined","","","","","","","","",""
"undefined","undefined","undefined","undefined","","","","","","","","",""
"undefined","undefined","undefined","undefined","","","","","","","","",""
"undefined","undefined","undefined","undefined","","","","","","","","",""
"undefined","undefined","undefined","undefined","","","","","","","","",""
"undefined","undefined","undefined","undefined","","","","","","","","",""
"undefined","undefined","undefined","undefined","","","","","","","","",""
"undefined","undefined","undefined","undefined","","","","","","","","",""
"undefined","undefined","undefined","undefined","","","","","","","","",""
"undefined","undefined","undefined","undefined","","","","","","","","",""
"undefined","undefined","undefined","undefined","","","","","","","","",""
"undefined","undefined","undefined","undefined","","","","","","","","",""
"undefined","undefined","undefined","undefined","","","","","","","","",""
"undefined","undefined","undefined","undefined","","","","","","","","",""
"undefined","undefined","undefined","undefined","","","","","","","","",""
"undefined","undefined","undefined","undefined","","","","","","","","",""
"undefined","undefined","undefined","undefined","","","","","","","","",""
"undefined","undefined","undefined","undefined","","","","","","","","",""
"undefined","undefined","undefined","undefined","","","","","","","","",""
"undefined","undefined","undefined","undefined","","","","","","","","",""
"undefined","undefined","undefined","undefined","","","","","","","","",""
"undefined","undefined","undefined","undefined","","","","","","","","",""
"undefined","undefined","undefined","undefined","","","","","","","","",""
"undefined","undefined","undefined","undefined","","","","","","","","",""
"undefined","undefined","undefined","undefined","","","","","","","","",""
"undefined","undefined","undefined","undefined","","","","","","","","",""
"undefined","undefined","undefined","undefined","","","","","","","","",""
"undefined","undefined","undefined","undefined","","","","","","","","",""
"undefined","undefined","undefined","undefined","","","","","","","","",""
"undefined","undefined","undefined","undefined","","","","","","","","",""
"undefined","undefined","undefined","undefined","","","","","","","","",""
"undefined","undefined","undefined","undefined","","","","","","","","",""
"undefined","undefined","undefined","undefined","","","","","","","","",""
"undefined","undefined","undefined","undefined","","","","","","","","",""
"undefined","undefined","undefined","undefined","","","","","","","","",""
"undefined","undefined","undefined","undefined","","","","","","","","",""
"undefined","undefined","undefined","undefined","","","","","","","","",""
"undefined","undefined","undefined","undefined","","","","","","","","",""
"undefined","undefined","undefined","undefined","","","","","","","","",""
"undefined","undefined","undefined","undefined","","","","","","","","",""
"undefined","undefined","undefined","undefined","","","","","","","","",""
"undefined","undefined","undefined","undefined","","","","","","","","",""
"undefined","undefined","undefined","undefined","","","","","","","","",""
"undefined","undefined","undefined","undefined","","","","","","","","",""
"undefined","undefined","undefined","undefined","","","","","","","","",""
"undefined","undefined","undefined","undefined","","","","","","","","",""
"undefined","undefined","undefined","undefined","","","","","","","","",""
"undefined","undefined","undefined","undefined","","","","","","","","",""
"undefined","undefined","undefined","undefined","","","","","","","","",""
"undefined","undefined","undefined","undefined","","","","","","","","",""
"undefined","undefined","undefined","undefined","","","","","","","","",""
"undefined","undefined","undefined","undefined","","","","","","","","",""
"undefined","undefined","undefined","undefined","","","","","","","","",""
"undefined","undefined","undefined","undefined","","","","","","","","",""
"undefined","undefined","undefined","undefined","","","","","","","","",""
"undefined","undefined","undefined","undefined","","","","","","","","",""
"undefined","undefined","undefined","undefined","","","","","","","","",""
"undefined","undefined","undefined","undefined","","","","","","","","",""
"undefined","undefined","undefined","undefined","","","","","","","","",""
"undefined","undefined","undefined","undefined","","","","","","","","",""
"undefined","undefined","undefined","undefined","","","","","","","","",""
"undefined","undefined","undefined","undefined","","","","","","","","",""
"undefined","undefined","undefined","undefined","","","","","","","","",""
"undefined","undefined","undefined","undefined","","","","","","","","",""
"undefined","undefined","undefined","undefined","","","","","","","","",""
"undefined","undefined","undefined","undefined","","","","","","","","",""
"undefined","undefined","undefined","undefined","","","","","","","","",""
"undefined","undefined","undefined","undefined","","","","","","","","",""
"undefined","undefined","undefined","undefined","","","","","","","","",""
"undefined","undefined","undefined","undefined","","","","","","","","",""
"undefined","undefined","undefined","undefined","","","","","","","","",""
"undefined","undefined","undefined","undefined","","","","","","","","",""
"undefined","undefined","undefined","undefined","","","","","","","","",""
"undefined","undefined","undefined","undefined","","","","","","","","",""
"undefined","undefined","undefined","undefined","","","","","","","","",""
"undefined","undefined","undefined","undefined","","","","","","","","",""
"undefined","undefined","undefined","undefined","","","","","","","","",""
"undefined","undefined","undefined","undefined","","","","","","","","",""
"undefined","undefined","undefined","undefined","","","","","","","","",""
"undefined","undefined","undefined","undefined","","","","","","","","",""
"undefined","undefined","undefined","undefined","","","","","","","","",""
"undefined","undefined","undefined","undefined","","","","","","","","",""
"undefined","undefined","undefined","undefined","","","","","","","","",""
"undefined","undefined","undefined","undefined","","","","","","","","",""
"undefined","undefined","undefined","undefined","","","","","","","","",""
"undefined","undefined","undefined","undefined","","","","","","","","",""
"undefined","undefined","undefined","undefined","","","","","","","","",""
"undefined","undefined","undefined","undefined","","","","","","","","",""
"undefined","undefined","undefined","undefined","","","","","","","","",""
"undefined","undefined","undefined","undefined","","","","","","","","",""
"undefined","undefined","undefined","undefined","","","","","","","","",""
"undefined","undefined","undefined","undefined","","","","","","","","",""
"undefined","undefined","undefined","undefined","","","","","","","","",""
"undefined","undefined","undefined","undefined","","","","","","","","",""
"undefined","undefined","undefined","undefined","","","","","","","","",""
"undefined","undefined","undefined","undefined","","","","","","","","",""
"undefined","undefined","undefined","undefined","","","","","","","","",""
"undefined","undefined","undefined","undefined","","","","","","","","",""
"undefined","undefined","undefined","undefined","","","","","","","","",""
"undefined","undefined","undefined","undefined","","","","","","","","",""
"undefined","undefined","undefined","undefined","","","","","","","","",""
"undefined","undefined","undefined","undefined","","","","","","","","",""
"undefined","undefined","undefined","undefined","","","","","","","","",""
"undefined","undefined","undefined","undefined","","","","","","","","",""
"undefined","undefined","undefined","undefined","","","","","","","","",""
"undefined","undefined","undefined","undefined","","","","","","","","",""
"undefined","undefined","undefined","undefined","","","","","","","","",""
"undefined","undefined","undefined","undefined","","","","","","","","",""
"undefined","undefined","undefined","undefined","","","","","","","","",""
"undefined","undefined","undefined","undefined","","","","","","","","",""
"undefined","undefined","undefined","undefined","","","","","","","","",""
"undefined","undefined","undefined","undefined","","","","","","","","",""
"undefined","undefined","undefined","undefined","","","","","","","","",""
"undefined","undefined","undefined","undefined","","","","","","","","",""
"undefined","undefined","undefined","undefined","","","","","","","","",""
"undefined","undefined","undefined","undefined","","","","","","","","",""
"undefined","undefined","undefined","undefined","","","","","","","","",""
"undefined","undefined","undefined","undefined","","","","","","","","",""
"undefined","undefined","undefined","undefined","","","","","","","","",""
"undefined","undefined","undefined","undefined","","","","","","","","",""
"undefined","undefined","undefined","undefined","","","","","","","","",""
"undefined","undefined","undefined","undefined","","","","","","","","",""
"undefined","undefined","undefined","undefined","","","","","","","","",""
"undefined","undefined","undefined","undefined","","","","","","","","",""
"undefined","undefined","undefined","undefined","","","","","","","","",""
"undefined","undefined","undefined","undefined","","","","","","","","",""
"undefined","undefined","undefined","undefined","","","","","","","","",""
"undefined","undefined","undefined","undefined","","","","","","","","",""
"undefined","undefined","undefined","undefined","","","","","","","","",""
"undefined","undefined","undefined","undefined","","","","","","","","",""
"undefined","undefined","undefined","undefined","","","","","","","","",""
"undefined","undefined","undefined","undefined","","","","","","","","",""
"undefined","undefined","undefined","undefined","","","","","","","","",""
undefined,undefined,undefined,undefined,"https://www.facebook.com/dogcatstar/posts/2763128263749150","[Error]: TypeError: Cannot read property 'attribs' of undefined","",1579264535,undefined,undefined,undefined,undefined,undefined
undefined,undefined,undefined,undefined,"https://www.facebook.com/dogcatstar/posts/2760507310677912","[Error]: TypeError: Cannot read property 'attribs' of undefined","",1579264535,undefined,undefined,undefined,undefined,undefined
undefined,undefined,undefined,undefined,"https://www.facebook.com/dogcatstar/posts/2595256143869697","1572321227","［發問］快三歲的挪威6.2公斤，每天餵生食兩次，以前吃七十克很勉強，這兩天吃到130克還在舔盤，到底餵多少才好😱",1579264536,"https://www.facebook.com/photo.php?fbid=2756385317707576&set=p.2756385317707576&type=3&eid=ARDD0BC8obxVZ2zdr26qW-6Uxt5AOO6632NIwT8qeadNMGN9R5OJdIe84H26Bu-P3uG6UX7PLuH3xDfz","https://scontent-sin2-2.xx.fbcdn.net/v/t1.0-0/p526x296/75446777_2756385321040909_5267471625527230464_n.jpg?_nc_cat=102&_nc_oc=AQk9IkjJKUAvmJad7ZluLiPUUGUkS_JBO9NK3yMwIBmVA4DsW9NHTazVdEEYl-lsrCE&_nc_ht=scontent-sin2-2.xx&_nc_tp=1002&oh=96b45f5e3230722b47be97383d83f34b&oe=5E9F7D3C",undefined,"",""
undefined,undefined,undefined,undefined,"https://www.facebook.com/dogcatstar/posts/2631227813605863","1573816191","【🐶🐱 2019 年最後一場寵物展！】
加入官方 LINE 免費索票＆優惠資訊
🔜 http://bit.ly/2qWJxUk
﹋﹋﹋﹋﹋﹋﹋﹋﹋﹋﹋
除了即將登場的新品外，還有滿滿新品和眾多組合優惠！
罐頭與生食皆有試吃，不怕你吃垮、就怕你不來😍
⠀⠀⠀⠀⠀⠀⠀⠀⠀⠀⠀⠀
⭐ #展場亮點搶先看 ⭐
✅ 主食、保健品、零食皆有優惠
✅ 神秘新品首登場 ⚡
✅ 罐罐與生食餐試吃台全天候供應
✅ 憑汪喵專屬環保袋結帳折 5 元
✅ 限量優惠組合與活動等你帶回家！
⠀⠀⠀⠀⠀⠀⠀⠀⠀⠀⠀⠀⠀⠀⠀
歡迎新朋友來嚐鮮、舊朋友來補貨，
快來找汪喵玩吧！🚀🚀🚀
⠀⠀⠀⠀⠀⠀⠀⠀⠀⠀⠀⠀⠀⠀⠀
🎫 #馬上索取免費入場券
🔜 http://bit.ly/2qWJxUk
⠀⠀⠀⠀⠀⠀
#11月22日到11月25日 #汪喵在南港展覽二館
#幫毛孩準備過冬囉",1579264536,"/dogcatstar/photos/a.836411033087559/2631225880272723/?type=3&eid=ARCADXykGuVBZuN82nYAo-ZzRVrIWgqPpJ8Onp5KHJt83Xu7C1HtPA6UtmlMM-jNH7sbpYRzxIqVIQ78&__xts__%5B0%5D=68.ARBICsY-lweRgMU8gY3G571rgeDH8GJoI5l1W6JPliPjAVj1kn1_pLul2AtQSlsFKlT1goaK0vwX5DUotH07y1XZ80wJOhrRMCswNkPdcbabWf4cGwoowwzaleuZ6YnL5doGQdrj1li_p1mdxNrHZVdtNLuosI7KAc1eMbj-1OVQetjBP7Zd3lwtRnyu5sr17t3eHpj8tfJcM7TOExV0i3kHIV8Cp6Ax7RsUA3QaeYs5e20821NO6cxbrELas6XD-3dljdKbBL4zgqC31NbZwlEvRLJKG2226zk3owUGEsznIxBsKdTPs_u8XMf4uCSYCVdMkYMgIynLj9fq6malh5HZrg&__tn__=EEHH-R","https://scontent-sin2-1.xx.fbcdn.net/v/t1.0-0/p526x296/76675346_2631225886939389_551968817262100480_o.jpg?_nc_cat=108&_nc_ohc=qEmC1W_1cCoAX8kWLFs&_nc_ht=scontent-sin2-1.xx&_nc_tp=1002&oh=cdf05996d8b923348c9555a02074faff&oe=5EDA2153",undefined,"Book Now",""
undefined,undefined,undefined,undefined,"https://www.facebook.com/dogcatstar/posts/2747866551941988","1578404006","警告⚠若您擔心貓咪出現影片中的行為
請勿隨意嘗試貓薄（ㄉㄚˋ）荷（ㄇㄚˊ）
超純貓薄荷 👉 http://bit.ly/35xiGNg

✅只取頂端嫩葉，嗜口性超棒
✅台灣產地直送，新鮮翠綠看得見
✅小瓶口設計，方便適量取用

再傲嬌的貓貓
也只能臣服於貓薄荷棒棒！

馬上來一罐 👉 http://bit.ly/35xiGNg

#不管他們吸了什麼
#都給我來一點
#這批很純🤩",1579264537,"/watch/?ref=external&v=1220639278131572&__xts__%5B0%5D=68.ARB42RFBHr3BQ7uIAsAjv7AKkbj3ncJ0ZOHgw9m3CK6MDGKt6GvodLJpDteMQ7cxvkD8myDbc_7Dl_dxWegq6gPdiogS-8o3H0Sscg7RHXmfwqmWLZ_RCekDoRYrjG2mb9f2_TRXQ1fgyrAHv4tGHoGW0dnvm6X6fvDPOFsnY8Gn3pjFrtwg_UO5L3-9y54Ytu1uYP31dLubE2i0EdEyIQgxuxIfsBvu7deFiulS2kVQXKp3Q88iqM2Rlfqx4yMPyZB5Cm9zV3-rnvGvOK6rb0qwQ5P5m1f87hFLQxOUZWy4gSRdhULhp5k7RH2iR9GBNPs47zxL6AGsMdy1i7Wnt1pJPY56vMIxxg09KtsZqacgvOE&__tn__=kFFHHH-R","https://scontent-cdt1-1.xx.fbcdn.net/v/t15.5256-10/73072957_1220640311464802_4494217069448921088_n.jpg?_nc_cat=106&_nc_ohc=oCvANRrbJS0AX-pceZA&_nc_ht=scontent-cdt1-1.xx&oh=02fd29ed6a2e855e763471a7374e4dc8&oe=5EA77A88",undefined,"貓咪舒壓神器！貓薄荷補貨哩！","Posted by 汪喵星球"
undefined,undefined,undefined,undefined,"https://www.facebook.com/dogcatstar/posts/2767552559973387","1579181620","你會幫毛孩準備年菜嗎😋？
猜猜照片裡有哪些汪喵商品！
採買年貨👉http://bit.ly/2QYKEOc

✔凍乾零食
✔鮮食餐包
✔無膠主食罐
✔貓薄荷

登～～～！
用上面 4 種食材
就能變出一桌毛孩的專屬年菜✨

到年貨大街現場逛逛！
👉http://bit.ly/2QYKEOc

#誰也是擺盤高手
#以下開放炫耀😍",1579264537,"/dogcatstar/photos/a.836411033087559/2767505219978121/?type=3&eid=ARA9B0w8hRUBlgaTSpH7Rr8GrAtyG_SYbgp1aOm0rdS2jQU6ArLbPIJF4MWSd2c0RirQqrMiaY8Msuad&__xts__%5B0%5D=68.ARBhq9ASjmkzU6lOXBIaq2IMypmWKioLW8Ej8FpGDBhIqjKYg7IAyi8wdqW5IVTHLnfxlQqFzWLrEfisybbg7b9XYBevBdHNaslvbOmUZiIu8JGG60sRcfk_sjYJZ6_9YdZ5IGmEcB2oSOt5BGH0nPC-t6XoFdjEDxhzfDRYVVYCtkEh0FZRSiAUKuH_R2q5g0-_88PHNgY08oy0jxp5a1-bupu5grVjzAnE39E7fVZwmT7ijoqEbqA2OId4quy5j08B8n_RwefyDQCpCFUsTeZw5moVlKn97zdfjFjDMQiUkyeeW7ix419dt9pISuvhkzcnF7C7b9FtSFLeSxugkPbWVg&__tn__=EEHH-R","https://scontent-sin6-2.xx.fbcdn.net/v/t1.0-0/p526x296/82834041_2767505223311454_2202884048899014656_o.jpg?_nc_cat=110&_nc_ohc=-8BknczRLu0AX8SyXwL&_nc_ht=scontent-sin6-2.xx&_nc_tp=1002&oh=75942f4b7e3d4135a3f38fca77ca5bc2&oe=5E965294",undefined,"",""
undefined,undefined,undefined,undefined,"https://www.facebook.com/dogcatstar/posts/2551479551580690","1570539702","開箱！！

— feeling amused.",1579264537,"https://www.facebook.com/photo.php?fbid=2587912131232315&set=p.2587912131232315&type=3&eid=ARA7lzQppYM5gOWCTaU840etmFZj6ce8SpTZA-ae-1L6bznnxJKZO1lGr_-php2aEX_Ii_tpe6HZ0nFC","https://scontent-sin2-1.xx.fbcdn.net/v/t1.0-0/p526x296/71865693_2587912137898981_261372352216956928_o.jpg?_nc_cat=100&_nc_ohc=SK3qwy5Frz4AX8oagkD&_nc_ht=scontent-sin2-1.xx&_nc_tp=1002&oh=458711eb7d679c139fa70f6bda224551&oe=5EA8B121",undefined,"",""
undefined,undefined,undefined,undefined,"https://www.facebook.com/dogcatstar/posts/2721806174548026","1577367232","你家也有愛挑釁的貓小妹嗎😆？
難道大貓真的怕幼貓？！
了解真相 🔎 http://bit.ly/35XIqUb

最近汪喵大家庭多了幾隻幼貓🐱
夥伴發現：新來的貓妹妹很愛欺負哥哥！
一下抓尾巴、一下霸佔哥哥的床
完全不怕被罵耶～😂（哥哥很無奈）

其實貓咪之間能不能好好相處
跟主人有很大的關係喔！

新貓報到 4 守則
一起來遵守 👉 http://bit.ly/35XIqUb

#汪喵冷知識
#誰家也有小屁孩",1579264537,"/dogcatstar/photos/a.836411033087559/2721783504550293/?type=3&eid=ARAjjls3sTpKFJyMmnyB1DgGQAWXAsVrvplFwZyDRIIP_0E9BGQCxpAGAsE1dOPJG4vSqyRCxNcamrge&__xts__%5B0%5D=68.ARBV5cvn62vGT0AYgTY1E6cgZ2KjOVlVLRmOEJrElmQJ_gWfm44rbAwu3EWaZ2AhBynNm5P3djMw9DkVaUUzOKJmjjjp3oguOvtvoTH9mLiz_-CLg2H9VQ7fgMwcXM6wnLb8dprLO57_U3to9qsAVC72d93nzOQMVFYx0ZPrBX0UDCOlKdnODSCnqqw9bDh5po5RIBRdviHwJo7LpcYpLjGhLBhHhJAIdl3MdaevAilBJDDZPrtuMyb4VoRpCrl6klKrnREb8C0vHq5JMz1uHsHUBW5-BcX1UQZtXWuo0nvCThCKfTmBsj4uO5ojreazD0vdewDWC8Skn_m4g6xNL5VCcg&__tn__=EEHH-R","https://scontent-sin6-2.xx.fbcdn.net/v/t1.0-0/p526x296/80414712_2721783507883626_6100494680208703488_o.png?_nc_cat=103&_nc_ohc=Kg5PQoRGmgAAX8WaXwG&_nc_ht=scontent-sin6-2.xx&oh=46ccb7d470cb12f26f661cdb215dbfb8&oe=5ED14C25",undefined,"",""
undefined,undefined,undefined,undefined,"https://www.facebook.com/dogcatstar/posts/2712730228788954","1576989191","欸欸你怎麼又跟進來了啦～
你家毛孩也會陪你上廁所嗎？
【馬上了解】 📖 http://bit.ly/2Sr5Bm3
﹋﹋﹋﹋﹋﹋﹋﹋﹋﹋﹋﹋﹋﹋﹋﹋﹋
不過盯著你上廁所是一回事，
你知道嗎？貓咪與狗狗的心情大不同哦🤨
⠀⠀⠀⠀⠀⠀
一起解讀毛孩的內心吧！
👉 http://bit.ly/2Sr5Bm3
⠀⠀⠀
這裡獲得更多犬貓知識！
📚 http://bit.ly/347sehP
﹋﹋﹋﹋﹋﹋﹋﹋﹋﹋﹋﹋﹋﹋﹋﹋﹋
快來分享你家浴室裡的窺視者吧👀

 #犬貓行為學
#汪喵專欄",1579264537,"/dogcatstar/photos/a.844953802233282/2712729312122379/?type=3&eid=ARAttoBe7rK-xq8lBz0fJ6KZ9mPDUqlAvE79C3hX3ELYcuflknuXDyTUr4wl2d1QPr3-huoLopgFa6RH&__xts__%5B0%5D=68.ARDIo_RyBitK-FohO6-GpwKkImDz47zeBA_pz_nAIQHg_kmyNMFAOTSEOpP3OOYeb_QxafYd7-5MP5_kgHQeCrSLQOfdnkKvC82UMDir6pbewuZcsDP7tM17g2kqyy7-sMh2up0PENXBMffX77rNacZnxbQNizSDFASjpTNPofXvIXdoDoMPz3jLjG6ACjcBmWUl5CQx-YK_aDRzzMGVcSMwO94ozsUuY4sBNIadhE9qQOA0iHTK5NQzYaSvj_7ah9VS-aIm83hYIs5SVnZconmw-ZqXlJK5AyWgkuJ_2tTnwP9Ke5qHjFDzWv0GlVqKKg9WCeTYmKaGwB8QFdPF-T2_lg&__tn__=EEHH-R","https://scontent.fhan5-1.fna.fbcdn.net/v/t1.0-0/p526x296/80372072_2712729315455712_3594349506004516864_n.jpg?_nc_cat=109&_nc_ohc=-0MsnzL0NgwAX8T9Hk6&_nc_ht=scontent.fhan5-1.fna&_nc_tp=1002&oh=c1f288a83eec685cac88de9c93ff89fe&oe=5E94327A",undefined,"Learn More",""
undefined,undefined,undefined,undefined,"https://www.facebook.com/dogcatstar/posts/2616221448439833","[Error]: TypeError: Cannot read property 'attribs' of undefined","",1579264537,undefined,undefined,undefined,undefined,undefined
undefined,undefined,undefined,undefined,"https://www.facebook.com/dogcatstar/posts/2551238578271454","1570541580","【📒 汪喵檢驗報告｜大腸桿菌、沙門氏菌 #均未檢出 】

毛拔麻晚上好：）

近期美國和日本都有寵物零食汙染沙門氏菌而使犬貓致死、回收的案例，在寵物食品界引起毛拔麻的恐慌。

汪喵自主送檢，在此公開相關「#冷凍乾燥常溫商品」的成份檢驗報告，希望可以讓毛拔麻放心。

﹋﹋﹋﹋﹋﹋﹋﹋﹋﹋﹋﹋﹋﹋﹋﹋﹋﹋﹋﹋﹋﹋﹋﹋
此次送驗商品：太空小零嘴(安心雞胸肉)、養生食補雞肉餅(美膚爆毛)、凍乾生食餐(安心雞)
檢驗結果：均未檢出。

自主檢驗結果說明
🔎 http://bit.ly/31Xgz4w
更多商品檢驗報告
📝 http://bit.ly/2AW3mgc

﹋﹋﹋﹋﹋﹋﹋﹋﹋﹋﹋﹋﹋﹋﹋﹋﹋﹋﹋﹋﹋﹋﹋﹋
一直以來，汪喵都非常重視食材、原料的挑選，不僅是希望毛拔麻能有更安心的選擇，更是真心相信每隻毛孩都值得最好的。

未來，汪喵也會持續堅持製作天然、健康的犬貓食品，讓毛孩吃得更好，陪我們一起慢慢變老！🐶🐱",1579264537,"/dogcatstar/photos/pcb.2551238578271454/2551227781605867/?type=3&__tn__=HH-R&eid=ARDYpUev4zMDdt0SpkItvQuW8BOvxL4GMpQ9F17BDqX-RKhjkF51KjOXJvXtxi1EsS8JnLwxujN8W4fZ&__xts__%5B0%5D=68.ARABCLtPJi_MC_FS_X2ypm3FgUcuT6gRkR90wWA2YjUHOrEDLp4QPVubDPbqgt-j0qWQBw1441BjKFxhoxIc34uio8k9AKtP_WqwZjOFc38J_q9UG75yk-7xS9z2295i-lk_3nfidmoaAQDkr-geeV8TtV4baspq8H_HfXdPAtVC96Htpvc4lEjUIMqtFnMWXVtM-H_hQ_XdQ-ftCTQJSDw3ZahnU5a5Cv-XC9uHKBD6F6_lCPSjbch-bUqOstxvlDhvUFB8pbciQPsrtQRpO-FDb4rcToVuCB89fQDXwyYQrSA6u9eDyFdDtKRXcgT1SAMsDFS5N6ZDGnaWfyzv7EZWyw","https://scontent-sin2-2.xx.fbcdn.net/v/t1.0-0/p370x247/71679986_2551227784939200_6493582267665874944_o.jpg?_nc_cat=102&_nc_ohc=ZVNo4mRoBD4AX87Hw_W&_nc_ht=scontent-sin2-2.xx&_nc_tp=1002&oh=1c3a1f88127cf7f7084102b8a4d425bb&oe=5EA6F709",undefined,"+3",""
undefined,undefined,undefined,undefined,"https://www.facebook.com/dogcatstar/posts/2693911617337482","1576330380","每種狗狗都是最棒的🎉
那麼你知道牠們各自的天賦嗎？
📚 http://bit.ly/36ooxWa
﹏﹏﹏﹏﹏﹏﹏﹏﹏﹏﹏
🐶 #狗狗界的第一名 🏆
﹋﹋﹋﹋﹋﹋﹋﹋﹋﹋﹋
1⃣ 黃金獵犬➡️最棒的家庭陪伴犬
2⃣ 拉布拉多➡️最棒的導盲犬
3⃣ 臘腸犬➡️腿最短的狗狗
⠀⠀
還有哪些「狗狗之最」呢❓
馬上閱讀【完整版冷知識】
🔎 http://bit.ly/36ooxWa
﹋﹋﹋﹋﹋﹋﹋﹋﹋﹋﹋﹋
因為狗狗品種太多了，毛編沒辦法一一介紹。想特別聊聊哪個狗狗品種，歡迎留言！毛編馬上來解惑！🙋
⠀⠀
#汪喵星球 #寵物行為學",1579264537,"/dogcatstar/photos/a.836411033087559/2693907877337856/?type=3&eid=ARALEQVPR9GJGjKDiMTNcKeyx_UgW9ZTbF4MzOm4EfCOwTEHtVcoZdYBnTRR0xp2TeAC558YV79hrhP1&__xts__%5B0%5D=68.ARCsEQPDpSu9tSgLdLv5xvmr1JfGSmMhO1x6Zm_a-7KtTJqoO2cLZBGFjE957QcihQCajkD3OuHnUIR6381jIY-50Q7TswCywIFvLquX2U9F3RWSxgPzCP-nGuYT7pI9-x0j3vlAfnZa43LsaxLsv-UKKjMTQBFgFx3Gj1kCPcE6pFv7yehUsSyAw2D5Wq2Suk3r8ySkxL575YAgbJcDZAGnmDqkSZj9KYmK9PL0ALt2zW9QQ31wbBv1vChsyi-ZLGYSHr_ZTEi-41LsJ92S48C12NctG8C_QeHxT_pPaDOTsvmTFZyTROIwNz7dyReBOYq7ujL4FPsdmiJ-MbjimL2AbA&__tn__=EEHH-R","https://scontent-sin6-2.xx.fbcdn.net/v/t1.0-0/p526x296/80245627_2693907884004522_7657986960044064768_o.png?_nc_cat=111&_nc_ohc=WUtkS6jvJvgAX8hC-qK&_nc_ht=scontent-sin6-2.xx&oh=60c84537815ea5276823f431b7ce0e72&oe=5E9640CC",undefined,"",""
undefined,undefined,undefined,undefined,"https://www.facebook.com/dogcatstar/posts/2743910652337578","1578231341","你知道心絲蟲的潛伏期長達半年嗎？
除了狗狗，貓咪也有可能感染喔😰
【💡教你預防】http://bit.ly/39BzlCP

 藉由蚊子傳染的心絲蟲
感染初期並不會出現明顯的症狀
等毛拔麻發現異狀的時候，往往已經很嚴重了😖

 預防勝於治療
一起了解怎麼做吧✊
【📖閱讀專欄】http://bit.ly/39BzlCP",1579264537,"https://l.facebook.com/l.php?u=https%3A%2F%2Fbit.ly%2F39BzlCP&h=AT1O-4l3WOXSnPyf4s5HSr1dsksFGZiD2T-CiaGztFMDsYzBqncCDKB8E_-rBIQmuMnM_bWt0bDISWWhHCbycRS_qQU7WBCOamRj0wZZFkjm-4mWPggWPA4G8DtrPlpn4iRmtASj8Xk-QnHSzST21vx9dCOiIfr09P6yka5Ro9kmsoMn1Cm_NVYyWHZOosP0zkC3-nT4JAiNTeXny-9nm9aq7GOX0wf07he27UMa-m7ZfUkeaK3u--YkkO1zEXxQb3MF3g0fxqkhWtmqse687mhBRb1klNq-T29_BkI8XgY7ojAAxzrMy0b5WeUqnw_uGcfyVcdDii8dZmgsTWEidcZW50pPLSKcLSLyIEfF4RrCG-4NFvzSh1CwAb_GCF9hsjggQO--icwyiVtov1REeMszrr1vBp4yoF5Gf2ItgCQH7v7TEHuPmhAoiE7Bi2hA9FQTha8_7Pq8vR3cqVsXoRxoGQ0hC7ZfLofsdrTq5LbUFFwUSqy74ckLynhw4AM_dknyaHEdJmGWgKXpuWtr-IfeOIpA9PkMM9ARDOROROq4GvwMcknfbwZ_ZSBEqEbJIL-bEJSh1IVzz13h2kIPtS4LkghnM4cFiy4O5PzhmLvQpW-eCrt_RgkZD9VSl6yaJ6YUxedFu4Bx5mpi","https://external-lga3-1.xx.fbcdn.net/safe_image.php?d=AQD5aOCItFs1qRJt&w=540&h=282&url=https%3A%2F%2Fwww.dogcatstar.com%2Fwp-content%2Fuploads%2F2019%2F12%2F24%2F658767%2F%E3%80%90%E7%8A%AC%E8%B2%93%E7%9A%84%E5%B8%B8%E8%A6%8B%E7%96%BE%E7%97%85%E3%80%91%E7%8A%AC%E5%BF%83%E7%B5%B2%E8%9F%B2%E7%97%87%E9%A6%96%E5%9C%96.jpg&cfs=1&upscale=1&fallback=news_d_placeholder_publisher&_nc_hash=AQApgbOeC0wOJjhP","心絲蟲症,犬心絲蟲症,狗 心絲蟲症","相信各位毛拔麻或多或少都聽過有著「犬貓隱形殺手」稱號的心絲蟲症吧！根據獸醫內科醫學會的調查顯示，台灣犬隻心絲蟲 . .","dogcatstar.com狗狗的隱形殺手-犬心絲蟲症【犬貓的常見疾病】 - 汪喵星球相信各位毛拔麻或多或少都聽過有著「犬貓隱形殺手」稱號的心絲蟲症吧！根據獸醫內科醫學會的調查顯示，台灣犬隻心絲蟲 . .相信各位毛拔麻或多或少都聽過有著「犬貓隱形殺手」稱號的心絲蟲症吧！根據獸醫內科醫學會的調查顯示，台灣犬隻心絲蟲 . ."
undefined,undefined,undefined,undefined,"https://www.facebook.com/dogcatstar/posts/2636133709781940","1574003666","超欣賞",1579264538,"https://www.facebook.com/photo.php?fbid=897186447367&set=p.897186447367&type=3&eid=ARBTmhYPkGRXuhpUZb0Hqcwv5uG8Lsv9We9knzQoCqV9Bj77DPv7RkoDlA378-7tururOhAIY9nIFFM2","https://scontent-sin6-1.xx.fbcdn.net/v/t1.0-0/p526x296/77252147_897186452357_8985782937190400000_o.jpg?_nc_cat=109&_nc_ohc=A6jcgrdkS4YAX88hWTa&_nc_ht=scontent-sin6-1.xx&_nc_tp=1002&oh=1e43899a34007b7f1c1469916dc721d7&oe=5E9ADB54",undefined,"",""
undefined,undefined,undefined,undefined,"https://www.facebook.com/dogcatstar/posts/2719649908096986","1577280817","毛編意外發現…
很多毛拔麻也喜歡吃汪喵零嘴XD
你也是其中之一嗎🤣？

以下為毛編的零食清單：

#爆蛋柳葉魚🐟
喜歡跟家裡的毛孩一人一半分著吃
頭給他、毛編自己吃尾巴
魚卵在嘴裡化開很療癒！

#雞胸肉🐓
可以整塊吃＆撥成一絲一絲慢慢吃
沒有任何調味，都是雞肉的香味～
感覺很適合健身後食用（？）

#紐西蘭綠貽貝🐚
原本是買給家裡的老狗狗吃的
讓他補充鐵質、保養關節
結果毛編發現丟在泡麵裡超好吃...

那你們最喜歡吃什麼呢😋？
以下開放討論！

（🐶🐱：有人在乎我們的感受嗎...）

🌊逛逛海味零嘴 >> http://bit.ly/35WtnKv
🍀逛逛山味零嘴 >> http://bit.ly/34Ru9qz",1579264538,"/dogcatstar/photos/a.836411033087559/2719648671430443/?type=3&eid=ARAnqSvBUwKrhZQEUOqJXXpJpWRVaIygT_H1S6kgzbNCvMIr05hwpNCVWikBT78-Xsd_oR7g1ir4ARGK&__xts__%5B0%5D=68.ARAsvHzcowkbxhHTSVwzKSEwszpnzyxVJpv_JaXWawNhQ0dESeDbxm1ZLAtxBIklp_Sbcnysa83LSc9wtoD8mEcZqHrmA6F8dGstWWjc0F3TnkE_Sd_4q9xX_8cm-xEn8K3Sn96kJ16We8uk6UcKxFNOIX0r-vuTunoI4WkTC7Hd4rgVY2aLgsHhGQbsZTF7STYqs1_Gpu4i1ii1EmrRZLUmE-avKwTazs8dMNrjyN8PkLfAOtZ_O2RmTr2Ufks6r-2hiWPnQFb2zeWDuC5VmbFqXegmL2ZIdkvLMZMYQHMdp6W-rVY7V67wkFuOmrYkO434BWG1s7YK4T3kh1tpjaSRaQ&__tn__=EEHH-R","https://scontent.fdac27-1.fna.fbcdn.net/v/t1.0-0/s640x640/80392054_2719648674763776_2803216912333406208_o.jpg?_nc_cat=104&_nc_ohc=08v1CgpQBMYAX-TPxm3&_nc_ht=scontent.fdac27-1.fna&_nc_tp=1002&oh=4daeb2c6d79b8c25f72beccfb634fa16&oe=5EA43101",undefined,"",""
undefined,undefined,undefined,undefined,"https://www.facebook.com/dogcatstar/posts/2756291554432821","[Error]: TypeError: Cannot read property 'attribs' of undefined","",1579264538,undefined,undefined,undefined,undefined,undefined
undefined,undefined,undefined,undefined,"https://www.facebook.com/dogcatstar/posts/2678176945577616","1575639203","這週開始明顯感受到冬天來了⛄
你家的被窩是否也變熱鬧了呢？
＼分享你的被窩長出什麼軟萌生物吧／
⠀⠀⠀⠀
這裡看看更多汪喵字典！
📚 http://bit.ly/38bc2yX",1579264538,"/dogcatstar/photos/a.836411033087559/2678128912249086/?type=3&eid=ARAVlNCKK_1WZ72ZheZS3GE_h8whRtfLpxEcki01zPSB5h6ibyMaRnC6PqL2YSodIC_E_mONCgZKhNur&__xts__%5B0%5D=68.ARCeYCVgY4ivm89Zlz7zGhU3I2Xdt4mLqQHVmb-cDnVjwLMFD9w_eiguedXbpfuevtohXalZf-9nIaomir7piphW33DilTi-j94KwB9lEi4m4k45Frd-d_jYBjDfyKO2VhcVX8ecIt_mGfnCh40RRb8SX1NxxnE04-xrxuzfiJapbZnhHiNJ-OGigeUXkF8eLAO5HXHoI7zeVi39Ydb5IyTKPaSosx5WntJTCm1Er4R0UbkAyZdDNx5UJq2Gko8-5Wd_pDku0JfsYIIf3Sno3HMiIcgWzmAuw2bcKCrf8XLbmjhxfeB-y5FeZEU33IFkQfnkMjhlIM-c5n3cEKXZztevSw&__tn__=EEHH-R","https://scontent-sin6-1.xx.fbcdn.net/v/t1.0-0/p526x296/78397232_2678128918915752_3167621806244757504_o.png?_nc_cat=107&_nc_ohc=BP4sVNerLDQAX8vxCRt&_nc_ht=scontent-sin6-1.xx&oh=7d22df6f7fcdee56424aef47726a55c2&oe=5ED1D5C3",undefined,"",""
undefined,undefined,undefined,undefined,"https://www.facebook.com/dogcatstar/posts/2648467078548603","1574515995","📣今年最後一檔線上寵物展
#汪喵幣３倍送 #滿額再送生肉
🔜 http://bit.ly/34inp5W
﹋﹋﹋﹋﹋﹋﹋﹋﹋﹋﹋
即刻起至 11/25 晚上 11:59 之前
購買汪喵冷凍商品
⭐ 滿$2500送一包生食餐
⭐ 滿$4000再送一包
⭐ 滿$8000再送一包
⠀⠀
同時還有汪喵幣３倍累積
歲末年終，快幫毛孩屯肉肉！
⠀⠀
🐱貓咪生食餐 👉 http://bit.ly/34inp5W
🐶狗狗生食餐 👉 http://bit.ly/2D5Gyf5
⠀⠀
#11月22日到11月25日 
#汪喵線上寵物展 #準備過冬囉",1579264538,"/dogcatstar/photos/a.836411033087559/2644302192298425/?type=3&eid=ARB04NncmtSTReTo-2Q7LijT3q5Ck0riotL5hSNvkRpYyjSEzkDamig3NyLl6RzRP0aicZHPb0t3Vvzq&__xts__%5B0%5D=68.ARAhRgh3cU8t_DVDrtM6_ZhRcecGUwosFw-QJtJykulNcqt6Ba6ghbmNFqxk9BreSqFJRwsURHR7tsuqtAHaeWMQfjz7p5wA4xSzerjcIxO19wGgzf5LNvU_M6GeIaAcmKPFWxMnQWi6vO2TRHlNHGRhTcBOO8_q3YLpNsDbcmAbpjaNSyZ7lL1xvX3NAyJZ1RbSBZGVoUqeZamLOx2e3ZRk_pmMgtb-H8tZMAsWHRfk-WQOX9KBfftzPjc9hxqnzSuXRD9NUiX6v9xuzGWNi9NG9yUDepCzmU7emmWZ-aQhiquFcY708Sz0FDt6KwuYkzPshGHhbY2QuyRbt54AV01MBg&__tn__=EEHH-R","https://scontent-maa2-1.xx.fbcdn.net/v/t1.0-0/p526x296/77173192_2644302198965091_1675116315787919360_o.jpg?_nc_cat=104&_nc_ohc=lbxdr6haWLEAX-2uTbd&_nc_ht=scontent-maa2-1.xx&_nc_tp=1002&oh=ad523b30e27a8007523dc39a2ae64347&oe=5ED38EA8",undefined,"Watch More",""
undefined,undefined,undefined,undefined,"https://www.facebook.com/dogcatstar/posts/2569933909735254","1571286180","【🐱 挑嘴罐大罐上架啦！】
📢 #多貓家庭 #大食量貓貓 照過來！
一箱 12 罐 $828 🔜 http://bit.ly/2qdqJjk
﹋﹋﹋﹋﹋﹋﹋﹋﹋﹋﹋﹋﹋﹋﹋﹋﹋﹋
【 #３款健康美味魚 】
🐟 鯖魚｜豐富鐵質，有益補血
🐟 鮭魚｜天然蝦紅素，幫助提高抗氧化力
🐟 秋刀魚｜豐富鈣質，維持骨骼健康
⠀⠀⠀⠀⠀⠀⠀⠀
【 #挑嘴貓鮮魚無膠主食罐 】
✔ 符合 AAFCO 及 NRC 主食營養標準
✔ 優質海鮮，零香料也超好吃
✔ 取代營養不足的零食與副食罐
✔ 促進食欲，幫助補水
⠀⠀⠀⠀⠀⠀⠀⠀⠀⠀
用海鮮香氣，滿足毛孩飢餓的胃與挑嘴的味💓
立即選購 👉 http://bit.ly/2qdqJjk
﹋﹋﹋﹋﹋﹋﹋﹋﹋﹋﹋﹋﹋﹋﹋
#汪喵星球
#讓毛孩吃得更好 #陪我們一起慢慢變老",1579264538,"/dogcatstar/photos/a.836411033087559/2569933629735282/?type=3&eid=ARBgt4VF0F1wl3RXq7akKwNAs-IWhzR9AD3jOAUw9wtPniSy3iE-oUuXl2H7ndGUaNPnO9yPzNRkyzc9&__xts__%5B0%5D=68.ARDQm-nV4pqQkXczclhIG0dwYFI7viyblL-vz-iz_ZP39uy1rcxXDxLSS1TZKugNLPY8PA6H9VttOD6Jqj0eE0Pgp8pFIuOqzAzW5vUyqv0jy_Fx_sj3yOFB5wDHTM_Bgz_sNe7lZJ4TM9WcNNZKIFloiIBTM5BYXQsF8MEv_R-8gNDm-OKsfiLyuRwYF95H2NO0FALZVeX1ZYdInDcowVyujHWIVewcJae6GjaMe59v0d6dn8pPWdOKteL6OF5g5migLff_a1RApvKzwODrFX28CltSDZnqNN6J7ZrgBNvGDPnNSXplA7eLFlGv4owUNjVBsF5us5J7CaqGef0WL1yTcg&__tn__=EEHH-R","https://scontent.fcgk16-1.fna.fbcdn.net/v/t1.0-0/p526x296/72810603_2569933639735281_8555219762915835904_o.jpg?_nc_cat=108&_nc_ohc=p4VwDuGYOIUAX9lMzoC&_nc_ht=scontent.fcgk16-1.fna&_nc_tp=1002&oh=1b976c1edd5e2966be4481f3a4d22e94&oe=5E93870E",undefined,"Beli Sekarang",""
undefined,undefined,undefined,undefined,"https://www.facebook.com/dogcatstar/posts/2717218931673417","1577194422","就是要讓毛孩吃得比你好！
限量500包的✨日本大干貝✨
強．勢．回．歸 👉 http://bit.ly/2QeBBqB

從北海道進口的 #生食級大干貝
富含蛋白質、omega-3
透過冷凍乾燥技術將水份直接昇華
完整保留干貝的鮮美＆營養😋

限量500包的貴婦系零嘴
不買給主子嚐嚐嗎？

手刀搶購 👉 http://bit.ly/2QeBBqB

#毛孩吃干貝
#我們自己吃泡麵就好😭",1579264538,"/dogcatstar/photos/a.836411033087559/2717213341673976/?type=3&eid=ARDkBJkn39Sg3x6rnd7QHPUE8EzVHZrEche07-DFFCfCbdr3kAjBTk140sDEJSELRGyhC1NiNqC0rblh&__xts__%5B0%5D=68.ARBE0XXkY87m1Qkvn2e1NtqCEkcq_ekKVRdbZsF_lCRVO8cngbKn_1NJNJsEWKhjclLcOktA5mGsE5CYbkXWQKwOs4gf8oAz6rQe2cdAZ0gmdijQcQjTpb2N5sELVIXSuBiZLrenztSScbn71wl27wgrLrrN1AlpsUQw9N3hld-8DJtLCsb4pq73A_X-IbrYFdk-j3V47Lfix5NAlpZ-s6ihq0rX49dTpxl8V5gtKjwFd7jxoC7oczGlvURIlxG-5iYN8L04QlqC0dYCq9hkbPHWj6HoqJmCVk2Xj4AIPuzCiMAxtCG_NgUb60CuymRUtGYRNnPoPeRa74y8ok5TjXGi3w&__tn__=EEHH-R","https://scontent-cdg2-1.xx.fbcdn.net/v/t1.0-0/p526x296/81369675_2717213348340642_1354965953145733120_o.jpg?_nc_cat=102&_nc_ohc=D-XIllUVMpEAX_9KEu6&_nc_ht=scontent-cdg2-1.xx&_nc_tp=1002&oh=c4c97bbb7029c9d4c484ed78f89fe697&oe=5ED6F018",undefined,"",""
undefined,undefined,undefined,undefined,"https://www.facebook.com/dogcatstar/posts/2721696307892346","1577539983","#毛拔麻必收 2020 新版寵物急診清單🚑
一定要分享給更多人知道！
教你判斷毛孩狀況 👉 http://bit.ly/37klPl9

我們沒辦法預防所有意外的發生
但我們可以做好萬全準備✊

✔ 了解寵物急診分類
✔ 學會判斷毛孩的身體狀況
✔ 準備 24 小時急診口袋名單

讓毛拔麻在意外發生的時候
冷靜做出最好的應對！

【💡馬上了解】http://bit.ly/37klPl9

#圖上僅列出全年無休急診名單喲
#此名單汪喵皆親自聯繫過
#確保有緊急需求的毛拔麻不會撲空
❤️",1579264538,"/dogcatstar/photos/a.836411033087559/2721694961225814/?type=3&eid=ARCjy2vFBkpAhPZfVZO3fJjFLrRb5CXcISDPIgGdrZdoAHiGGNE0-piflOMyWd8DFvUT3F3S_rIy8XiU&__xts__%5B0%5D=68.ARCUBSo33m5YCDDDd4eCHVEMa1QNTBa5MMeY2RM-eXsfkpnu6aAPBtw8A8nefU1k5Y6JuE57a2qIPw7q78UhYaTsu3fAUG1pjjTsocXNb-N3fDWuk4PAoUhnyfOtjLpZ7hl4GfRWkdmgeap9SzHtcFhcRiIzbIG6wZ9XdGOgD289X7MuANO8bDJZWexmSJ2nnE3iZYsbMeReaMoQACD1uM3XrulInPEIJSoZF69501436UZ0F7E2GkTRXyrc0FzVgxSaZTm40cgNDOcY6LBu95a_Nd7iyshhrCYIV2R5Dt5zpuQeJ5vBlVwdnB1_TN7vsyg9pwW324ES904IdPLYQMMIvw&__tn__=EEHH-R","https://scontent-amt2-1.xx.fbcdn.net/v/t1.0-0/s640x640/79866527_2721694967892480_5561643436097929216_o.png?_nc_cat=102&_nc_ohc=lxSpn-i9vhwAX-uRvAl&_nc_ht=scontent-amt2-1.xx&oh=02867d3e79f9c56ece7c55a88386ef31&oe=5E8FFA9F",undefined,"",""
undefined,undefined,undefined,undefined,"https://www.facebook.com/dogcatstar/posts/2739198532808790","","","","","","","",""
undefined,undefined,undefined,undefined,"https://www.facebook.com/dogcatstar/posts/2545015482227097","1570249229","狗，才不累呢。
#貓就更不用說了
#想想你家那隻",1579264539,"/dogcatstar/photos/a.836411033087559/2078857892176194/?type=3&eid=ARB23EaHkj8VJjI3nvHfKN4bjKrHhlDFCUgLFlfyMzOtKOOqnVXgH2QhttzAgEdkfkFs9v97WayNKTPV&__xts__%5B0%5D=68.ARDVf-ZPCCcx03QzwSotZHzxQWeOFrmGsaStw2hYuxuG8xGQ0SIpZl9pjAaqJS_TPDqjCsW9TTzzbrGDIAAD39lXhukqLLs90nYwaq-hb0JO63emAbznRo3aQyQco2Q2vE83QXzW44HTdnivSs7ciSreGyVLi8GS-qqDU97nIe2QucJqOH0IbdEtAzOGij-IpTdVGWPUsEJ23mwv6g_0828xrOp4clP12DXkJGbhcN1H_I9OmW4pVDHaz_sW1ZiH0t-akIr2p22HpGyMoU2JxRRj47EEdFtqYiyMZg5YR-nDdhca8DE3ODfxh5npkde5pi3QMmIX8QDF53ONjqv4fHdAG_F_oHMG0yGt2uutACldBBdUyprPzMjRnAKP7fjAoYyC_eupaW9wxSmajoy7jeNlvXt9GuchgSriJN_vKYMFA7-EhZ86w4T88l92l1UcvNLKjDsvv9_sHM5jP-Q3fj5tDeW4BK1xjXYG-EtqgG0T10q-ebAExuT5&__tn__=EEHH-R","https://scontent.fcgk13-1.fna.fbcdn.net/v/t1.0-0/p526x296/49144870_2078857895509527_6834656761786400768_o.jpg?_nc_cat=104&_nc_ohc=N3_tRQMU3hAAX-vUJ3o&_nc_ht=scontent.fcgk13-1.fna&_nc_tp=1002&oh=590880d274be46877cc869c9b217597a&oe=5EDB9523",undefined,"汪喵星球",""
undefined,undefined,undefined,undefined,"https://www.facebook.com/dogcatstar/posts/2706709066057737","1576816380","#留言拿折扣碼✨
試試美味的紐西蘭──綠．貽．貝😍
馬上搶購👉 http://bit.ly/2PzhjZR

其實綠貽貝就是大家熟悉的「淡菜」
身為歐式料理常用高級食材，
營養價值超厲害！

✅天然葡萄糖胺、軟骨素｜照顧關節健康
✅omega-3｜保護眼睛、心血管
✅鐵質＆硒｜補充礦物質及抗氧化營養素

鮮甜海味，征服貓咪狗狗的胃！
（還有愛吃淡菜的毛編我～嘿嘿嘿😋）

🎁快來曬你家貪吃鬼的照片
並且告訴毛編他平常最愛吃什麼？
就送你 #綠貽貝折扣碼‼

綠貽貝這裡買👉http://bit.ly/2PzhjZR

#汪喵星球
#讓毛孩吃得更好 #陪我們一起慢慢變老",1579264539,"/watch/?ref=external&v=364207964428525&__xts__%5B0%5D=68.ARDVrFCY9Adteycsv8UM7AEpmZsbFQhQhh5_y3qXKQp4veszooL2gwlqelMUCMeTm5h2DWkWctPWuRExBgz7AqdsvniullzZYTC7jhj17dwkkIxXvQXr_2zpCcs7t0o6ujo4Lbv3q_BGNdJaxEcTg-F-GP1zEvefObM7lSmddpSxCacF62aoueBGqN0-cUsUANFrlM6iRlBrGjC1ei7xCtUoyAafcm5PKBotOR2iNDTi5gzUCN3QvpWKmhgqJnCWjRxlnnCN1hKDKHXW0hC2k2XKUwZf331SvcJv9TQAyZaGVmmm9qpv6fGDvZoi5tZoZYt_I4uyC9O1oMW_XA7rd6M5FGls8AG7MDYsIwXb2MfD0YEvkgmKY62AIUU&__tn__=kFFHHH-R","https://scontent-cdg2-1.xx.fbcdn.net/v/t15.13418-10/75302962_627386381133020_8886495078697140224_n.jpeg?_nc_cat=110&_nc_oc=AQlXg0fOJiLY2eoBQqIELsF0V0qsBPHOC7FYslfME9OVVjmR4T40fyN9aedwOUN11yPqw-Y1B_NNOPz7hZjPYW1G&_nc_ht=scontent-cdg2-1.xx&oh=b5c385d579cc4f699d16ec3582faa998&oe=5EA421B4",undefined,"🔥紐西蘭綠貽貝🔥貓咪狗狗都愛的鮮甜海味！","Posted by 汪喵星球"
undefined,undefined,undefined,undefined,"https://www.facebook.com/dogcatstar/posts/2615998725128772","1573441720","‼限時1111瘋，汪喵來了‼
#年度最優惠只到今晚 23:59！🎉
不囉嗦馬上逛 👉🏻http://bit.ly/2NMWrfw
⠀⠀⠀⠀⠀⠀
【📢 超級兩倍滿額贈❗ 】
✅ 滿 $3333 輸入優惠碼『buy3333』
送挑嘴罐80g x3 (一組) or 乳酪棒M號 x1
✅ 滿 $4000 再送價值 180 元的零嘴
怎 麼 這 麼 好！！！
⠀⠀⠀⠀⠀⠀
【📢 聽說比寵物展便宜🤫 】
⚡ 全品項罐罐，超殺折扣💥
⚡ 全品項零食 88 折
⚡ 全品項凍乾 $1111 元
⚡ 益生菌兩盒 $1111元
⚡ 經典８字貓抓板 $1111元
⠀⠀⠀⠀⠀⠀
【立即搶購】👉🏻http://bit.ly/2NMWrfw
⠀⠀⠀⠀⠀⠀
#雙十一開跑啦 #一年一度只有一天
#毛孩也要1111瘋 🐶🐱🎉",1579264540,"/dogcatstar/photos/a.836411033087559/2615998291795482/?type=3&eid=ARDdWxvulKct8YB3E4UvnwNz4qqYAa5ugw4YY7wKHcX01i3TuhNDD44hqgwipUeSks9IOZBNQejEhfhq&__xts__%5B0%5D=68.ARBkIaGnaa8R8izQBxxFfLhXxX5h2RBGGn8SIYJBz2Ep8ZXznk8rOMk9TjJGW60loAUt7n38t03tGW-8rCHNXgDHsvW3C9nfOFjK33ip4jkSbosb6kky6dqJIZJ19dxRhljLVIfilEMnf9TCQE4fqTxmB-rPjg012JsbcYcwMMUEN00KQx_vBbROYyJTB3ZK0bzRBkjXYkPFhcNBOP0Ddwuzw7DM3aoxdi4JvgNptrMsHFB2_ArAx4mJ5HOPdg_hJVdn1ILSEy5URaxkQ3h9z5tIbQeZDecJeEyfOME5-0Yu8F221mETlczYEbTUpnXDN09WKEcB1zxakSnudRfJjYxMww&__tn__=EEHH-R","https://scontent-frx5-1.xx.fbcdn.net/v/t1.0-0/p526x296/74432001_2615998298462148_4612457184100352000_o.png?_nc_cat=105&_nc_ohc=WMT7RA1i-WEAX-T-lb-&_nc_ht=scontent-frx5-1.xx&oh=d099b05909cd50b2515b5f5820e9095c&oe=5E8E99A7",undefined,"Shop Now",""
undefined,undefined,undefined,undefined,"https://www.facebook.com/dogcatstar/posts/2704533629608614","1576762404","宵夜時間～來一份汪喵海鮮拼盤吧😋
咦…？是什麼被偷走了？？
#聽說這裡有提示👉 http://bit.ly/2sF2LPs

📌常在法式＆西班牙料理中出現
📌含天然葡萄糖胺、有益關節健康
📌原產地在紐西蘭
📌是汪喵新產品（這算提示嗎XD）

#才剛上桌就被搶光的零食…
#猜不到快到官網找答案哦！
👉 http://bit.ly/2sF2LPs

猜對就有機會獲得✨被偷走的零食✨一份！
毛編會在12/20中午12點公佈得獎者😍",1579264540,"/dogcatstar/photos/a.836411033087559/2704530036275640/?type=3&eid=ARAcvVJ5wM3GU1Ys5H8Bt6R16_ku3Gc3L0-juvUkcMb8SnI0w67EYTtGZe8_NV33GEC2cJH1wFZWrb7g&__xts__%5B0%5D=68.ARA0iWQrvJ0ZWK6CgMGk-BARj5y61J1OLs4jnJGrMJJYzyLW8SO4JUOsmU9vt6oLPOmIsZim_c8Bn_PmmFMJ6bEbHPXFK5xlJhT5z-U3elbEvwCJpInYC9YFJba9r29WcFwxcOZLSGygGjzk6QUpHH-aGfjc3tItBT585s1siOkVRkU4rN86M4m923XIwq-xB0BiJEF0M-dZH_D1SkEUjdKVO7b5aasRkhznMP2EdTWSLqDzN1AjYKgTyslEZo2wt9O9SA0vjviYP9cTC0XBAIeI7LVKQX_kYNz4Uxp1ke_Ujp81P-TC9DZ4E7RDmvL6gKlS5abYHIfCdengKGr5ypL5TQ&__tn__=EEHH-R","https://scontent-sin2-2.xx.fbcdn.net/v/t1.0-0/p526x296/79806841_2704530042942306_3283356155371323392_o.png?_nc_cat=106&_nc_ohc=gfYS87Fsz30AX-9f5yC&_nc_ht=scontent-sin2-2.xx&oh=d0c6a06c750d9c9c4fb2e11d1af72269&oe=5E93EE35",undefined,"",""
undefined,undefined,undefined,undefined,"https://www.facebook.com/dogcatstar/posts/2688840951177882","1576038963","🐱🐶 #想和毛孩一起上班嗎
誠徵人資 / 設計 / 行政 / 生管 / 行銷
詳細職缺資訊 🔜 http://bit.ly/2sVWRcC
⠀⠀
汪喵星球 2019 最後一波徵才倒數中。如果你具備以下的專業，汪喵很希望有機會認識你，快快準備履歷吧！
⠀⠀
❚ 上班地點：新竹市東區
❚ 上班時間：週一至五 9:30-18:30 
⠀⠀
﹏﹏﹏﹏﹏﹏﹏﹏﹏﹏
🔶 人資經理 / 人資 🔶
﹋﹋﹋﹋﹋﹋﹋﹋﹋﹋⠀
● 工作內容
依公司戰略規劃人力資源規劃
完善團隊「選育用留」等流程方法
⠀⠀
● 能力需求
１、三年以上的工作經驗
２、具備招募制定人資方法等經驗佳。
３、有一年以上團隊管理與領導經驗。
⠀⠀
● 額外加分條件
１、具備豐富人資經驗
２、熟悉寵物市場
３、任職穩定度高，喜愛變動快速的環境
４、能快速學習並喜愛嘗試新事物
⠀⠀
薪資：40K-80K up
薪資依能力調整，若能力超過，歡迎面議 。
🔜 http://bit.ly/2sVWRcC
⠀⠀⠀⠀
﹏﹏﹏﹏﹏﹏﹏﹏﹏﹏﹏﹏﹏
🔶 平面設計師 / 設計助理 🔶
﹋﹋﹋﹋﹋﹋﹋﹋﹋﹋﹋﹋﹋
● 工作內容
１、社群經營素材設計
２、網路和實體廣告素材
３、印務管理
４、產品攝影
５、包裝設計
⠀⠀
● 能力需求
１、熟悉 AI & PS
２、熟悉網頁設計與排版
３、熟悉網路和實體廣告
４、熟悉印務管理
５、良好溝通協調能力，情緒管理能力佳
⠀⠀
薪資：33K-50K up
薪資依能力調整，若能力超過，歡迎面議 。
🔜 http://bit.ly/2sVWRcC
⠀⠀
﹏﹏﹏﹏﹏﹏﹏﹏﹏﹏﹏﹏﹏﹏﹏
🔶 客服行政 / 顧客關係經營 🔶
﹋﹋﹋﹋﹋﹋﹋﹋﹋﹋﹋﹋﹋﹋﹋
● 工作內容
１、客服電話與文字回覆
２、訂單處理（下單、退換貨等）
３、關懷關心客戶
４、完成主管交辦事項
５、配合六日輪班（不用進公司，在家挑選時段回覆客人）
６、收集毛拔麻的建議與需求，以及其他業務支援
⠀⠀
● 職務需求
１、熟悉電腦操作，中打速度75字/分以上
２、熟悉Excel、Word等辦公室作業軟體
３、細心、耐心，幫助客人解決問題
４、具有良好溝通及解決問題能力
５、好EQ，對負面情緒可以快速化解
６、具有良好溝通及統合解決問題的能力
⠀⠀
● 額外加分條件
１、曾受過專業客服訓練加分
２、有餐飲業、服務業等相關經驗加分
３、穩定性高、對工作熱誠負責
⠀⠀
薪資：30K-40K up
薪資依能力調整，若能力超過，歡迎面議 。
🔜 http://bit.ly/2sVWRcC
⠀⠀
﹏﹏﹏﹏﹏﹏﹏﹏﹏﹏﹏﹏﹏﹏﹏﹏﹏
🔶 行銷公關 / KOL與外部媒體經營 🔶
﹋﹋﹋﹋﹋﹋﹋﹋﹋﹋﹋﹋﹋﹋﹋﹋﹋
● 工作內容
１、開發、建立及經營 KOL 關係
２、品牌合作提案與企劃執行
３、與外部媒體合作，提高品牌聲量
⠀⠀
● 職務需求
１、具有1年以上KOL合作規劃經驗
２、或具有1年以上公關公司經驗
⠀⠀
● 額外加分條件
１、熟悉寵物市場需求
２、曾經營過個人影音平台加分
３、具備影像剪輯能力加分
⠀⠀
薪資：35K-55K up
薪資依能力調整，若能力超過，歡迎面議 。
🔜 http://bit.ly/2sVWRcC
⠀⠀
﹏﹏﹏﹏﹏﹏﹏﹏﹏﹏﹏﹏﹏
🔶 生產管理 / 生管助理 🔶
﹋﹋﹋﹋﹋﹋﹋﹋﹋﹋﹋﹋﹋
● 工作內容
１、管理收貨、投料、庫存、出貨及報廢，跨部門溝通協調
２、異常追蹤與處理、生產順序之協調
３、例行資料彙整與主管交辦事項
４、生產瓶頸站追縱及改善確認
⠀⠀
● 額外加分條件
１、３年以上相關生管工作經驗佳
２、工工、統計、數學、企管等背景佳
３、個性活潑外向、溝通表達能力佳
⠀⠀
薪資：32K-55K up
薪資依能力調整，若能力超過，歡迎面議 。
🔜 http://bit.ly/2sVWRcC
⠀⠀
⠀⠀
🚀 🚀 🚀 🚀 🚀 🚀 🚀 
歡迎各路高手踴躍投遞履歷！
⠀⠀
＃請於１月12日前投遞履歷
＃汪喵預計於２月中旬完成本次徵才
＃第一波面試名單預計於12月下旬通知",1579264540,"/dogcatstar/photos/a.836411033087559/2687216264673684/?type=3&eid=ARDjngNXjrtyQMtODMa8iCp26BT5djyFTn8fYRlhICGxk7Sou6Kuz4mO6Jkf0HivqlPboct5CLuUGJeq&__xts__%5B0%5D=68.ARBDCwgvhMtgctrtkqviQgTjzaclHwkDofH3VyHyPmtJeZXlyrspFyUzoSHlBQOPXFxP7SKzSaA7O1nklEcZBlRlEkxaxxESXIcAsJmGCviiJAjoY9X7DV1l3op5QnNLUgZFb3ztn_SVRHpjGo_WDJHcp5y4Yq_CmxBX04iAfpw7-de9EmWRTNfhvPnYIDmmVfw-yquRdqxFU1puZrc8pBWQZg9Hvdnohv6Skn8bfkCMp66wSxOREat4JNZepGbqLbDaEsuB98MN9Ftll9oYRHJaymNV27tKP8-oj4z4z0veKIhxUe-vEXqIGMlLxuG4RJwQxjpxm8u1ViChgP_zZIsm_Q&__tn__=EEHH-R","https://scontent-cgk1-1.xx.fbcdn.net/v/t1.0-0/p526x296/78676562_2687216278007016_3595391675523923968_o.png?_nc_cat=100&_nc_ohc=8Tgx4DxzAD8AX-B4Nbt&_nc_ht=scontent-cgk1-1.xx&oh=797ed717306119fc53accc5c6d75a9fc&oe=5ED37569",undefined,"Selengkapnya",""
undefined,undefined,undefined,undefined,"https://www.facebook.com/dogcatstar/posts/2677681932293784","1575779638","關於貓咪花色的刻板印象，你聽過哪些呢？
有的已破解、有的至今仍是謎團，你認同那些呢？
📚 http://bit.ly/38b7Xe6
﹏﹏﹏﹏﹏﹏﹏﹏﹏﹏﹏﹏﹏
🐱 #貓咪花色刻板印象大集合
﹋﹋﹋﹋﹋﹋﹋﹋﹋﹋﹋﹋﹋
1⃣ 黑貓不吉利⁉
2⃣ 橘貓就是胖⁉
還有哪些說法呢？這些說法都是從哪來的呢？
馬上閱讀【完整版冷知識】
🔎 http://bit.ly/38b7Xe6
﹏﹏﹏﹏﹏﹏﹏﹏﹏﹏﹏﹏﹏﹏﹏﹏﹏
專欄裡的刻板印象，有命中你家貓貓嗎？
沒有命中也沒關係，反正是刻板印象嘛～
＼歡迎補充 + 踢館 + 分享！😉／
⠀⠀
#汪喵星球 #寵物行為學",1579264540,"/dogcatstar/photos/a.836411033087559/2677681475627163/?type=3&eid=ARBvNWMyFc-z_w_QoW0KHfHQjXBluQbfAHPaj_RJ8SexN6kxITxQlltwuc-vih-SDhbtyusxrbXu-caf&__xts__%5B0%5D=68.ARBja8swTO56bZkd5wWk7WmjhcZPYYHiWQiqvL2pSH6NO2x69u8GojcPxG_p-vRhf4HmdRiLww5RIct5Se9VXRzyrvqevlSZcwpGMfugQiSHj4hYtwi2ZbbwtxitHEqu0jaNw09NvWs94FEfb00aeF8MYhNfb74Zdu3e5NvMSWNcQh9EK2smvo86qxnBIMSxOWDtaZlyXxVyvyInC4Dy-UCeukTORplRz6nCN60q8YPEK-jJ0cOEfPc6sL6ZncL8d8A_FQqjMMJqL4fD4djjTBY7XaN4q4dJ5U-taFzLjg3W1tIDf1rkWHOK9lv5U55Kqrclg5Oj6rf1GYDB2MIWe1xdMA&__tn__=EEHH-R","https://scontent.fbom8-1.fna.fbcdn.net/v/t1.0-0/p526x296/78434628_2677681482293829_8173951903982419968_o.png?_nc_cat=102&_nc_ohc=FwCZwa-iuCwAX-yWJbC&_nc_ht=scontent.fbom8-1.fna&oh=441e1b057a6687c3f4ab708ef2065b0c&oe=5E93CDCA",undefined,"",""
undefined,undefined,undefined,undefined,"https://www.facebook.com/dogcatstar/posts/2595608693834442","1572356032","🐱 愛啃咬的貓咪在哪裡～
快來試試口感Ｑ彈的 #肉蓉無膠主食罐 ✨
🔜 http://bit.ly/2NmhoO1
﹏﹏﹏﹏﹏﹏﹏﹏﹏﹏﹏﹏
市面唯１的肉蓉無膠主食罐
﹋﹋﹋﹋﹋﹋﹋﹋﹋﹋﹋﹋
✅ 無內臟配方，風味清香、嗜口性高
✅ 符合 AAFCO 全齡貓營養主食標準
✅ 高蛋白、脂肪 5 ~ 6%，精壯不肥胖
⠀⠀⠀⠀⠀⠀⠀⠀
所有將營養素混合的新鮮肉肉，
經過縝密的份量與烹煮時間計算，
製出了Q彈絞肉狀😋
口感豐富紮實的嚼勁，
呈現給喜愛咬咬的毛孩！
⠀⠀⠀⠀⠀⠀⠀⠀
🐱給家裡的小獅子更多口味的主食選擇！
⠀⠀⠀⠀⠀⠀⠀⠀
多款開胃食材 🔜http://bit.ly/2NmhoO1
＼讓不一樣的營養都能均衡攝取／
⠀⠀⠀⠀⠀⠀⠀⠀
#汪喵星球
#讓毛孩吃得更好
#陪我們一起慢慢變老",1579264540,"/dogcatstar/photos/a.836411033087559/2595607470501231/?type=3&eid=ARCL12CZMy2FWp0uRp7hBzyFENtCQRQiaXQRG4oArT8bGfsSSu5P6I8xUF1V11eR_lFDNpWRILkvZcYR&__xts__%5B0%5D=68.ARBjZ61aFNKu0yJgbTX97W6nFHZoSjbbQuoBpXuN7XvHhcDZxy35lHHdrsxzo_Cy3pz1cAsaIevTwI7ypwpUNjPqe-l7KQsk_N5wgRG-mYI4UsZprMHtP0sEv5F1UG1isv7SeDx6R4sueVq8kamk0w1uFQ4qp-WCI8g2HA9SibNjfm9ypNQsQH3mkEr-uLpkrNfD9NhSbKXFVTviN_QOUvSN2QrXz-x-WZEDPU23Cy5O4dOI6KFs9IQDWU7gsnEAQ3JvxuSxOigGJIZEjFglFp9jMe-oJGabAhQQtDfFgvKlUjB7uNlc3X7U3RCaTQxSjoSm1oNAj8_j8iMy-jCS44QqNA&__tn__=EEHH-R","https://scontent.fomr1-1.fna.fbcdn.net/v/t1.0-0/p526x296/73388434_2595607473834564_107225950193713152_o.jpg?_nc_cat=107&_nc_oc=AQloMtsQByTe3dfH-X1piEKbwFF_v7HApQ8agxY0kh8qQ9jyzUtxH1KBPcBFnM6UQlc&_nc_ht=scontent.fomr1-1.fna&_nc_tp=1002&oh=0523ff225dba7640f198fb4d35b6a3ca&oe=5EA044E1",undefined,"Shop Now",""
undefined,undefined,undefined,undefined,"https://www.facebook.com/dogcatstar/posts/2768938159834827","1579235616","毛孩在家亂尿尿、便盆異味清不掉😧？
汪喵消臭噴霧～包覆分解惱人臭源！
新品優惠中👉http://bit.ly/2FZ7Rcu

❤無香精、無酒精、無柑橘成份
❤金縷梅萃取，天然無刺激
❤不用濃郁香氣覆蓋、真正分解臭源！

汪喵消臭抗菌噴霧～
年節大掃除就靠它✨

跟臭味說掰掰👉http://bit.ly/2FZ7Rcu

#地板沙發枕頭棉被洗衣籃
#不要再亂尿了啦💢",1579264540,"/dogcatstar/photos/pcb.2768938159834827/2768936679834975/?type=3&__tn__=HH-R&eid=ARD5fFQ6pFFvVkzuvIUksz9WgH8ypHrXF1jaFEhUXAQ8pC0VI2t-9nOyd0HCMYE6LhqHVcvs0ApgbwOW&__xts__%5B0%5D=68.ARD0giXKuHh2TZCHIFW8JhBDhe7zkNxcEsDMhHYzxyAtp8Cx3b0TwhjbtfWy3Q1FwnEkH6b2OG7MhIuEoEqcTu2YNky73bE7d-6BhV40QC8DcewSwbgYfiLSx8c2tesUikKo84oyf6m9ijFojDfBfjIrSy4zIdv8BPZ9YyPoHAsDjkBQPcQ7u4z5a3xywjXKC7xon5DX57TX_awX8_ohKVD-Z8VVQcT0LH6AbtA5wSoW8KQEh3olWSEXqwRkAazRKbUVhapOV6Ke2O5COa8nMitc9nNpTldxLn1fB6bmoe3h7gq11YHOQfEXmZl5D39rJI442Vsx7Z78rGUsTgPlxndmcw","https://scontent-sin6-1.xx.fbcdn.net/v/t1.0-0/p235x350/82825903_2768936683168308_4022818041908690944_o.png?_nc_cat=107&_nc_ohc=7MQpkiHJ7MUAX_hjmfI&_nc_ht=scontent-sin6-1.xx&oh=2a3690d326819edd12b7af3dd91bc392&oe=5ED36FBC",undefined,"+3",""
undefined,undefined,undefined,undefined,"https://www.facebook.com/dogcatstar/posts/2705039719558005","[Error]: TypeError: Cannot read property 'attribs' of undefined","",1579264540,undefined,undefined,undefined,undefined,undefined
undefined,undefined,undefined,undefined,"https://www.facebook.com/dogcatstar/posts/2553073914754587","1570973580","「你的貓怎麼跟你越來越像」，想必毛拔麻聽到這句話肯定心裡爽滋滋😝但你知道這可是有科學根據的嗎？
【馬上看真相】📖 http://bit.ly/2M0Bj5M
﹏﹏﹏﹏﹏﹏﹏﹏﹏﹏﹏
🐶什麼主人養什麼毛孩🐱
﹋﹋﹋﹋﹋﹋﹋﹋﹋﹋﹋
曾經有科學家統計，發現飼主在挑選毛小孩時，會對 #與自己外貌雷同 的孩子產生好感：長髮的人喜歡長毛犬貓、身形豐腴的人喜歡胖胖的毛孩。
⠀⠀⠀⠀⠀⠀⠀⠀⠀
但人類的體型與裝扮會隨著年紀與喜好改變、毛孩成年後的改變則很少，又怎麼說得通呢😳❓
⠀⠀⠀⠀⠀⠀⠀⠀⠀
🔎 汪喵知識專欄告訴你！🤓
📚 http://bit.ly/2M0Bj5M
﹋﹋﹋﹋﹋﹋﹋﹋﹋﹋﹋
⠀⠀⠀⠀⠀⠀⠀⠀⠀
#也有人說你和你的毛孩很像嗎
#你覺得是什麼原因呢",1579264541,"/dogcatstar/photos/a.836411033087559/2553072848088027/?type=3&eid=ARB_VyxfrJoKp95BE6Yj6Yp-qktVEpjXGj8J_vYFW6zb3lmed4WNL2xr79WMlRb6X1-RF7fOe8kzLYbj&__xts__%5B0%5D=68.ARAcRLBDWIblvdP7JYOEvFa95s-ycn1uvfKkZ08XijALeJKVUIQCtF2l7a9ggLzZrSL8BUwoIzFvUloykGiRo-cl0tQjkXtWs2fcWVPAWiE7rd8IQzM59uSAMNOmWTnpirgXFB6nR4y8zbrwIW62YNhHHTe0oM2EuRgO1nhmQKqUEePG28_HKhVn0HYvr-FXbLcBVunk6YWJ4bPEXtkIu0fjac3zERdbz1IuK8IBBnDH6aM-hplVNmth-IYCyWv1tpC6Z2gDFPP71NI-tivjCzVsO9dNk-Z8N31ZyQ_JclDUFnp0xZm1uv9eHaRdy5hiLgPLTXz47uesTB23tjcbqZK41Q&__tn__=EEHH-R","https://scontent.famd4-1.fna.fbcdn.net/v/t1.0-0/p526x296/72217392_2553072858088026_7903034227468271616_o.png?_nc_cat=107&_nc_ohc=Sq7UmbH_53cAX_mb0jH&_nc_ht=scontent.famd4-1.fna&oh=d55ff9d33ee86e2307a12e9a4b8165bb&oe=5EA4AF82",undefined,"",""
undefined,undefined,undefined,undefined,"https://www.facebook.com/dogcatstar/posts/2611753812219930","1573047236","＼✨汪喵粉絲大回饋🎉／
#你最喜歡的汪喵產品是什麼呢？
🎁留言分享就送給你😍
﹋﹋﹋﹋﹋﹋﹋﹋﹋﹋﹋﹋﹋﹋﹋
2019下半年汪喵開發越來越多產品，汪喵始終希望能滿足 #毛孩的喜好，與 #毛拔麻的需要
，提供更多元的濕食選擇，例如挑嘴罐推薦給長期食用乾乾的貓咪、肉蓉罐適合愛啃咬肉塊的貓咪等；又或是研發從裡到外守護毛孩健康的保健品，例如改變真的看得見的亮毛護膚鱉蛋粉、維持良好泌尿道生態的泌尿道健康保養粉等。
⠀⠀⠀⠀⠀⠀⠀⠀
相信喜歡汪喵的毛拔麻，大多都是願意為毛孩做功課、追求更好養育方式的優秀家長（驕傲）
謝謝毛拔麻一直陪伴汪喵成長💪
⠀⠀⠀⠀⠀⠀⠀⠀
因此，汪喵決定回饋給一直支持我們的你們！
留言說出「#你最喜歡的汪喵產品」，就有機會得到它😉
呼朋引伴一起來參加吧✨
⠀⠀⠀⠀⠀⠀⠀⠀⠀⠀
⠀⠀⠀⠀⠀⠀⠀⠀⠀⠀
#謝謝選擇汪喵星球
#讓毛孩吃得更好
#陪我們一起慢慢變老 ❤️",1579264541,"/dogcatstar/photos/a.836411033087559/2611753252219986/?type=3&eid=ARBOZLfXUcW5mw83qUWY8ZycW5gYXbaumcosk6t-5bgE5T7Ja-JrG1IKCWaB00y_hCp4Z3E76fIkcJyk&__xts__%5B0%5D=68.ARA75juXLYEXWzK3_ekFrXPU4sJgv_8WnPJ2FsjjNJBYv5Ju-w7dsZy629fQw6Kgz_ddleBLJzmbjnm3B9A5NaxXJVfSn57KTHFKlXGJrUIL7rC56HHuVT_QGPftOIapnxSJNaf0SQ04C2dULYfvnWRXJ5EzAtlepoaU4caUihwBEuE7a-ulYM_rb8keppWq0ZcFc0u4ko58187QR6tqb48h6kuOso40T_ZOV1d_SWTIje4EBc4WFeq_GtuJpalfsKbzYXKDvenqnyJDJG2wz1Fn4fmsbM7of2C-c_eEiY3fmcNAt2Rp7gLaBrxJuhYm0h907dYWEn2d42z0KaI_EfysRw&__tn__=EEHH-R","https://scontent.fhel3-1.fna.fbcdn.net/v/t1.0-0/p526x296/74161925_2611753255553319_3639141694164697088_o.jpg?_nc_cat=106&_nc_ohc=dbHqjmAbV6cAX8s5l59&_nc_ht=scontent.fhel3-1.fna&_nc_tp=1002&oh=973d7efef3fc12dc98df434b833fec4a&oe=5E9F007C",undefined,"",""
undefined,undefined,undefined,undefined,"https://www.facebook.com/dogcatstar/posts/2641836885878289","1574391824","🚀汪喵今年最後一場線上寵物展！😍 
買就抽１０萬‼ #留言參加活動
🔜 http://bit.ly/2O1LOqs
﹋﹋﹋﹋﹋﹋﹋﹋﹋﹋﹋﹋﹋﹋﹋﹋
✅情緒好放鬆保養粉新上市！
✅冬日推薦保養組合限量優惠
✅貓狗主食罐一箱＄８２８ 起
✅多款零食只要＄１６８ 起
✅貓狗生食沙西米餐滿額贈！

✨✨加碼好禮✨✨
💰還有汪喵幣三倍送！

活動只到11/25 晚上 23:59！
🛒立即搶購 👉 http://bit.ly/2O1LOqs

#線上寵物展
#幫毛孩冬日進補
#錯過等到明年囉",1579264542,"/dogcatstar/photos/a.836411033087559/2641835289211782/?type=3&eid=ARClFfyr3zGw_5i2yuiRI2vm_Q1OOW16ZVJK130-mKXyVYSrwGVVfhWZAMyxLSZtSoERtpmpSu0qMrza&__xts__%5B0%5D=68.ARCfgy6Ge51SIvQhVAVZH1Jr217GqGw1sGgyhgQnRpKwHNOBG4k4CeKq2n2nvO29LPd-RbzhIMP-iSBCuddnhbrd3jHPCxDA_FLL60yAFMU99hGD_NlDA19yaOT4qDmsC7XpqtJu92rIuBL-xFswuKN3hKuWgaQF4yeSm6bxwmJq8rvli8Yqnydeg_Gni8-6WVjEunfVomBEIfAzeTmDXS2gTrfJxxp3xd4sQZ-pisQEo5CJulm-PQUaFFcRsZy8QkVrGadqAp-qjkSsestChcpNRTesv-nsnQVRHUQbq5VxULSoBviGe-euSBjGS36EC1_IVjL5yJc7NinV5s_Ce4RpFg&__tn__=EEHH-R","https://scontent.fcgk13-1.fna.fbcdn.net/v/t1.0-0/p526x296/75220826_2641835292545115_2453764023645110272_o.jpg?_nc_cat=102&_nc_ohc=PA2rt-Wsd14AX-bONhN&_nc_ht=scontent.fcgk13-1.fna&_nc_tp=1002&oh=6570a9bd864169280c73a1556f2558fb&oe=5E9D3F55",undefined,"Shop Now",""
undefined,undefined,undefined,undefined,"https://www.facebook.com/dogcatstar/posts/2752469838148326","1578577382","多貓家庭看過來～你家的貓貓感情好嗎？
這些動作代表他們很相愛喔❤️
馬上來看看 👉 http://bit.ly/36E8Pqi

 #一起睡覺🐱

 睡在一起不一定代表感情好，他們很有可能同床異夢，只是想搶一個舒適睡窩。但如果貓貓們可以在各個環境窩在一起，甚至睡到尾巴交纏，那就是真感情囉！

 還有哪些動作代表感情好呢？

 馬上了解🔎 http://bit.ly/36E8Pqi

 #誰家貓貓感情好
#以下開放曬恩愛照😍",1579264542,"/dogcatstar/photos/a.844953802233282/2752439201484723/?type=3&eid=ARBcdeLt-hPLVwdYCMZgUjWmDSrvVNk6ShONt-ethm3i8YaHVdbzMY91k4mcI_HDF4XxBkAEk74hjY86&__xts__%5B0%5D=68.ARCuxrwJ2e6ax_2Udf1mTvNvWVNJXTvt6RBzBKkRWWmpU1Ea4vZH68RTE-HEWXipYf8zHROOVzd1bCYjL2em6NnQ9uXn2B9OO3i4vF7XyuXXdpZe8rDtNIt6TmS2tOAoFXx86JiXyzX5WgIYBi7AvVsaRE0zjO4mkuhhTY9xMknBhITY7NswezcJ0VWFUNogFHC6XJ1umCu8_Hr1duZjRz3zAXVqX8EYCj9Pgoi8sgWDjt9nV5s6RIRrGD19AX7T1oeUWI28Zp9WDwraExVF7vhKba7eblglhaxpWTUHoOv2BpsIUUDh3K3WbQTaCNjlRhbPs-vy4yu5DrCS6yyxsk4N-g&__tn__=EEHH-R","https://scontent-sin2-2.xx.fbcdn.net/v/t1.0-0/p526x296/81717487_2752439204818056_5358267504747610112_n.jpg?_nc_cat=108&_nc_ohc=c-o6KAlmCr4AX9Ih86b&_nc_ht=scontent-sin2-2.xx&_nc_tp=1002&oh=fef4de70d9fe50cd6b495fc1b1b35e95&oe=5E987ECB",undefined,"",""
undefined,undefined,undefined,undefined,"https://www.facebook.com/dogcatstar/posts/2763470150381628","[Error]: TypeError: Cannot read property 'attribs' of undefined","",1579264543,undefined,undefined,undefined,undefined,undefined
undefined,undefined,undefined,undefined,"https://www.facebook.com/dogcatstar/posts/2637197256342252","[Error]: TypeError: Cannot read property 'attribs' of undefined","",1579264543,undefined,undefined,undefined,undefined,undefined
undefined,undefined,undefined,undefined,"https://www.facebook.com/dogcatstar/posts/2541535555908423","1570109580","🌞 #換季最後優惠 小包生食任選 10 包 $540
倒數最後兩天！👉http://bit.ly/2oGAq9k
給貓咪營養均衡的一餐，居然只要 $27 元！
﹏﹏﹏﹏﹏﹏﹏﹏﹏﹏﹏﹏﹏
⠀⠀⠀⠀⠀#汪喵生食餐
不只健康，連生活品質都 UP！
﹋﹋﹋﹋﹋﹋﹋﹋﹋﹋﹋﹋﹋
📍符合 AAFCO 可以當作長期主食
📍不含易致敏穀物，幫助皮膚健康
📍含水量 75% 維持下泌尿道健康
⠀
不必額外補充保健品、不用擔心飲水量、
毛孩體態也會變得更加結實。
吃生食，讓毛孩照護變得更加輕鬆了！
﹏﹏﹏﹏﹏﹏﹏﹏﹏﹏﹏﹏
🐱 小包裝，超適合你！ 🐱
﹋﹋﹋﹋﹋﹋﹋﹋﹋﹋﹋﹋
✅ #單貓家庭 每包約為一日食量
✅ #生食新手 可搭配其他主食擬定轉食計劃
✅ #小食量貓貓 小份量包裝，每餐都好新鮮
⠀⠀
想讓寶貝嘗試生食的好
就趁最後這一波吧GO！👉http://bit.ly/2oGAq9k
⠀⠀
#汪喵星球
#讓毛孩吃得更好
#陪我們一起慢慢變老",1579264543,"/dogcatstar/photos/a.836411033087559/2541534942575151/?type=3&eid=ARAVQy9Y9kqysw1-bUKWmtTX80oKkRo7gshAzjcvyuFe6wUIYjnyyHxcxRxq5sUeyJ9fl8VPNgHXgBrv&__xts__%5B0%5D=68.ARCE49gUHEU4R0uV2LNTj-E9OqV9SUh02rzXGuGOyrsxXyyPRYnJ81dMfpPSZJLk1XqsV9sbkQxxgEqW3lsOg3GlYaGiPNcWzGS41FWRl_R4zkYFP5-_EOZ3DOMkIF540fk5NAREPzQwy41yTEt2IvthtSb1POa3k2RPRVc2Es5xLQ2WVyIUChQLtu8ldkyodwFuxF_F7wtzrvGWj1hUAhGXxMuYp5vlKteO0QU8nMGuRJsv_ogshu7RDfEGcD-UOmiXOx4j8mn4jIVpSJRiYxv0TE20ik_mspqRJkZ3EnS6aYI1zzfsOahJrwpSwvQiJJdjNi0FtE8Q287OUC-uU_7I_A&__tn__=EEHH-R","https://scontent-arn2-1.xx.fbcdn.net/v/t1.0-0/p526x296/71486881_2541534949241817_6334503954696634368_o.png?_nc_cat=109&_nc_ohc=dOfYPBFD3p8AX-w-GxV&_nc_ht=scontent-arn2-1.xx&oh=606aadffd42e2ebc75b77041761eaa7b&oe=5E933557",undefined,"",""
undefined,undefined,undefined,undefined,"https://www.facebook.com/dogcatstar/posts/2691644334230877","1576244020","貓咪又吐又拉沒精神？可能是腸胃炎！
【馬上閱讀】👉 http://bit.ly/35a8eMm
﹋﹋﹋﹋﹋﹋﹋﹋﹋﹋﹋﹋﹋﹋﹋﹋
貓咪 #嘔吐、#軟便 的原因有許多種，
除了環境、情緒緊張或是吐毛球外，
也要小心可能是「#腸胃炎」找上門哦！
⠀⠀
❓ #可能造成貓咪腸胃發炎的原因 ❓⠀
🔎 #判斷貓咪腸胃炎的常見症狀 🔎
❓ #毛孩腸胃健康的日常預防調理 ❓
⠀⠀⠀⠀⠀
讓汪喵知識專欄陪你一起認識吧！
📚 http://bit.ly/35a8eMm
﹋﹋﹋﹋﹋﹋﹋﹋﹋﹋﹋﹋﹋﹋﹋﹋
#汪喵小教室
#汪喵專欄",1579264544,"https://l.facebook.com/l.php?u=https%3A%2F%2Fbit.ly%2F35a8eMm&h=AT09qTXms60cnQ29llO7OQDelWKHmT0_EzE0IjOFtvbmu9gpsqD6c-1A4MnD8pd51_4-9tHp8nXGKuM-pbKT4tHgjvkD-QaNUk2qvOTIJ0_dQok_ZddoWS1D0inrp91bDc_NJ02px2Lt17QyAbhesHwafkFwzYCixda4hUXD0Ecr5J8lZ5qo2YkjBcR8PIBZWqYYXwDgR0Iyw95CKKcsdFqr6MO-MrLgj5piDx0Qxjiy3jF_JidHMuMttJmrWMOrcBALUlsau05djya_P__YZboPeB6tazmV5vTqmFGdWIV-H0TXK0n2-AbqF-Lb39KcQtcJtwxRW4BKM6zEi3UJMNGurqB_kvdBAghmbNit_50qRYSKviCV_qgNavCx5VDXyon718kvCQCCdtJjyB0OkG8ePVTnffB9REtO4vPa0r_GnKwkhVPa1D5_la4hjzEj0vP7Yo5o__Zw_5pETgfExafI4Sj4jLej6Vxz4uKUROREmyizXy_7bpZ8sa8CpsTv-8NNPAS2EXv2s69hjEKDSkOVxXKTSezhBr9mGLylpfKW_92eEU877Z_5rQrrE8RnGPcCsbSP8NQky0hnijz6ZssSpMIKklc4RgyTpKt26k5cYxLpNH-HhWXBBj4AOwsXwQMkt6a7ew0WE-Ee","https://external-sin2-2.xx.fbcdn.net/safe_image.php?d=AQCkPBji6LVm7SaA&w=540&h=282&url=https%3A%2F%2Fwww.dogcatstar.com%2Fwp-content%2Fuploads%2F2019%2F10%2F24%2F431407%2F8c19622d9f62b2e3e7a07100028b8a79_m.jpg&cfs=1&upscale=1&fallback=news_d_placeholder_publisher&_nc_hash=AQDHAwEju0zajFIG","貓咪腸胃健康需要毛拔麻一同守護","貓咪嘔吐、軟便、拉肚子的原因有許多種，除了環境、情緒緊張或是吐毛球外，也要小心是腸胃炎找上門哦！貓咪腸胃炎常見的原因有病菌或寄生蟲感染、誤食異物、中毒（吃入清潔劑等等）、或是其他疾病引發的病發症...等。...","dogcatstar.com【犬貓常見疾病】嘔吐又軟便拉稀？小心貓咪得腸胃炎！ - 汪喵星球貓咪嘔吐、軟便、拉肚子的原因有許多種，除了環境、情緒緊張或是吐毛球外，也要小心是腸胃炎找上門哦！貓咪腸胃炎常見的原因有病菌或寄生蟲感染、誤食異物、中毒（吃入清潔劑等等）、或是其他疾病引發的病發症...等。...貓咪嘔吐、軟便、拉肚子的原因有許多種，除了環境、情緒緊張或是吐毛球外，也要小心是腸胃炎找上門哦！貓咪腸胃炎常見的原因有病菌或寄生蟲感染、誤食異物、中毒（吃入清潔劑等等）、或是其他疾病引發的病發症...等。..."
undefined,undefined,undefined,undefined,"https://www.facebook.com/dogcatstar/posts/2702482033147107","1576589593","罐罐百百種，你知道怎麼挑選主食罐嗎？
如何找到適合毛孩又能補給營養的「命中之罐」呢？
📖 http://bit.ly/2PQhUVS
﹋﹋﹋﹋﹋﹋﹋﹋﹋﹋﹋﹋﹋﹋﹋﹋
罐頭標示是犬貓主食罐就真的是主食罐嗎❓
你能判斷主食罐與副食罐的成分差異嗎❓
⠀⠀⠀⠀⠀⠀
【閱讀專欄】汪喵陪你一起了解！
👉 http://bit.ly/2PQhUVS
⠀⠀⠀
【了解更多】獲得更多犬貓知識！
📚 http://bit.ly/347sehP
﹋﹋﹋﹋﹋﹋﹋﹋﹋﹋﹋﹋﹋﹋﹋﹋
#汪喵小教室
#汪喵專欄",1579264544,"https://l.facebook.com/l.php?u=https%3A%2F%2Fbit.ly%2F2PQhUVS&h=AT1GI4dYGPogAQgCZx5GVgMsjGfsm3pI3cNN1gvXV2sweZQ06Xbqr2eI1fsFWL62JlEMdpCZYEZWhTgId1xMmqWK9eYVayVfOVWFH21A57VYOTxZHXXUOuFW7EorV8hTV6v3tiM2eQPik83RRq4Svw9gc6tKFw56Cs2w87HTAGSm1MyPUw6txkmXS-aJ15PR6elQfdk5TETP_oT1I-uyx_XWalrdApq4ha9XYjyEoeCexIR0k7J0ErKoKqLKwivaxqypVAHOPdqv7XU8plalLFj0NHJuJVnpHNwz4pK_Ua_1rvoP8Ganr6_WzHM67vY4hkpGxdOBJefuU_oXo_4WLirFyAnW-cv-beF6dMtpVuhvgdhv6uokw0TOOh48RQuBBp26Oimd1kcy1G1NbGY08HyoXRSVxbwJ-wwrYVgXyrnVz6xIU7se7p2cvILLS_sMw3k_no1q67ba7uB48fdyJ3cJpx2s7naSXJtfKZlmM_3v5MlxuwH-gnehjNll6FWgnHis-nS-WK9HdYqX3h0veTVBWDKTXWn4XqD4CN65VZZolruv16cnZYrYEBdErnWTVOj5kpTgL8dfWKegRtg5qxk0Ee-0x9JMJffrl9AewD0BCjppclVHNt4bcXFwBpu1XekOmhQtaLF1_e1e","https://external-sin2-2.xx.fbcdn.net/safe_image.php?d=AQConC5ceCFWjhmA&w=540&h=282&url=https%3A%2F%2Fwww.dogcatstar.com%2Fwp-content%2Fuploads%2F2019%2F10%2F31%2F441548%2F5618aa8158250da6d40b85f86c40b520_m.jpg&cfs=1&upscale=1&fallback=news_d_placeholder_publisher&_nc_hash=AQAa2AuxSNH-M2mU","Image may contain: cat and indoor","許多毛拔麻可能都有這樣的經驗：「站在琳瑯滿目的貨架前，看著各式各樣的罐頭卻不知道該如何選擇。」那些標榜主食罐跟 . .","dogcatstar.com【飲食營養篇】主食罐跟副食罐差在哪？主食罐可以混副食罐嗎？ - 汪喵星球許多毛拔麻可能都有這樣的經驗：「站在琳瑯滿目的貨架前，看著各式各樣的罐頭卻不知道該如何選擇。」那些標榜主食罐跟 . .許多毛拔麻可能都有這樣的經驗：「站在琳瑯滿目的貨架前，看著各式各樣的罐頭卻不知道該如何選擇。」那些標榜主食罐跟 . ."
undefined,undefined,undefined,undefined,"https://www.facebook.com/dogcatstar/posts/2602216839840294","1572669212","汪喵主食罐質地大票選🎊 #留言抽罐罐
#肉蓉罐 #Q彈口感 🔜http://bit.ly/2WumkVs
#肉泥罐 #入口即化 🔜http://bit.ly/2JUWll5
⠀⠀⠀⠀
毛編常常接到毛拔麻詢問，
Q：肉泥和肉蓉，誰的適口性最好呢？
⬇汪喵來為你解答 👋🏼
就像人一樣，毛孩也會有各自的喜好❤
有些貓咪偏愛肉蓉的咀嚼口感，還有無內臟的純肉清香；
有些貓咪則喜歡肉泥的軟綿綿滋味，搭配濃郁的鮮肉香氣。
⠀⠀⠀⠀ 
📣 馬上來投票，分享你家都買什麼罐吧 📣
#限時４８小時，留言結果將在 11/4 (一) 12:00 揭曉！
﹏﹏﹏﹏﹏﹏﹏﹏﹏﹏﹏﹏
🐱毛孩的多種口味主食選擇
﹋﹋﹋﹋﹋﹋﹋﹋﹋﹋﹋﹋
＼肉蓉罐新口味，快來嚐鮮吧！／
【立刻搶購】👉http://bit.ly/2WumkVs
⠀⠀⠀⠀
＼肉泥罐，對象多、選擇也多！／
【馬上選購】👉http://bit.ly/2JUWll5
⠀⠀⠀⠀
#汪喵星球
#陪你一起慢慢變老",1579264544,undefined,undefined,undefined,undefined,undefined
undefined,undefined,undefined,undefined,"https://www.facebook.com/dogcatstar/posts/2657460927649218","1574915625","🎁 #你開箱汪喵送小禮
從雙十一到寵物展，整個 11 月都超好買～
毛編邀請你來曬曬戰利品 🎉
⠀⠀⠀
【汪喵戰利品、開箱開起來】
許多毛孩一夕變成零食富翁，
也有毛拔麻趁機為毛孩準備冬季保健品，
更有新手奴才趁優惠嚐鮮體驗汪喵。
😍
歡迎毛拔麻分享開箱照
讓更多毛小孩能夠認識汪喵
讓更多毛小孩健健康康、快樂到老
⠀⠀
＼ 一 起 開 箱 汪 喵 吧！／
⠀⠀⠀
#讓毛孩吃得更好
#陪我們一起慢慢變老
⠀⠀⠀
＊此文留言的照片視同授予汪喵星球使用於社群貼文＊",1579264544,"/dogcatstar/photos/a.836411033087559/2657432987652012/?type=3&eid=ARCO2auapR5ZhzQ1yxv1FAcDhzOOd6IlTbrkBgWWLYTo-bkOwOuApNAhKY9QtJ-qD4k70LxYXBQR_5Px&__xts__%5B0%5D=68.ARBYF2YX2f-U1yI3bsRt79B5PWyyZdBhpK3xAtfToZZ1wWbALzHKMzSdZxE56VorhHeb9lyNHKiVv0MTa_3SKT_lbIzByeB1xwWLEVTOfCfahqqUWBiJnLGdCf4kRa8p4cpo8LGv7Ky6LfXaCtsGtjZNKGqCH-VH3x3CEV_xwFwcMKa2-JVo9DtCd8sJHQx9JRsIbuqgZHC-h9kqzn7dXWjNtTgd94QVlEnCOcPeTgzFpeEQOLobr8-ytQZFvz2-9eqmc3f3BJzbKjmJUQ43mZNxLNCVxmAhbHlIS4K64k7ZqAc_MWesRMtK7k8yqOd33Iu-sXm7IhiLuTMg3iNFEbFTJQ&__tn__=EEHH-R","https://scontent-sin6-1.xx.fbcdn.net/v/t1.0-0/p526x296/78761412_2657432994318678_1446093773208551424_o.jpg?_nc_cat=107&_nc_ohc=Z9ru1TTXlG4AX9FLPo3&_nc_ht=scontent-sin6-1.xx&_nc_tp=1002&oh=1150350312f05df16c8b88a73bbfec7d&oe=5EA75E2E",undefined,"",""
undefined,undefined,undefined,undefined,"https://www.facebook.com/dogcatstar/posts/2639535282775116","1574140115","⚠️ 毛孩易焦慮、過度舔毛、隨地便溺❓
❤️ 情緒好放鬆保養粉，補充體內快樂激素！
#新品優惠 🔜 http://bit.ly/2rYULsb
﹋﹋﹋﹋﹋﹋﹋﹋﹋﹋﹋﹋﹋﹋﹋﹋
🐶🐱毛孩不會說話， 
壓力會透過其他方式表現：
⚠️ 行為警訊｜過度舔毛、破壞、隨地便溺
⚠️ 健康警訊｜泌尿道困擾、免疫力下降

 除了毛拔麻的耐心陪伴，
補充天然胺基酸，也能幫助情緒放鬆喔！⠀
﹏﹏﹏﹏﹏﹏﹏﹏﹏﹏﹏﹏﹏﹏
❤️ #汪喵情緒好放鬆保養粉 ❤️
⠀⠀⠀http://bit.ly/2rYULsb
﹋﹋﹋﹋﹋﹋﹋﹋﹋﹋﹋﹋﹋﹋
多合一專利複方，
完整提供體內快樂激素！
🔸 L-茶胺酸｜促進大腦釋放多巴胺，舒緩焦慮
🔸 GABA｜調節自律神經，減緩緊張壓力
🔸色胺酸｜增加血清素分泌，穩定情緒
🔸 SAMe｜幫助血清素和多巴胺增加活性
⠀⠀
✖️不含澱粉 ✖️不含不良人工添加 ✖️不含防腐
⠀⠀⠀⠀⠀⠀⠀
補充天然胺基酸，幫毛孩趕走壓力！
讓毛孩自在的翻肚呼嚕、快樂搖尾巴 ❤️
📣#新品優惠 #單罐折30兩罐折90 
🔜 http://bit.ly/2rYULsb
⠀⠀⠀⠀⠀⠀⠀
#汪喵星球⠀
#讓毛孩吃得更好 #陪我們一起慢慢變老",1579264544,"/dogcatstar/photos/a.836411033087559/2639534949441816/?type=3&eid=ARBViOR-c0C-sjV0UmM3qQatnc_MboxNyiONOKjBkcrypBiRI7S_RyRnlRMMsSNZCPnBaE6mHTJHwyb7&__xts__%5B0%5D=68.ARAXzJHM2IKiLnG2ctwcuSR8KWV8kuMz2cZLfUqlSDmTKktvNovFFtpIO5jRQgJhL4RSQirM92cM8btA7Wz4X3oM8F58jbAJwyhlNSSkyAdU4RStZridQ0Gwf5kPw1PCHTcuovExDa3AspzzrqPQgfGwL_Dep2sJk9TUK_QW-gbrAhdKijscG4s7o50CPJZY1wf536dy_hOcAeOjQlZAhE4Mw1QFh-cQJ2Z9zwtofdNqxpZv8Jj9rhZ_NW2rUWca7m-jNJXNKUJvis32bZtwUs_HZ9u12ui6xVtr8ft2Ausf4KLtuBjya6aa7m_SgDqtygDiNysdXoQAFvWsyZlfzG-jAg&__tn__=EEHH-R","https://scontent-sin6-2.xx.fbcdn.net/v/t1.0-0/p526x296/78105069_2639534952775149_1376289413503385600_o.png?_nc_cat=105&_nc_ohc=yUZ3ddwGR6IAX9W73W8&_nc_ht=scontent-sin6-2.xx&oh=da3acc83f847ab6c16e3359360820de5&oe=5ED3F792",undefined,"Shop Now",""
undefined,undefined,undefined,undefined,"https://www.facebook.com/dogcatstar/posts/2543127035749275","1570195980","咦？難道毛孩也有「少年白」！？
馬上閱讀【完整版冷知識】
👉 http://bit.ly/2MbAFkP
﹏﹏﹏﹏﹏﹏﹏﹏﹏﹏﹏﹏﹏
🐶🐱 #為什麼會有白頭髮❓
﹋﹋﹋﹋﹋﹋﹋﹋﹋﹋﹋﹋﹋
隨著年紀增長、生理機能也會下降，當毛囊老化，生長出來的毛髮也會比較細軟、無光澤，成為所謂的白頭髮 。
貓貓狗狗不像人類是整頭變白，他們只會在局部長出白毛。狗狗大多是從嘴邊，慢慢地臉部周圍的毛也會跟著變白；貓貓則是容易整體毛髮顏色變淺、稀疏。
⠀⠀⠀⠀⠀⠀⠀⠀⠀
⁉ 可，可是，我家毛孩還很年輕，怎麼也有白頭髮！！！
⠀⠀⠀⠀⠀⠀⠀⠀⠀
📚 一起來看看汪喵知識專欄吧！
👉 http://bit.ly/2MbAFkP

 ﹋﹋﹋﹋﹋﹋﹋﹋﹋﹋﹋﹋﹋﹋⠀⠀⠀⠀⠀⠀⠀⠀⠀⠀⠀
⠀⠀⠀⠀⠀⠀⠀⠀⠀
#毛編認識的賓士貓也長白頭髮了
#但有一些賓士貓毛拔麻表示幼貓時期就有白毛了🤔
#你家毛孩有白頭髮嗎？
#汪喵星球 #犬貓冷知識 #寵物行為學",1579264544,"/dogcatstar/photos/a.836411033087559/2543409679054344/?type=3&eid=ARBtvltHNU1N_VgfQZz6H9mHGKJqad9-o_M45IHb5RzOQ_sUpbfmQXNF51F6NDIIH-y_tNPT-3cqFvJx&__xts__%5B0%5D=68.ARDZ17upTS4OaLii4oyOpJ8i-RyQUtjk3YUsyzqfcgyzu3Bmz0WHSHs9UMkRY7NLep7SNhsOTrfskrM8L5C5JeN7I-wRgWqaJmkP5RZVr6_aeiCFqrdO-OauQ_iCN-rTdeV8issZqkFvxowaAIFJ5i7-q4n55rPjsHcaWxPqnnQzRrev4SpXXJDZS2qTzFvdEL_nvxSPUOxzCwm60MkSD3T0oiAvH1Cv2V32iTSPC1vb554X96H1EapE6wucoSYMi9ZdMKVMj-NdEVtRUixIvUSK413TGNd2ClMpXTCr7SLOxRUH_f0yO6021enOUlG9fjZoK7fr56TBdUbKU8oeiLHDCw&__tn__=EEHH-R","https://scontent-cdt1-1.xx.fbcdn.net/v/t1.0-0/p526x296/72281122_2543409685721010_5407479721061515264_o.png?_nc_cat=105&_nc_ohc=VBtCzDDiF9EAX_O_RNo&_nc_ht=scontent-cdt1-1.xx&oh=fa4eedbb9bd22a28cbca42988f6e4a54&oe=5EA4546A",undefined,"",""
undefined,undefined,undefined,undefined,"https://www.facebook.com/dogcatstar/posts/2613590898702888","1573133619","問你哦～你是狗奴還是貓奴呢？
你覺得哪一派的人比較多呢？
【了解真相】🔜 http://bit.ly/32lpAUs
⠀⠀⠀⠀⠀⠀⠀
汪喵有七成貓咪客人，所以毛編 一直以為貓奴比較多，沒想到根據內政部統計，2017 年底貓貓飼養數量為 73 萬隻，狗狗居然有 178 萬隻！！！！
﹏﹏﹏﹏﹏﹏﹏﹏﹏﹏﹏﹏﹏﹏
🐶 #為什麼養狗狗的人比較多❓
﹋﹋﹋﹋﹋﹋﹋﹋﹋﹋﹋﹋﹋﹋
台灣早期飼養動物多為 #工作需求 ，例如：養雞取卵、養牛耕田、養狗狗看家…，所以狗狗馴化的歷史比貓咪早許多。
（我們都知道，貓咪不可能工作….)
（開玩笑的，也有貼心貓咪幫忙趕老鼠啦）
﹏﹏﹏﹏﹏﹏﹏﹏﹏﹏﹏﹏﹏﹏﹏﹏﹏
🐱 #近五年貓奴增加速度是狗奴10倍❗️
﹋﹋﹋﹋﹋﹋﹋﹋﹋﹋﹋﹋﹋﹋﹋﹋﹋
究竟是哪些原因讓貓奴光速增加呢？
莫非是... 🌍 貓咪真的要征服世界了嗎！？
⠀⠀⠀⠀⠀⠀⠀
馬上閱讀【完整版冷知識】
📚 http://bit.ly/32lpAUs
⠀⠀⠀⠀⠀⠀⠀⠀⠀⠀⠀⠀
#汪喵星球 #寵物行為學",1579264545,"/dogcatstar/photos/a.836411033087559/2613575752037736/?type=3&eid=ARBUmZ9oD39rlmE6_5OmrHL1ansXj8Xm14W5qu-k526RSAKL3ykVguSpJmXYaMix3KbgJnK7ae4XnGMr&__xts__%5B0%5D=68.ARBuKttjtidskcmG-MsZjjmVwU0SBNNEpX970eCUGd9-PSPbcJYYOXopS4QwOwEgyhRawcSCz_H--HSMCvYNJqIe7Ft9fVGhMaxw371dYhII4KoM_zJxtymlsItfsB_aM5J8Fiw_soVw7KBc-EGW2kbPixthAfa-uHTGviTDtNrWhG31pmrWNU_4faioRzlsRK2QdadpQxlw1df4A3gJZ2jtRPmevL-uvlAIfn8CodYUba2PHBDQY2nW7LwkZ9jO4Sa05dyjSH8fORv_QlfwPaMpuSl306qFLAgf88t87QlA50XVSCLaci4OVxMh3JxJapaZAJfKe50H-6w2kf_rU2VDEw&__tn__=EEHH-R","https://scontent.fhan5-7.fna.fbcdn.net/v/t1.0-0/p526x296/76771533_2613575755371069_4816434127404269568_o.png?_nc_cat=103&_nc_ohc=eZHvJhVg2ccAX-QEIu5&_nc_ht=scontent.fhan5-7.fna&oh=1045c24ed95224e5b99c32c11ae5529f&oe=5E952E2C",undefined,"",""
undefined,undefined,undefined,undefined,"https://www.facebook.com/dogcatstar/posts/2714851981910112","1577076176","🎄 毛孩的聖誕禮物來哩！
汪喵幣限時２倍送＋教你７招保護聖誕樹！
來去逛逛 🔜 http://bit.ly/2Zem2Dk
⠀
🐶🐱 據統計，87%的毛孩是植物終結者，
但聖誕樹很重要，絕不能被摧毀呀！
毛編想到了 7 個方法可以保護聖誕樹，
右滑看看你最喜歡哪一種？
希望來得及保護你家的聖誕裝飾 😂
⠀
祝大家的聖誕樹都能活到明年～
🎄 聖誕快樂！聖誕裝飾平安！
⠀
汪喵幣２倍送只到 12/25 午夜 
年底補貨一波 🔜 http://bit.ly/2Zem2Dk
⠀
#MerryChristmas
#聖誕快樂",1579264545,"https://l.facebook.com/l.php?u=https%3A%2F%2Fbit.ly%2F2Zem2Dk&h=AT3odLfG9MB14iPg1v-7xzxq66i2sLgDB72dGOqnxnlhb7lU_o-OZY2ZN2K8TnULUf-jsr748jOE1IGE2qm9EZIx98Mz6inFJS8otwLTlrQwwy5lcy50AsvA6_cqlh9MzETSLED7s2gFCCWHpkJRFeodym2vhsw0gGtXENR-oa8sz8_pg4DhFHnnNdGlMCmtha7sahck9de5SAYkgBnQsxxgVpZd80g5_SaR9ZaAi0LmYIi7dbYuGbZO5aM8-oR-0Jzl8yqBGmwANl-uRoQ3TTTJiwba-DnehgbtcKLP0TwuAF6MsEMmWpoStRrJUjcbGirIKIBhc9jLLgwUHo3hY78z7qQcTMd7gNyhXnn16lM--fvwWp8UObDv2oqxaECYQlKTAvqpsuy1RgFggiFKO-7VpiOVMUyJtx-rNoG0Zc0tXm7ONt_1_xvTwMLZ48k3q95cGT5wAmZsXV9x2rLRdU2UuamESv5J-k5Hd590bWPh86tsDSyv8d4QWgBoWOPn2k6REuAASI3GLG4fpcL2QC57XrD_gMi2eEruZs7H6Lm6BfrJmPdQZuqsoXuR4Gm8I4FoILVGvA9pNUeSI5KReJqMmTwWHDM6j2KSdQo6_paLXzUUgL-ZU4j4YFDeOdXuPb0Msk9B_xXWnzhPdSGAHsLozTjgzuM9","https://scontent-arn2-1.xx.fbcdn.net/v/t45.1600-4/cp0/q90/spS444/p600x600/81185166_6146260081116_1592263068048424960_n.png.jpg?_nc_cat=110&_nc_ohc=YrtsaVZgRu0AX8X7Cqk&_nc_ht=scontent-arn2-1.xx&oh=9ffafb069d4a8a133c7e8fd00cb90f60&oe=5ED516FD",undefined,"Shop Now","🎄汪喵教你保護聖誕樹！官網限時汪喵幣２倍送"
undefined,undefined,undefined,undefined,"https://www.facebook.com/dogcatstar/posts/2673739752688002","1575521004","若毛孩有以下行為，可能處於焦慮狀態！？
汪喵教你怎麼解💡
📚 http://bit.ly/2Yh9Wcc
﹏﹏﹏﹏﹏﹏﹏﹏﹏﹏﹏﹏﹏
🐶🐱 毛孩不會說話，
壓力會透過其他方式表現哦！
﹋﹋﹋﹋﹋﹋﹋﹋﹋﹋﹋﹋﹋
1⃣ #不斷吠叫
2⃣ #破壞家具
3⃣ #隨地大小便
4⃣ #過度舔毛、#啃咬腳掌
⠀⠀⠀⠀
毛孩如果有上述的症狀、行為，除了制止、看醫生，建議多多觀察毛孩情緒，排除壓力源，來幫助改善、解決問題。
⠀⠀⠀⠀⠀⠀⠀⠀
那麼，如何幫助改善呢？
📚 讓汪喵知識專欄陪你一起了解吧！
🔜 http://bit.ly/2Yh9Wcc
﹋﹋﹋﹋﹋﹋﹋﹋﹋﹋﹋﹋﹋﹋﹋
毛編上班準備離開，一關上門，貓咪就在裡面哭喊啦😭
來聊聊你家毛孩什麼時候會焦慮呢❓
⠀⠀
#汪喵星球 #寵物行為學",1579264545,"/watch/?ref=external&v=448076686110358&__xts__%5B0%5D=68.ARCNJBHP9hoYgM3oqVX8VgwPKjfDZKq-hIl2HSY_4-njbeviBPXY-qjwtika8uG94zso0YGRbw5TGyvFNPAXVlPZIXIBC8U5nV-3Z0nbFFuMMptfo4hznGGKzU-ZwwYPVtgKsf6QrSAa20ssINexsT1Mh7qKBk0XZSoJNJvHkh6AulQkDNZR7gPn9jU9DS8S-xkH8AiyGu5hWBrOFrbOacE6aLUHxO2saELUY9soOpa2hd25uICG1T45Jk4EnlQkPdRiJhG3Yigkk4nS9JKM92dfZAdHNCjnSX78eDNjuv9qGeXR2lVlkhEJEtJM3MK2VAulZ3h5rg36dW3m5OZDZss38ClO0zEfYQ5emvf0CwfZJi0&__tn__=kFFHHH-R","https://scontent-sin6-2.xx.fbcdn.net/v/t15.5256-10/72947950_448078056110221_2379917180591407104_n.jpg?_nc_cat=100&_nc_ohc=Ms3gVs4PFVUAX_4C_KO&_nc_ht=scontent-sin6-2.xx&oh=31e822c4d5fdd0c47f3947b81fda8719&oe=5EA54D61",undefined,"🐶🐱毛孩焦慮怎麼辦？營養師教你怎麼解！","Posted by 汪喵星球"
undefined,undefined,undefined,undefined,"https://www.facebook.com/dogcatstar/posts/2579377502124228","1571665723","〖 新竹市東區🔥汪喵星球2019最後一波徵才！〗
#社群企劃 x1 
#產品企劃 x1 ⠀⠀⠀⠀
#廣告投放優化師 x1 
#產品工業設計師 x1 
#專業內容企劃 x1 
#海外市場開發企劃 x1
⠀⠀⠀⠀⠀⠀⠀⠀⠀⠀⠀⠀
汪喵2019年最後一波徵才倒數中囉！如果你具備以下的專業，汪喵很希望有機會認識你，快快準備履歷吧！
⠀⠀⠀⠀⠀⠀⠀⠀⠀⠀⠀⠀
不知不覺一年又快要過去了，今年汪喵總共釋出了4波的徵才，每次都找到了很棒又優秀的伙伴進來，在彼此相互激勵、創新、共同合作下，我們的成長越來越快速，也看到很多我們還做得不夠好的地方，我們一直在努力優化精進；看到很多毛拔麻的需求：需要優質處方飼料罐頭的孩子；收到許多家長的許願：好用的貓砂、除臭噴霧、更多不同機能的罐頭等。
⠀⠀⠀⠀⠀⠀⠀⠀⠀⠀⠀⠀
汪喵的初衷「讓健康的寵物食品用品不是奢侈品，要讓每隻毛孩都能享用」。希望可以跟更多的夥伴一起努力，解決更多市場上還沒有被解決的問題，跨足更多不同的版圖，如果你也喜歡挑戰新的事物，同時具有不斷自我成長的能力，熱愛跟毛小孩有關的一切，汪喵很希望能夠認識你，我們一起打怪前進！
⠀⠀⠀⠀⠀⠀⠀⠀⠀⠀⠀⠀
工作地點 : 新竹市東區
上班時間：週一至週五 9:30-18:30 
⠀⠀⠀⠀⠀⠀⠀⠀⠀⠀⠀⠀
⠀⠀⠀⠀⠀⠀⠀⠀⠀⠀⠀⠀
🌟【社群企劃】🌟
⠀⠀⠀⠀⠀⠀⠀⠀⠀⠀⠀⠀
✓ 工作內容
1. 策劃產品行銷、社群經營等相關活動
2. 撰寫、編輯產品設計與發布等相關內容與文案
3. 客戶關係服務與維護
4. 主管交辦事務
⠀⠀⠀⠀⠀⠀⠀⠀⠀⠀⠀⠀
✓ 能力需求
1. 對品牌、社群、新媒體運營有基本概念，並對於產品行銷與活動企劃具備高度熱情與想法。
2. 有較強的文字組織、撰寫能力
3. 具數字分析能力、問題分析能力與提案力
4. 良好溝通協調能力，情緒管理能力佳，具抗壓性
5. 喜歡徜徉在社群中，熟悉社群軟體
⠀⠀⠀⠀⠀⠀⠀⠀⠀⠀⠀⠀
✓ 額外加分條件
1. 熟悉寵物市場需求
2. 任職穩定度高，喜愛變動快速、挑戰性高的環境
3. 能快速學習並喜愛嘗試新事物者佳
⠀⠀⠀⠀⠀⠀⠀⠀⠀⠀⠀⠀
薪資：30K-48K up，薪資依能力調整。

 ﹋﹋﹋﹋﹋﹋﹋﹋﹋﹋﹋﹋﹋
⠀⠀⠀⠀⠀⠀⠀⠀⠀⠀⠀⠀
🎄【產品企劃】🎄
⠀⠀⠀⠀⠀⠀⠀⠀⠀⠀⠀⠀
✓ 工作內容
1. 撰寫、編輯產品設計與線上發布等內容文案
2. 產品上架、網站維護
3. 策劃並執行品牌產品行銷活動
4. 產品發開流程中的業務資源管理、相關廠商聯繫，確保產品順利上市
⠀⠀⠀⠀⠀⠀⠀⠀⠀⠀⠀⠀
✓ 能力需求
1. 對品牌、社群運營有基本概念，並對於活動企劃具備高度熱情與想法
2. 有較強的文字組織、撰寫能力
3. 具數字分析能力、問題分析能力與解決方案提案力
4. 具有一定視覺表達能力
5. 良好溝通協調能力，情緒管理能力佳，具抗壓性
⠀⠀⠀⠀⠀⠀⠀⠀⠀⠀⠀⠀
薪資：30K-48K up，薪資依能力調整。

 ﹋﹋﹋﹋﹋﹋﹋﹋﹋﹋﹋﹋﹋
⠀⠀⠀⠀⠀⠀⠀⠀⠀⠀⠀⠀
🔥【廣告投放優化師】🔥
⠀⠀⠀⠀⠀⠀⠀⠀⠀⠀⠀⠀
✓ 工作內容
1. 制定廣告媒體策略 ( FB / Google / Youtube )
2. 操作/優化數位廣告活動，每日針對專案KPI進行預算管理與廣告優化
3. 廣告成效追蹤分析、定期產出報表
4. 懂得分析產品優勢，根據公司目標、市場特性和成本及利潤的考量，來發展和評估銷售
5. 投放預算規劃、文案撰寫，製訂每日預訂的投放預算，產出報表和數據分析
6. 其他行銷相關交辦事宜
⠀⠀⠀⠀⠀⠀⠀⠀⠀⠀⠀⠀
✓ 能力需求
1. 廣告投放1~2 年以上的實務經驗者
2. 邏輯清晰、數字判讀能力佳，且富有實踐精神
3. 不怕犯錯責任感重，不怕壓力懂得聆聽溝通
4. 個性細心穩重，具有歸納整理能力
5. 熟悉Google Analytics等分析工具、埋設網頁追蹤碼
⠀⠀⠀⠀⠀⠀⠀⠀⠀⠀⠀⠀
✓ 額外加分條件
1. 熟悉寵物市場需求
2. 任職穩定度高，喜愛變動快速、挑戰性高的環境
⠀⠀⠀⠀⠀⠀⠀⠀⠀⠀⠀⠀
薪資：35K-55K up，薪資依能力調整

 ﹋﹋﹋﹋﹋﹋﹋﹋﹋﹋﹋﹋﹋
⠀⠀⠀⠀⠀⠀⠀⠀⠀⠀⠀⠀
⛴【海外市場開發企劃】⛴
⠀⠀⠀⠀⠀⠀⠀⠀⠀⠀⠀⠀
✓ 工作內容
1. 海外經銷合作夥伴開發、合作企劃案撰寫、合作模式協商
2. 產品海外銷售提升策略規劃
3. 業務開發、維護及訂單處理
⠀⠀⠀⠀⠀⠀⠀⠀⠀⠀⠀⠀
✓ 職務需求
1. 具備2年以上業務開發經驗，能配合國內外獨立出差
2. 熟悉電子商務產業生態和營運模式
3. 英語口說及書寫流利，可獨立與海外廠商進行簡報與商務談判

 ✓ 額外加分條件
1. 熟悉 Amazon , Qoo10 , LAZADA , Shopee 等電商平台
⠀⠀⠀⠀⠀⠀⠀⠀⠀⠀⠀⠀
薪資：35K-65K up，薪資依能力調整。

 ﹋﹋﹋﹋﹋﹋﹋﹋﹋﹋﹋﹋﹋
⠀⠀⠀⠀⠀⠀⠀⠀⠀⠀⠀⠀
🎪【產品設計師】🎪
⠀⠀⠀⠀⠀⠀⠀⠀⠀⠀⠀⠀
✓ 工作內容
1. 產品外觀設計，並能獨立掌握專案進度
2. 提出與產品外觀有關之機構問題的解決方案
3. 用戶研究、產品研究，使用者痛點與需求分析
4. 與廠商溝通打樣至量產等任務
5. 密切與產品經理、運營主管溝通和合作討論確認產品開發目標及定位
⠀⠀⠀⠀⠀⠀⠀⠀⠀⠀⠀⠀
✓ 職務需求
1. 熟悉產品設計開發流程
2. 具備手繪草圖、3D模擬圖及模型製作的能力
3. 對機構、材料等有基本概念及框架，並針對產品需求找尋合作廠商
4. 良好的表達溝通能力與協作精神、解決開放性問題的能力
⠀⠀⠀⠀⠀⠀⠀⠀⠀⠀⠀⠀
✓ 額外加分條件
1. 熟悉寵物市場需求
2. 有「使用者經驗研究」等相關經驗加分
⠀⠀⠀⠀⠀⠀⠀⠀⠀⠀⠀
薪資：32K-55K up，薪資依能力調整。

 ﹋﹋﹋﹋﹋﹋﹋﹋﹋﹋﹋﹋﹋
⠀⠀⠀⠀⠀⠀⠀⠀⠀⠀⠀
💬【專業內容製作師】💬

 ✓ 工作內容
1. 整理、翻譯、規劃優質的犬貓知識
2. 將生硬的知識內容轉譯成一般讀者能夠吸收理解的內容
3. 將各式犬貓照護、飲食營養等知識，利用新穎的呈現方式，策劃成系列課程
⠀⠀⠀⠀⠀⠀⠀⠀⠀⠀⠀
✓ 職務需求
1. 熟悉犬貓營養知識
2. 具有良好的文字能力、統整能力、企劃能力
3. 圖文資訊整合能力
4. 熟悉線上影音教學平台、各大社群平台，能夠抓到用戶對於內容的需求點、創造議題
5. 具備良好英文文獻閱讀能力
⠀⠀⠀⠀⠀⠀⠀⠀⠀⠀⠀
✓ 額外加分條件
1. 熟悉教育科技，了解國內外知名教育平台與產品型態
2. 使用過線上教育課程
3. 動物科學系、獸醫系背景加分
⠀⠀⠀⠀⠀⠀⠀⠀⠀⠀⠀
薪資：32K-55K up，薪資依能力調整。

 ﹋﹋﹋﹋﹋﹋﹋﹋﹋﹋﹋﹋﹋
⠀⠀⠀⠀⠀⠀⠀⠀⠀⠀⠀
*請確實思考自身的興趣、能力與個性符合再投履歷，不要浪費彼此的時間 
⠀⠀⠀⠀⠀⠀⠀⠀⠀⠀⠀
《填寫》Google表單後 https://forms.gle/Hh1DVNMji1tLmtXK8，寄送電子郵件註明 應徵【職缺名稱】我是OOO，內容含
1.履歷
2.任何可推薦自己的資料（如果有）
⠀⠀⠀⠀⠀⠀⠀⠀⠀⠀⠀
寄送到以下雙信箱：
planddo.biz@gmail.com
zongdesun@gmail.com
⠀⠀⠀⠀⠀⠀⠀⠀⠀⠀⠀
汪喵福利😁
【毛孩辦公室】辦公室超療育，毛小孩跟你一起上下班
【怕你沒得學】書籍與課程補助，在學習中一起成長
【點心與水果】點心與果汁暢飲，隨時精力滿點
【超級員工價】夥伴享無敵員工價，養毛孩更輕鬆
⠀⠀⠀⠀⠀⠀⠀⠀⠀⠀⠀⠀⠀⠀
＃請於11月30日前投遞履歷 ＃預計於12月中旬完成本次徵才
＃第一波面試名單預計於11月15日前通知⠀⠀⠀⠀⠀⠀⠀⠀⠀⠀⠀
＃歡迎推薦Tag人才 ＃推薦成功贈5000元汪喵購物金 
＃若沒有進入面試階段恕因人力吃緊不另行通知請見諒😣",1579264546,"/dogcatstar/photos/a.836411033087559/2579343178794327/?type=3&eid=ARA1qezoTF2CeUBrjxkbce_AB0PPleLMb3u8DcxFxda4VlmJL1UD1TmQ98nxdtx2vB4os6gQIGcHYHYU&__xts__%5B0%5D=68.ARBMyKjz6wmqtHNactolBJtjRnbSLjRnDD-I8oiq5VSb7FtuWziZzQ3lvLuTM0se1jkrNojLS_SkNiYgvyld6fMQnTb6lUwC3cBfNgcVr-hiMVZRGP0g9-aJ11W3AOZUkEVRlvkqdDAdWQDNHXD35sgLbVPM9AdkMg7Gs9h5Iv21zSb1NYBq2DdvjKyGoNeXKv3tlv_nswDVqqrRMD0TR7agcztZLlwrsxjgJXSgnqY-VuvHSM44EGSqfo7mE5sEDSUs89uk8J2ZwTpwI9c1BxiWMBn1W80IpLyr7fPwt4dZS8yVy1u5DF4iSUxcFOyYO0KXEDPxXMT1Sz3sP3ymwhn68g&__tn__=EEHH-R","https://scontent-sin2-1.xx.fbcdn.net/v/t1.0-0/s640x640/74527190_2579343188794326_4849740344654299136_o.jpg?_nc_cat=101&_nc_ohc=BoJ5T2VOKOkAX-iQsl_&_nc_ht=scontent-sin2-1.xx&_nc_tp=1002&oh=2f43f3dddd5afbec26510511510ece68&oe=5EA62136",undefined,"Learn More",""
undefined,undefined,undefined,undefined,"https://www.facebook.com/dogcatstar/posts/2633938833334761","1573965223","❓ 什麼！母貓可以生出不同爸爸的孩子？
馬上閱讀【完整版冷知識】
📚 http://bit.ly/357qPIr
﹏﹏﹏﹏﹏﹏﹏﹏﹏﹏﹏﹏﹏
🐱 #貓媽媽傳宗接代的秘密
﹋﹋﹋﹋﹋﹋﹋﹋﹋﹋﹋﹋﹋
野外的生活很辛苦，為了讓傳宗接代成功率更高，貓媽媽在發情時會先透過分泌費洛蒙吸引公貓。這時的母貓就像噴了香水的火辣美眉，會同時吸引到一大批血氣方剛的公貓。公貓相互較量後，就有可能輪番上陣與母貓發生親密行為。
（辛苦母貓了，嗚嗚）
⠀⠀⠀⠀⠀⠀⠀
你有聽說過「米克斯是驚喜包」的說法嗎？🧐
是什麼樣的生理構造讓母貓生出不同花色的小寶寶呢？
【了解真相】🔎 http://bit.ly/357qPIr
﹏﹏﹏﹏﹏﹏﹏﹏﹏﹏﹏﹏﹏﹏﹏﹏﹏
⠀⠀
#汪喵星球 #寵物行為學
#天下媽媽都是偉大的嗚嗚",1579264546,"/dogcatstar/photos/a.836411033087559/2633928063335838/?type=3&eid=ARASnegAjqqyxKv64NUypkuaN6SvYm4trnksszJahaACoKcMsWyyyf5Foe9tCDwpwUl5HNprdnbDfNE-&__xts__%5B0%5D=68.ARCL4vW0TKRj0En09heP8fqLJHkjwsg2JuJxdYsxcEu_Ji1Fq6xIYyzGv3mhH9iA5QQrJxvRo5Ev1MRz7Vr0aGVSkHf75TZvxAyKQMLmgbqNCq_8PxVZe64jFpSBXsQIqkWfZHWyKozU6NVDh0IVzzrWlOCuPU_-RBeYjzcvW6mshAMI9LPOAgzY9nPG3rAkUmc59WYQMMszIw_7YbA8seDFjof6f8eWrIPrXCJkvGFxlmEAUP7RvfftOZ3b2KOlU__HYQLvHNe6PxTO59-lRF_rsllj-GzJIAedV5iyDILP2PgrSZ8xUMywQ8XHrkvQXepEqHNNjewqxaVebNYPbJ3RDg&__tn__=EEHH-R","https://scontent.fdac27-1.fna.fbcdn.net/v/t1.0-0/p526x296/75348954_2633928066669171_3772548111432417280_o.png?_nc_cat=103&_nc_ohc=OR0NxvnM_jgAX-bS3ZQ&_nc_ht=scontent.fdac27-1.fna&oh=348699857e9083e33efcac43afc8e8bd&oe=5E90AE9B",undefined,"",""
undefined,undefined,undefined,undefined,"https://www.facebook.com/dogcatstar/posts/2580663928662252","1571718198","「毛孩喝太多礦泉水會引起結石？」
礦泉水真的這麼可怕嗎？讓汪喵營養師來告訴你吧！
【馬上了解】🔜 http://bit.ly/2pJdvuI
﹏﹏﹏﹏﹏﹏﹏﹏﹏﹏
❓礦泉水會導致結石？
﹋﹋﹋﹋﹋﹋﹋﹋﹋﹋
結石的產生，最主要與「#鎂離子」攝取過多、 #飲水不足 有關。
美國 AAFCO 建議，一般 4 公斤的成貓每天攝取至少 20mg 的鎂。而一般礦泉水的鎂離子含量低於10mg/1000cc 。也就是說，貓咪一天必須喝
2000cc 的礦泉水才會達標。
⠀⠀⠀⠀⠀⠀⠀⠀
因此，礦泉水並不會造成結石主因！但也不需要天天喝礦泉水，一般開水即可。
但是！如果毛孩有腎臟疾病、鹼性尿液、結石病史等，對於鎂離子的攝取量就不宜過多，建議別常喝礦泉水囉☝
⠀⠀⠀⠀⠀⠀⠀⠀
那～最棒的飲用水是什麼水呢？
犬貓的每日健康飲水量是多少呢？
一起閱讀健康專欄 📚 http://bit.ly/2pJdvuI
﹋﹋﹋﹋﹋﹋﹋﹋﹋﹋﹋﹋﹋﹋﹋﹋﹋﹋
#沒事多喝水
#也要喝對水哦😉",1579264546,"/dogcatstar/photos/a.836411033087559/2580663728662272/?type=3&eid=ARBeKYjvCQKQQLZv-WJqiAVDbElc0XYC-_nqutmdfS5uRDPJowiNC2-7ftCbvIg21r4zvBsiZXfJa8R0&__xts__%5B0%5D=68.ARAbzlLLoqqIO6ygl8L_bxUg-8UAJlA_Me4lJHuELs-IzJn6wtm1uEDhapiPKRzVYMmoI5wlbBkIlt8YW5u_vWmn77RanOtjLnuubpstT28ZYJ1O9RNkzwb5kW1rZydtA_O7RTRNfAQjtyKE90ztLBl05T5rYnCdhj5_vNY17INGgM89rfehF2-T8G71mwKocgNd5muB_0i0U9j0Tv0IiWrzZmQh69dZT6CF4zTFeSW3p0Xj0BWsqd8Ut6R-cXu-IaqqWaOotxFFGgFHB7Zfx5Eb_m6Ewwc-AkCN_XkKGx4HRIN8BEkamAvcP2cRx3HCRylod-Cbq29uBQOTonNoSu58Mg&__tn__=EEHH-R","https://scontent.fdac18-1.fna.fbcdn.net/v/t1.0-0/p526x296/73323865_2580663735328938_489166890631954432_o.png?_nc_cat=110&_nc_ohc=qjtmBtpzykwAX_um4gP&_nc_ht=scontent.fdac18-1.fna&oh=2b43914376a60ad090ea4153da6e1f8e&oe=5E9A4105",undefined,"",""
undefined,undefined,undefined,undefined,"https://www.facebook.com/dogcatstar/posts/2587461811315797","1572010406","🌪🌪 旋風來襲！好吃到失焦！
什麼樣的美味讓手機被撞到失去防震功能呢⚡
認識 #營養美味雞肉餅 👉http://bit.ly/2qEv1Ax
﹏﹏﹏﹏﹏﹏﹏﹏﹏﹏﹏﹏﹏﹏﹏
🐶３款選擇，狗狗貓咪都愛吃 🐱
﹋﹋﹋﹋﹋﹋﹋﹋﹋﹋﹋﹋﹋﹋﹋
✅ 補氣養生
✅ 明目護眼
✅ 美膚爆毛
⠀⠀⠀⠀⠀⠀⠀⠀⠀⠀
如果毛孩愛吃零食，
那就給牠們挑個健康又好吃的吧！💞⠀⠀
【立即購買】👉http://bit.ly/2qEv1Ax
⠀⠀⠀⠀⠀⠀⠀⠀⠀⠀⠀⠀
#讓毛孩吃得更好
#陪我們一起慢慢變老 ❤️
📷 來源：IG @xiaodaicat",1579264546,"/watch/?ref=external&v=404520063799215&__xts__%5B0%5D=68.ARBARt_YC0DdXkzfh5K21BQAHEd7MncpHgkobM5IPx9YHBIrA8XFZhBWErSHNFyj8nrA95uMGZ8cQGzqLROUJC0yHSxB0sp_7n7Qnmi3OHJedrbNYQmgiBh7GHWHZvonli_zpJWp4a26b55a94Nabs1aFFeWDH0riUoY-6hDNYPZMOHg8Yry6bmiivlsib-1g4G0PUJj8yjt2TRV5NiHsthewCK7_WGzjRClyZFm7vPDca37B5adugkXtE8NGqGJAIIkueyFIv88N3bX3hx4OC20S-w2cY3vOPKiFDRjpFXecCRbwXMH-bjzrYw1mgigWIIAAXi6ULUw7zbMsax7lTU5zAhpWk4BpQcvICfc8QXrH-uvJBr9uB4LYeI&__tn__=kFFHHH-R","https://scontent-sin6-1.xx.fbcdn.net/v/t15.5256-10/73545962_404521003799121_2186194364332507136_n.jpg?_nc_cat=105&_nc_ohc=Ac7YWbryyj4AX9qfDEW&_nc_ht=scontent-sin6-1.xx&oh=3b5af8a332f063a472ca2d11bdc9e506&oe=5E9686EF",undefined,"🐱這片肉餅，好吃到失焦！","Posted by 汪喵星球"
undefined,undefined,undefined,undefined,"https://www.facebook.com/dogcatstar/posts/2593602424035069","1572269614","【🐶🐱汪喵低調萬聖節】#留言有活動❗
#誰說萬聖節一定要扮鬼？
#這次我們來個低調的萬聖節吧🎃
⠀⠀⠀⠀⠀⠀⠀⠀⠀
近幾年在日本的「地味萬聖節」，
流行著裝扮成「日常生活中都能見到的人」
事實上，毛孩不需要特別打扮，也是一百分的可愛～對吧❤
⠀⠀⠀⠀⠀⠀⠀⠀⠀
#以下開放留言PK
#狗狗貓貓曬起來",1579264546,"/dogcatstar/photos/a.836411033087559/2593601594035152/?type=3&eid=ARA4wjyu8pOCROA_yY_6AgutSwg_Pq_3cD5v7_yvPfv8R6x4tU2IdKxkQLqgy-L4hCUD7c8fTUVTlOH8&__xts__%5B0%5D=68.ARCZiJ1F4QQ0yipyPz0SXAw0UcNFvecwlwgs7q85gmXi8sIvzfS0HaALFG31iy_n8r5lK7EIE1qf0iodc9JhXvS6CmD5yZsQp-I_GYZ055rXD1_uhN5X83ovhb3Hj2QWEuD4hiitmbO5qlXKLn6hXB_pDmzHiU-pFM2gwSz2Cf9DQzuBxbz713N0Zk2o_H35WlTWSw6qVJiNHWhFl381fRvN8hVkuEeCoD2Xq07PkS-YJ5XhaKjQtzF4mFkLagkzXjtK-uZctmHCjD4RB9CwgYIrLmLpf9EPm50xB-BCutmsDAak2jxTJvi6hMzrsFVXfsDSQ9FXu3Lq-ANvey7oK4ZyNQ&__tn__=EEHH-R","https://scontent-cdg2-1.xx.fbcdn.net/v/t1.0-0/p526x296/73210206_2593601600701818_7825762319794700288_o.jpg?_nc_cat=107&_nc_oc=AQnnAJsAZLPBqgdajMRkdGpGcQPRkj02LuaFStrVKJJpuHAkZDU13SYwLWYhyKZR6SzUkfsLeIdoRhHyLkCDGA8S&_nc_ht=scontent-cdg2-1.xx&_nc_tp=1002&oh=e89350c2f88802066413c2f4da4cb9a8&oe=5E9747A5",undefined,"",""
undefined,undefined,undefined,undefined,"https://www.facebook.com/dogcatstar/posts/2530228283705817","[Error]: TypeError: Cannot read property 'attribs' of undefined","",1579264546,undefined,undefined,undefined,undefined,undefined
undefined,undefined,undefined,undefined,"https://www.facebook.com/dogcatstar/posts/2641507929244518","1574226100","【 研發日誌 📋 - #汪喵情緒好放鬆保養粉 🐶🐱】
身為毛拔麻的我們，最大的願望就是希望毛孩能健康長大。給予營養均衡的飲食、做好日常機能保養都是我們很重視的。但，總是在意毛孩身體是否健康的我們，偶爾還是會忽略毛孩是否快樂、沒有壓力打擾？

其實毛孩和我們人一樣也會有各種情緒變化，抑鬱、焦慮、恐懼等都可能在毛孩身上出現，但由於毛小孩不會說話，當壓力長期累積就可能導致心理、生理或行為的問題，如 
#過度舔毛、#吠叫、#破壞家具、#隨地便溺，甚至可能引起 #泌尿道困擾 或 #免疫力低下 等問題。

汪喵新研發的情緒好放鬆保養粉，特別選用日本專利L-茶胺酸、#日本大廠的色胺酸
，依據研究顯示的有效劑量做調配，希望有效幫助毛孩促進大腦中樞釋放多巴胺、血清素作用，舒緩焦慮。再輔以 #日本GABA、義大利 #酵母萃取物SAMe
，幫助調節自律神經與增強血清素、多巴胺的活性，可讓毛孩做為長期調理無負擔，幫助精神及情緒上舒緩、放鬆、緩和。

同時也建議毛拔麻能多給予相處上的陪伴，一起幫助毛孩克服情緒及行為問題，例如 #溫柔對待、#多花時間陪伴
、給予好吃的食物和零食、玩遊戲、社交生活等，與毛孩一起擁抱更好的生活品質☺

🔔 新品優惠單罐折 $30 、兩罐折 $90！
🛒 立即選購 🔜http://bit.ly/331317J

#吃得更好
#陪我們一起慢慢變老",1579264547,"/dogcatstar/photos/a.836411033087559/2641505732578071/?type=3&eid=ARC_J1vP6yjwE2pndf8QtTRnVGrsoh0xTOPZfYf84E5xgt7F0UePDdKm8WAp0GHvNPCGvshbYD7UGVS1&__xts__%5B0%5D=68.ARDUpY4r5g5rpL0ZBhmpbJ-1GdndAujkNa0jaEQqyAm0G7mdHbKhnvd7-2Yc7I36cguutXPIiydUpPQrLz7dOnqKFTlqWOKNNk47LL_XJKzumsP878qn_ggU48R8niM4trhfhkZDCwY2EZUb5dJp0C9dMnp57y6svypOYHQf6-8LXAPTDZ9MAUf5YS14LkuzbNmNvsXE6FCbnl9fET9BoCCc4ZiURfFhWfNO4c_3kQ_99O4axj8lKR_p_EKTT4JX17PKyYaUq5CoUeJEifhjiJ8g9jdLF2LoNL9kFXs2gYMV2V5WmzhSXLI8v-wNYA17fGzbtbU2ZZ0yv5saZeiY6jEltg&__tn__=EEHH-R","https://scontent-amt2-1.xx.fbcdn.net/v/t1.0-0/p526x296/78066990_2641505739244737_8409536499460079616_o.jpg?_nc_cat=102&_nc_ohc=bFPxFFNYCWkAX9EkEsk&_nc_ht=scontent-amt2-1.xx&_nc_tp=1002&oh=bcf3ebef3cd1de487e7744bde34d1a10&oe=5EDBC54F",undefined,"Shop Now",""
undefined,undefined,undefined,undefined,"https://www.facebook.com/dogcatstar/posts/2644234198971891","[Error]: TypeError: Cannot read property 'attribs' of undefined","",1579264547,undefined,undefined,undefined,undefined,undefined
undefined,undefined,undefined,undefined,"https://www.facebook.com/dogcatstar/posts/2687337934661517","1575979881","⚡#開放競標！⚡ 到 23：59
這是一箱汪喵＋一根樸實無華的香蕉🍌 

【遊戲規則：0元起標！】
產品價值：2000元（出貨不含香蕉）
12/10 晚上23:59分結標，價高者得。

 ※不得挑選商品或更換商品，僅能選擇狗箱／貓箱🙊

 #好 #開跑❗",1579264549,"/dogcatstar/photos/a.836411033087559/2687300817998562/?type=3&eid=ARDaK0KYSR4hoSGisHovw9iKfBRduqPV5nQ1EXW0OktHEx-EQCneJaL7CsBdI2y_K0dVZkCZZ4UW5Y64&__xts__%5B0%5D=68.ARAWMPZ2aLlxZa8oMCyOdPfqiPqW_na3-u1yL_bt8kk9aCd10cKFuAya-7xqhnB_65glhlUCre8YkJqIwrXMGltqgKLk_45vLXJDQWunBzI9Ame5M8UstgZBedEfdzfReP0JbM2jfHE5w1PghKZ1J1ng0GGJH3R4DEQVVValoO97kak39LceOaOCvXje_YxLvZRAsBLEYXpC3VyHo8wblhHjUpV5tTScuCuC0qT03h-Ad0-_0BRd5WHvX_5W0YJMf6Xiptsgboaq-N28I6gIcud4fy9Pif84bKEAHTUPYtvhyw4dOp0Q5qnwW3nkZBWb6z-yC9JIQIZU1DxJejWqg4s0rg&__tn__=EEHH-R","https://scontent.feoh3-1.fna.fbcdn.net/v/t1.0-0/p526x296/80106587_2687300821331895_1976772914325749760_o.jpg?_nc_cat=103&_nc_ohc=8PJYBUQ2g-EAX-wises&_nc_ht=scontent.feoh3-1.fna&_nc_tp=1002&oh=ac6114d398b47ce313af705e6331c9b5&oe=5ED9047F",undefined,"",""
undefined,undefined,undefined,undefined,"https://www.facebook.com/dogcatstar/posts/2597143567014288","1572528839","你家貓咪在便便後也會後突然精神百倍衝來衝去呢？
【馬上了解】🔜http://bit.ly/2WrBvOV
﹋﹋﹋﹋﹋﹋﹋﹋﹋﹋﹋﹋﹋﹋﹋﹋﹋﹋﹋﹋﹋
這種出現在如廁後的興奮心情就稱為「#解便HIGH」。
由於貓咪實在太難懂，這又是一個眾行為專家爭論的問題。毛編決定整理出以下給各位毛拔麻看，你支持哪個論點呢？
﹏﹏﹏﹏﹏﹏﹏﹏﹏﹏
🔎 ３種解便嗨的成因
﹋﹋﹋﹋﹋﹋﹋﹋﹋﹋
1⃣ #解放完實在好舒爽！
腸胃塞滿宿便肯定不舒服，終於一口氣把它排光了，當然身輕如燕好自在！（搭配小跑步）
⠀⠀⠀⠀⠀⠀⠀⠀⠀⠀
2⃣ #太臭必須馬上離開！
貓咪是潛伏型動物，不喜歡所有味道重、會暴露自己行蹤的東西，所以便便完當然要光速逃離！（搭配飛躍）
⠀⠀⠀⠀⠀⠀⠀
3⃣ #副交感神經興奮！
研究顯示，當便便通過直腸時血壓會下降、心跳趨緩，感受上接近「幸福感」！（奔跑兼抬高尾巴）
⠀⠀⠀⠀⠀⠀⠀
你家的貓咪是哪一種呀😜？⠀⠀⠀⠀⠀
那麼，如何給牠們一個舒適的便便環境呢？
閱讀【完整版冷知識】📚 http://bit.ly/2WrBvOV
﹋﹋﹋﹋﹋﹋﹋﹋﹋﹋﹋﹋﹋﹋﹋﹋﹋﹋﹋﹋﹋
#汪喵星球
#汪喵冷知識
#寵物行為學 #貓咪日常",1579264550,"/dogcatstar/photos/a.836411033087559/2597121067016538/?type=3&eid=ARAg0_QR0ZOcvoxmdFZM0rmtH1RWr3mzqXmzPU7VYIXDMRnjif6yw_upqVnaT2zlZplqQOLbmAeNEVaS&__xts__%5B0%5D=68.ARCQOr5RQX27eDWVHOqy16e7fthaie0V3eiX75HodLmD4Qx6gvGZEts7mlNRHwwWSpqmcDsz36D5y57XBxLfitHcS4b9JTv3paMm2UI3qNYk28X08UX1esLxSKBqC_Ksmo97ZNzZnQjVXomIOxbixfzw4IGHA2OzbEbTYnSKdpRiTPMRgfZX6YABWkrKRBf6qgFyQZd8t5tneLWWMT1p4CN1rTDNJuFqd2E2GTipwIVIj1vaojQkMeB4X_T-Vg0aD8s39uJ0wisO7kwlcLqexZCAUSg_cGl_QJMbs8DioItITZP85QmQOcaVQcSd7E-s5PSZmy9rgONzz6Z5rTJChobkmg&__tn__=EEHH-R","https://scontent.fcgk13-1.fna.fbcdn.net/v/t1.0-0/p526x296/73162653_2597121073683204_5992919708087615488_o.png?_nc_cat=104&_nc_ohc=Br10-utwwjwAX-5DhF_&_nc_ht=scontent.fcgk13-1.fna&oh=8f82269e2ce80d3090d5a1e096f2709d&oe=5E97744F",undefined,"",""
undefined,undefined,undefined,undefined,"https://www.facebook.com/dogcatstar/posts/2644607478934563","1574429628","你有覺得天氣開始變冷了嗎～
冬天照顧毛孩該注意什麼呢？
【馬上閱讀】👉http://bit.ly/2XtL0xC
﹋﹋﹋﹋﹋﹋﹋﹋﹋﹋﹋﹋﹋﹋﹋﹋
已過立冬，台灣各地早晚溫差漸大，除了享受毛孩蹭著一起睡的溫暖時光，許多毛拔麻也開始發現毛孩偶爾會 #軟便、#打噴嚏 或是 #不愛動
。冬天來臨，毛孩身體可能會發生甚麼變化呢？冬天照顧貓狗該注意什麼呢？一起從「環境、飲食與健康保養」方面來看看吧！
⠀⠀⠀
讓汪喵知識專欄陪你一起了解吧！
📚３分鐘學會毛孩冬季保養祕技
🔜 http://bit.ly/2XtL0xC
﹋﹋﹋﹋﹋﹋﹋﹋﹋﹋﹋﹋﹋﹋﹋
#汪喵小教室
#汪喵專欄",1579264551,"https://l.facebook.com/l.php?u=https%3A%2F%2Fbit.ly%2F2XtL0xC&h=AT2qgc5b-jpvQ3trnDPHq4T17Fjn47qlGjrUMU9X4K0ksOfkT60My1RWpjRn0EdbHbI0H8exxfmdkrCh4i8Ko07HNBosIl2Ek18mn2NNZdrZyBfQKR9I7ImIqHn-sxQnGBazGOXSwhd6gkua5W9uy_Y5545zek__aakEn960Xu7qpKHkYkjoQUD3O2xxP5hotfmsltBBcGLsPK19VwdfUxQToAH7GnxV7tmY-zdqWzOrYWcLwEJk2UmI6FKX8qqCWFMrIh8WBhfUKikuYI6GOeOb4RAHpPNwULm0x5OuIiduj1D81So7hWNoG7i5lQ6gj4Si1GJ_v9SFVcFZYWPlyvDBQGFFvMz7NzYaVCd8kdNKUD2-DynD5iauYZ8FGQ5Px4botdMtcRu3cf3_xl8MVeRDWiwd4DnkZ7Al-lg4Dtuaxk4GHTqugTMfnB4cPSIs1Kgv0XfYm33LkMxVGqB6jvXQlbja4wo-xAXBaK5QqWiSc3ghfxJiBf6Oem8Tn0AV78_6AR7mJQPAPx-7Sp1FoNbRHL8r8Fo_jkO1mWJN488axIZRI7uLkuafpd8UCvLCwTd8s3oRPxHsEYZboa8eNJbGSgh228_VX9nZxhu6_g02Zs4UNszpRUhByMSkv5RXuzMIeg4mvjOor4nJ","https://external.fhen2-1.fna.fbcdn.net/safe_image.php?d=AQDW-rNaifp7QTvx&w=540&h=282&url=https%3A%2F%2Fwww.dogcatstar.com%2Fwp-content%2Fuploads%2F2019%2F11%2F17%2F510104%2F53141994c5d2b20b8a647c8376a1e784_m-1.jpg&cfs=1&upscale=1&fallback=news_d_placeholder_publisher&_nc_hash=AQDxsTVt0a15Qpbm","Image may contain: cat","冬天台灣各地早晚溫差漸大，許多毛拔麻也發現貓咪狗狗偶爾會軟便、貓咪打噴嚏、眼睛紅紅、貓咪吐毛或是出現泌尿、關節困擾。冬天來臨，毛孩身體可能會發生甚麼變化呢？冬天照顧貓狗該注意什麼呢？冬天如何幫毛孩照顧...","dogcatstar.com【汪喵知識教室】冬天照顧貓狗該注意什麼？ - 汪喵星球冬天台灣各地早晚溫差漸大，許多毛拔麻也發現貓咪狗狗偶爾會軟便、貓咪打噴嚏、眼睛紅紅、貓咪吐毛或是出現泌尿、關節困擾。冬天來臨，毛孩身體可能會發生甚麼變化呢？冬天照顧貓狗該注意什麼呢？冬天如何幫毛孩照顧...冬天台灣各地早晚溫差漸大，許多毛拔麻也發現貓咪狗狗偶爾會軟便、貓咪打噴嚏、眼睛紅紅、貓咪吐毛或是出現泌尿、關節困擾。冬天來臨，毛孩身體可能會發生甚麼變化呢？冬天照顧貓狗該注意什麼呢？冬天如何幫毛孩照顧..."
undefined,undefined,undefined,undefined,"https://www.facebook.com/dogcatstar/posts/2730962590299051","[Error]: TypeError: Cannot read property 'attribs' of undefined","",1579264552,undefined,undefined,undefined,undefined,undefined
undefined,undefined,undefined,undefined,"https://www.facebook.com/dogcatstar/posts/2537810489614263","1569988980","【汪喵雙十連假暫停出貨公告🚚】

Dear 各位毛拔麻：

下周適逢雙十國慶連假，
【10/9 早上10:00】為最後出貨時間
【10/10 ～ 10/13】 暫停出貨及線上客服
【10/14(一) 】恢復正常出貨，屆時將依照訂單成立時間順序出貨。

為避免毛孩斷糧，
請有需要的毛拔麻們盡早訂購或到合作商店購買喔！😉

🛒 到官網補補貨
http://bit.ly/2oT1AtK
🏪 實體合作店家
http://bit.ly/2nc9SfW 🚚
⠀⠀
#離島與港澳地區同步暫停出貨
#預祝毛拔麻連假愉快",1579264553,"/dogcatstar/photos/a.836411033087559/2537808659614446/?type=3&eid=ARCHxuApoBvHcZHuQYZZXh9jS8i2mRMZp-DhOVev0jK3fkfXsT9uNH2Vv_nlhFdnvLbM4SOFlkRmtjkN&__xts__%5B0%5D=68.ARA5X65tq-ZBTR9w_fd4I65OG7GKg1vsIQXqqsIj5g6cvxIW7DTv0PRCyHxL4vgNa1ggVGB8rnelHEN59d5_glb0u-ArMOhYM6505u1qQ_Id1e_-9jX__R_JSZQqqPAAeO4TbLFeRf2n74n-dbF-458ffha1ha6_bKBEErQRasIJUADQrTWkhX-k6p3cgbJ8Q3SGrczullp7yvVaSQzcc0fc5Lcbx3W9F7PKJT7aJ9YNDz0-9MUMls4nqK9Ylhu5R4wLDRaTRI2zSAr8KcY_YPZM8Gm4PXil2m7LL7EMsKFigubNBvCN_ycP5aZL-rV78K3zjVuI8Uaq5gzJQS5pkDQbWA&__tn__=EEHH-R","https://scontent-sin6-2.xx.fbcdn.net/v/t1.0-0/p526x296/72113850_2537808666281112_874956894861524992_o.png?_nc_cat=111&_nc_ohc=LeWnYPT2rxMAX_YaRVw&_nc_ht=scontent-sin6-2.xx&oh=b3de98acf70f3cf5a61f247116b0eec4&oe=5ED3ADAD",undefined,"",""
undefined,undefined,undefined,undefined,"https://www.facebook.com/dogcatstar/posts/2657815927613718","[Error]: TypeError: Cannot read property 'attribs' of undefined","",1579264560,undefined,undefined,undefined,undefined,undefined
