url,time,text,posttime,crawled_time,attachment_link,attachment_img,attachment_img_alt,attachment_title,attachment_brief
"https://www.facebook.com/Ninjiatext/posts/2658778257489813","1567609302","葉元之今天喊要開除王金平怎麼沒啥人要報。

 下午我發文說國民黨內戰中，結果有人留言問說和時力內戰相比咧。

 時力內戰，折損要角約五人。國民黨內戰，現在已經不是掛五個人，已經在討論是掛五十個人，還是要掛掉五百個人的問題惹。

 你們真的不懂國民黨，好嫩。","","","","","","",""
"https://www.facebook.com/Ninjiatext/posts/2662116910489281","1567761889","要鄭重澄清的是，
有關這個三百萬最好拿去課金一說，
完整版本是：
https://youtu.be/GX7hdfQF1e4?t=6391
.
.
.
.
.
.
.
.
.
和截圖的說法完全一樣哦！","","","","","","",""
"https://www.facebook.com/Ninjiatext/posts/2651378574896448","1567265719","【置頂文】20190906最新版

 最新課程「職場必備的批判思考力：創意力篇」，購課連結：https://hahow.in/cr/criticalcreat

 現正熱賣中：新小說《大部分解，開始》，購書連結：https://www.books.com.tw/products/0010827011

 【媒體】
電視(九月開學囉，調整固定通告)
週三 【年代 突發琪想2200-2400】
週四 【年代 新聞面對面2000-2200】【民視 辣新聞2200-2400】
週五 【三立 前進新台灣1400-1600】隔週【三立 94要客訴1230-1330】
其他隨緣

 直播：
本粉專【主官不在的晚點名】每週四晚間21:00。
時力官網【時力渣水表】每週二晚間2000-2100

 九月中旬將有podcast新節目。

 報紙：蘋果日報每週一
渣誌：改為每週一發刊（所謂內參都在渣誌） https://vocus.cc/zha_magazine/home

 【紙本書】
可在各大網購平台搜尋周偉航或人渣文本。

 【網路課程】
請直接搜尋https://hahow.in/@lidance

 近況報告：
逐步轉向影像工作與經營新專案，像國軍主義(https://www.facebook.com/GoGenism/ )
====

 【本人立場】
公共論述類
政治主張：
1.台灣是主權獨立國家，中國是次殖民地。反攻大陸把所有共產黨員的財產分給中國的百姓。
2.除了黨提名人之外，選舉投給最後一天最像正常人的，其次為投票前有來特別拜託的，不然就選黨名最好笑的。
3.宗教為解放神學，政治哲學為社群主義，倫理學派為德行論。認為死刑和同婚都可有可無，手段而已，看目的性。反對任何耍蠢的人。

 休閒娛樂類：
運動：任何好笑的球員或球隊。

 youtuber：ゆきりぬ、もえりん、まこち、旅行YJ、欸你這週要幹嘛。

 
日系偶像：吉川七瀬、下尾みう、横野すみれ、太田夢莉、瀧野由美子、甲斐心愛、佐々木琴子、久保史緒里、大園桃子、与田祐希、掛橋沙耶香、金川紗耶、北川悠理、筒井あやめ、松田里奈、藤吉夏鈴、日向坂46全員、潘姿怡、鄭佳郁、董子瑄。

 韓系偶像：TWICE定延，GFRIEND睿隣、信飛、IZ*ONE曺柔理、安兪真、金采源。","","","","","","",""
"https://www.facebook.com/Ninjiatext/posts/2665512573483048","1567907205","剛剛發現昨天一整天都沒發文！

 嗯整天都在外面跑嘛~今天也要出去拍片。
因為沒有任何主題可以講，就發個超殺的横野すみれ。","","","","","","",""
"https://www.facebook.com/Ninjiatext/posts/2662582207109418","1567779890","很會哦。","","","","","","",""
"https://www.facebook.com/Ninjiatext/posts/2656813787686260","1567520457","九三軍人節，身為國軍主義粉專的經營者，還有一堆現役軍官的惱師，在此祝所有國軍今天休假愉快。

 不過就算點放，現在也應該已經收假了，還沒回來的記得不要酒駕。

 過節嘛，就來談一件往事。

 當年在成功嶺新訓，放結訓假，一從門口出來，許多人蹲在這間軍品店對面(也就是拍照點)等計程車。

 我碰到一個入伍前就認識的別連同梯，於是問他：""你要怎麼去步兵學校？"" 

 因為我們都是陸軍步排，要去步校二階段訓，但當時還以為是要自己去，事後才知道是大家一起去。

 結果他說：""我退伍了。剛剛驗退了。"" 然後晃晃手中的一大疊文件。

 我沒有很傻眼，就笑笑的祝他工作順利。他沒說什麼就離開了。

 我想，這證明人類是聽不到鬼魂的聲音的。

 #這間好朋友有賣人型電子靶ㄛ吃飽太閒的可以去買
#這張是退伍一年後拍的但我現在才發現他有英文名是阿米溝耶。","","","","","","",""
"https://www.facebook.com/Ninjiatext/posts/2660224144011891","1567678759","我：「那300萬到底是怎樣？」

 「我也不知道。」

 我：「那你們要怎麼凹？」

 「就交給你來辯護惹。」

 我：..........................","","","","","","",""
"https://www.facebook.com/Ninjiatext/posts/2658830880817884","1567611342","奇怪難民法不是民進黨以前自己推過的嗎？怎麼現在一堆側翼在打難民法和黃之鋒啊？？

 套路都一樣嘛，就難民法會讓共匪跑來，然後黃之鋒就是共匪。

 對側翼來說，好像民進黨現在不推的法，就全部都會讓共產黨跑來。

 其實不推難民法哪需要這麼多理由，就選舉太接近，不想增加變數而已。這民進黨立委親口對我講的啊。

 啊反正側翼就最懂，世界懂，比民進黨立委都還要懂民進黨立法緣由。","","","","","","",""
"https://www.facebook.com/Ninjiatext/posts/2661613410539631","1567735648","剛剛看完team 8第五年記錄片，
果然退休成員拉著新成員一起喊出代表縣名的那一幕，還是最讓人感動的一刻。

 從第一年記錄片一路看到第五年的人應該都會有同樣的想法ㄅ！！

 第五年記錄片的傳送門：https://www.youtube.com/watch?v=T6KLuNCtseM

 其他四年就用【AKB48 Team 8 1年間のキセキ】去搜就找得到。","","","","","","",""
"https://www.facebook.com/Ninjiatext/posts/2654602331240739","1567419548","我在想喔，如果有人跑去把他手中的那本護照還是入港證拿去畫一個XD，他的臉會不會也XD。","","","","","","",""
"https://www.facebook.com/Ninjiatext/posts/2655873647780274","1567474854","林鄭月娥說：“我不想讓你們花時間，也不想浪費你們的時間，問我問題出在哪，為什麼會出。但對於一位特首來說，給香港造成如此巨大的破壞是不可原諒的。這是不可原諒的。如果我可以選擇的話，那麼我做的第一件事就是辭職，深深的道歉就是下台，所以我請求你們原諒。”

 
她說：“如今我極難出門。我沒有上過街，沒有去過購物中心，不能去髮廊，什麼也不能做，因為我的行踪會在社交媒體上、在Telegram和LIHKG上傳播出去，你可以預料會有一大群穿著黑衫、戴著黑面罩的年輕人在等著我。”

 辭不了，她也可以學韓國瑜啦，打打牌喝喝酒，不用臥病直接臥床不起，一天只簽十份公文，急件堆得像一個人那麼高，讓香港政府失能，老共就會把她換掉了。","","","","","","",""
"https://www.facebook.com/Ninjiatext/posts/2658196314214674","1567585284","國民黨太亂啦～

 團結一點好ㄅ好？

 現在綠的在保韓，藍的在打韓，4在衝3小？","","","","","","",""
"https://www.facebook.com/Ninjiatext/posts/2661633693870936","1567736496","上次直播有人問我什麼時候開始看日本偶像的，我現場答1987還是1989，但我去查了一下，應該是從中山美穗的1987的【我的媽媽是偶像】，主題曲是【派手！！】

 連結：https://www.youtube.com/watch?v=8SRjpPo-K7Q

 但真正比較集中在看是早安少女在asayan出來。我可是從愛之種就有在連續一路追了好幾年到恰咪石川退出。
沒想到連愛之種都二十年了。","","","","","","",""
"https://www.facebook.com/Ninjiatext/posts/2655951327772506","1567478713","香港眾志秘書長黃之鋒預計今（3）日下午將拜會民進黨主席卓榮泰等綠營人士，大陸鷹派媒體《環球時報》發表社評痛批黃之鋒是新生代漢奸，稱他毀不了香港，只會自毀人生。

 
文章稱，黃之鋒之流年紀輕輕，屬於漢奸系列的新生代。他們喪心病狂地要拿香港的前途賭他們小集團的利益，組織街頭施暴、堵塞機場、衝擊中央機構、侮辱國旗國徽的暴徒行徑，絲毫未能撼動「一國兩制」的大框架。

 --
可是台灣不也是環球時報眼中的中國ㄇ？來台灣怎麼會是漢奸呢？

 不過環球時報是新中國的混球，這點就蠻確定的。","","","","","","",""
"https://www.facebook.com/Ninjiatext/posts/2661797290521243","1567744758","剛剛去剃了個十二分頭。

 所以我是十二分頭的韓國瑜。

 講到最後都不知道韓國瑜的本體是什麼了。","","","","","","",""
"https://www.facebook.com/Ninjiatext/posts/2662099727157666","[Error]: TypeError: Cannot read property 'attribs' of undefined","","","","","","","",""
"https://www.facebook.com/Ninjiatext/posts/2658844870816485","1567611910","【幹話之王】
王世堅表示，以他對陳明文的了解，應該不至於是什麼太難堪離譜的原因，倒是對於陳政廷回應這筆錢是父親要給他到菲律賓開珍珠奶茶店用的，王世堅則認為「我倒是覺得還有一個更妙，倒不如講說這個是要拿去索羅門群島，去救救我們的外交，可能這還比較妥當，比菲律賓奶茶還好！」

 我在我私人頁面一直都有在挑選當週錄影聽到的幹話，每一週的得主幾乎都是恰吉。他到底平常都在想什麼啊？為什麼一開口就是幹話，然後所有人都被幹到。","","","","","","",""
"https://www.facebook.com/Ninjiatext/posts/2660178764016429","1567678205","費鴻泰在節目上看資料的表情，好像坐著在打瞌睡哦！

 可惜錄影中不能拍照！","","","","","","",""
"https://www.facebook.com/Ninjiatext/posts/2661787607188878","1567744283","現在在這～","","","","","","",""
"https://www.facebook.com/Ninjiatext/posts/2658549247512714","1567600932","民進黨在范雲選的大安區和楊宗澧選的北北屯都自提了沒人認識的素人。

 范楊兩人一路都對民進黨非常友善，也都表態唯一支持蔡英文，甚至後者還加入民進黨。

 然後民進黨一直嗆說不會再禮讓黃國昌和時代力量的汐止東北角，講了一堆人選但是到現在還是提不出人。

 嗯.............

 #除非民進黨不分區塞進范楊兩人否則這真的有點難看
#但民進黨不分區生吃都不夠了還曬乾分給你看來難度很高
#不用講太多光是這樣的描述就已經夠G8了哦
#我就是要講G8話給你聽你一定要聽不然我會不開心","","","","","","",""
"https://www.facebook.com/Ninjiatext/posts/2656181917749447","1567491358","韓國瑜對於被指遲到相當不滿，「今天早到忠烈祠再跑到橋頭一個告別式，今在市政會議
被說又遲到，假設我不去橋頭，不尊重喪家，所以黑韓永遠有理由，每一個人都有肚臍眼
，不會有人沒有肚臍眼，他就猛戳，非常的無聊，拜託黑韓國瑜拿正確的資料，所以為什
麼要白韓產業鏈。」

 ——
可是台灣有正常人會戳自己或別人的肚臍ㄇ？

 這個比喻是來自什麼奇怪的癖好？","","","","","","",""
"https://www.facebook.com/Ninjiatext/posts/2660103860690586","1567672442","男ㄉ世界。","","","","","","",""
"https://www.facebook.com/Ninjiatext/posts/2658257420875230","1567588694","所以王定宇要開始謝票啦？

 #這話是民進黨人自己講der
#g8話大家一起講天天都開心～","","","","","","",""
"https://www.facebook.com/Ninjiatext/posts/2659586737408965","1567645767","【男的世界】不過他是女生。

 走自己的路很久了捏，但還是覺得不夠自己。","","","","","","",""
"https://www.facebook.com/Ninjiatext/posts/2658824364151869","1567611089","剛剛我改完了hahow的作業，手邊專案能清的都清了一輪。

 這代表：
1. 國軍主義粉專的第三階段幾週內就會啟動了。我剛剛已經在整理故事了。

 2.幾週內也會有全新的影音節目推出，等著看。時力查水表因為黨中央改組，先暫停作改版，之後會有新的形式。

 3.最好期待我跑去刷某種手遊活動，不然我就會把時間耗在到處G8人。

 4.候選人一直找我捐錢但我銀彈不夠，考慮像瑞德哥那樣人來就告。","","","","","","",""
"https://www.facebook.com/Ninjiatext/posts/2656560341044938","1567511043","就說是要去日本買CD抽握手就好了。

 300萬還ok啦。","","","","","","",""
"https://www.facebook.com/Ninjiatext/posts/2656466954387610","1567506834","可怕喔！！！本黨的苗栗議員又碰到消失的車主啦！！！","","","","","","",""
"https://www.facebook.com/Ninjiatext/posts/2655898197777819","1567476060","【這個我真的不知道】
我看老高的影片時，發現有廣告就是下給老高的觀眾，說什麼又在上班時看老高啦！

 所以現在google廣告可以指定到這麼直接了嗎？","","","","","","",""
"https://www.facebook.com/Ninjiatext/posts/2656583451042627","1567512031","來來

Vamos.Traducido","","","","","","",""
"https://www.facebook.com/Ninjiatext/posts/2654477754586530","1567412905","【時代力量的未來？（二）：準備執政嗎？】

 本文一樣是全文轉載於臉書，覺得閱讀不便的可以看在渣誌的連結：
https://vocus.cc/zha_magazine/5d6ccfd1fd8978000127dbbb

 
在本系列第一篇，我談了「清廉」這個議題，我認為這是時代力量要走下去，要走出自己的路，就一定要優先把握的核心價值。但這不代表時代力量不需要其他的核心價值，而是少了「清廉」，時代力量就算有其他核心價值，與其他政黨就沒有差異性，在選舉中也不會有競爭力。

 
在本篇中，我要探討另一個時代力量的核心價值。這不是統獨，也不是主權、勞權、平權，「抗中保台」或什麼其他更響亮的口號；我認為這些主張或口號都有其價值，但也都會這篇要探討的核心價值給吃掉。

 我要談一個對時代力量黨公職來說算是比較尷尬的議題，那就是「時代力量是否已經準備好執政」，或著換個角度來說，「時代力量為執政做了什麼準備？」

 
我的意思不是指「是否已準備投入重兵來選地方首長」，甚至「選總統」。選舉是一回事，選舉需要先滿足很多條件，其中之一就是執政的底力。別說是國政，時代力量現在的執政底力，連個「縣轄市」的市公所業務能不能搞定，我都是蠻懷疑的。

 
當然，很多沒知識、沒常識的土流氓、黑道，也是照樣當鄉鎮市長，但時代力量如果要執政，顯然不會是以超越這些人為標準。依時代力量的政黨形象，如果能在地方執政，就算自己沒設什麼標準，也會有一個非常、非常高的輿論標準在等待這位黨籍地方首長。

 
他在面對千奇百怪，或說百病叢生的地方議會，要能展現不輸其他縣市首長的應對能力，在施政上也要有超出前任的表現，甚至在資源不足的狀況下，還要為主權、勞權、平權等理念做更多。

 這怎麼看都是非常艱鉅任務，但時代力量有任何人為執政做準備嗎？

 好像是沒有。

 
大家都講了很多國政願景，但是對於「具體來說該做些什麼才能達成這個願景」，似乎都沒有認真處理過。時代力量會主攻一條條的法案修正或制定，但「整組國家機器該怎麼運作」，這類東西講得太少了。
 

 
像是很多黨公職最近都在狂轉香港新聞，但身為政治人物，除了轉文之外，還能運用國家機器做些什麼？為什麼你們在做和網紅一樣的事？就算不在其位，那是否可以「提點」現在的執政者，利用政府資源做什麼會更有幫助呢？

 關於執政，還有其他更多的專業知識，但都不脫於「撥多少錢」弄什麼東西，搞什麼計畫，可以達成我們心中理想的那個國家。這種細節，時代力量有誰講過？

 關於「路線」，大家講了很多，可是車子怎麼開呢？路線有錯時，你知道怎麼把車子迴轉嗎？車子卡在路上坑洞時，你知道怎麼救出來嗎？百姓對這些問題是很有興趣的。

 
像「抗中保台」，很好，那怎麼做？買戰鬥機？買很多新武器？那和民進黨政府有何不同？如果沒有不同，人家幹嘛投你？你這個黨的存在意義是什麼？你要買不一樣的？那又是哪樣的？

 
有些時代力量的黨公職或黨友說，時力應該推人選總統，誰又應該去選市長，這樣時代力量才會有「政黨主體性」。這說法我認為也有幾分道理，但時力眼下的這批人真跳出來當家，會做得比較好嗎？

 一堆人說黃國昌可以選台北市長，請問黃國昌懂台北市政嗎？他要準備多久才能轉檯去選？這是很科學的問題，不是靠信仰或信任就能成事的。

 
時代力量就是缺乏執政的經驗，別說是首長，像副座、主任秘書這種三長經驗的人也缺，甚至連機要、參議參事等級的也缺。現下所有的問政表現和政治能量，都是從在野立場、利用民代身分衝出來的。

 民代就是代表民眾，所以可以直覺，可以用最庶民的角度提出質疑，如果能搭配嚴謹邏輯和法律知識，那就足以成為第一流的民代。

 但執政者不是這樣。雖然大多數的首長在當首長之前都沒什麼行政經驗，但時力黨公職會只想成為這種「就因為選舉很強而成為首長」的那種人嗎？

 別的政黨可以，但時代力量不行。

 
過去小黨走向滅亡，除了錢的問題，還有一個困境是認定自己只要「扮演好監督的角色」就夠了，但這角色越演格局越小，因為一顆巨星就會蓋去其他沒那麼亮的星星，百姓會覺得給你那麼幾席，就「夠」了。所以要大到過半，就要展現執政的企圖心和底力。

 
民進黨來自黨外的集結，而黨外時期已有執政的經驗，所以執政對民進黨不是個問題，但時代力量起家以來一直是素人政黨，不吸收從他黨轉過來的老政客，也對政二代有心結，那就要獨力面對「明明比誰都素，卻要做得比誰都熟門熟路」的挑戰。這也許對時代力量不太公平，但這是時代力量要走「新政治」所不得不擔的責任。

 
要從「問政」走向「執政」，進而養出執政的底力，要學的東西太多了，只能從現在就開始規劃、安排，開始學習、練習。光是拼選舉而沒有真正的執政底力，就算給你選上了，也沒第二任，說不定還打壞政黨形象，讓其他黨內同志的執政之路也隨你一起陪葬。

 
當然，問政和執政並非兩個不同的領域，「執政」的底力，可以是從「問政」一路「加厚」「變硬」而來。像百姓問一條路該怎麼弄，你不再只是說「爭取拓寬」，「有洞會鋪好」，而是拿出個完整的概念告訴他，「這裡現在是怎樣規劃，但我有一些想法，我的這一套做下去，可以讓它變得比現在更好」。

 
但往往是老民代才有這種底力，他們知道國家機器、縣市政府機器、鄉鎮市公所機器在幹嘛。可是時代力量的民代，不論地方中央，都才是第一屆，所以是要等大家摸熟了再去拼大位？那要等多久？

 百姓現在就要知道這個國家要怎麼走，這個市政要怎麼做，這個鄉鎮市區會有什麼新的規劃。

 
你不能回說「這些問題我們現在還沒辦法回答」，因為你的競爭者全都有答案，就算那全是虎爛，像是給大家一個摩天輪，但那也是一個答案。別人都答的出來，就你說不出來，這要怎麼拼？而且你連自己政黨拼執政的規劃都講不出來，還敢談國政的規劃啊？

 
在野或當民代，指出問題就好，不見得需要指出答案，但想成為執政者，一定要有答案。別的政黨亂許諾，亂跳票，這是他們的業障，但他們在面對執政實務問題時，他們至少手中有答案，但時代力量沒有。不是有一個很爛的答案，是沒有答案。

 你要抗中保台，很好，那請問在抗中保台這個任務中，時代力量是擔任什麼角色？做什麼工作？負責轉貼文章？

 你要勞權，你要平權，你要其他東西，請問在這一堆任務中，你是擔任什麼角色？執政者？監督者？時代力量現在可以有自信的說出自己是個好的監督者，但執政呢？

 
所以，我認為時代力量需要有一個核心價值，就是「負責帶領這個國家走向理想的未來」，也就是「總有一天要自己當頭」。黨的行動需要發自於這個基礎，最後也都會指向這個目標。

 這就要分兵投入執政準備，要培養安排一些人走這條路，而且越快越好，不然這個黨不久就會陷入嚴重的「光說不練」困境，被人質疑只有理念，沒有實務能力。

 
這也許比多數人想像得更急迫。明年1月11之後，如果沒有政黨在立院過半，很可能會組聯合政府，那時代力量要派人去嗎？派誰去？哪些位置我們生得出人？還是就像影子內閣那樣，把立委和主要的黨公職先劃分政策專長？這和黃國昌講的正義聯盟的問政劃分又有何不同？

 沒錢沒人，又硬要討論這個，不免讓人尷尬，但時代力量的「倖存者」們非認真討論不可，否則這個黨不會有未來。

 在之後的第三篇中，我要延續執政能力的問題，來談時代力量的一個重大盲點，也就是左右派之爭。","","","","","","",""
"https://www.facebook.com/Ninjiatext/posts/2691906170843688","undefined","undefined","","","","","","",""
"https://www.facebook.com/Ninjiatext/posts/2846225755411728","undefined","undefined","","","","","","",""
"https://www.facebook.com/Ninjiatext/posts/2845892278778409","undefined","undefined","","","","","","",""
"https://www.facebook.com/Ninjiatext/posts/2845785922122378","undefined","undefined","","","","","","",""
"https://www.facebook.com/Ninjiatext/posts/2845621392138831","undefined","undefined","","","","","","",""
"https://www.facebook.com/Ninjiatext/posts/2844183002282670","undefined","undefined","","","","","","",""
"https://www.facebook.com/Ninjiatext/posts/2843718942329076","undefined","undefined","","","","","","",""
"https://www.facebook.com/Ninjiatext/posts/2843670152333955","undefined","undefined","","","","","","",""
"https://www.facebook.com/Ninjiatext/posts/2843649672336003","undefined","undefined","","","","","","",""
"https://www.facebook.com/Ninjiatext/posts/2729997793701192","undefined","undefined","","","","","","",""
"https://www.facebook.com/Ninjiatext/posts/2842323239135313","undefined","undefined","","","","","","",""
"https://www.facebook.com/Ninjiatext/posts/2842007712500199","undefined","undefined","","","","","","",""
"https://www.facebook.com/Ninjiatext/posts/2841937759173861","undefined","undefined","","","","","","",""
"https://www.facebook.com/Ninjiatext/posts/2841741449193492","undefined","undefined","","","","","","",""
"https://www.facebook.com/Ninjiatext/posts/2841682809199356","undefined","undefined","","","","","","",""
"https://www.facebook.com/Ninjiatext/posts/2841535739214063","undefined","undefined","","","","","","",""
"https://www.facebook.com/Ninjiatext/posts/2841534465880857","undefined","undefined","","","","","","",""
"https://www.facebook.com/Ninjiatext/posts/2841468152554155","undefined","undefined","","","","","","",""
"https://www.facebook.com/Ninjiatext/posts/2841309329236704","undefined","undefined","","","","","","",""
"https://www.facebook.com/Ninjiatext/posts/2729996507034654","undefined","undefined","","","","","","",""
"https://www.facebook.com/Ninjiatext/posts/2841104992590471","undefined","undefined","","","","","","",""
"https://www.facebook.com/Ninjiatext/posts/2841050642595906","undefined","undefined","","","","","","",""
"https://www.facebook.com/Ninjiatext/posts/2840969102604060","undefined","undefined","","","","","","",""
"https://www.facebook.com/Ninjiatext/posts/2839915062709464","undefined","undefined","","","","","","",""
"https://www.facebook.com/Ninjiatext/posts/2839826172718353","undefined","undefined","","","","","","",""
"https://www.facebook.com/Ninjiatext/posts/2839027046131599","undefined","undefined","","","","","","",""
"https://www.facebook.com/Ninjiatext/posts/2838914506142853","undefined","undefined","","","","","","",""
"https://www.facebook.com/Ninjiatext/posts/2837792159588421","undefined","undefined","","","","","","",""
"https://www.facebook.com/Ninjiatext/posts/2837561449611492","undefined","undefined","","","","","","",""
"https://www.facebook.com/Ninjiatext/posts/2837323296301974","undefined","undefined","","","","","","",""
"https://www.facebook.com/Ninjiatext/posts/2836896089678028","undefined","undefined","","","","","","",""
"https://www.facebook.com/Ninjiatext/posts/2946488465385456",undefined,"接著，談到民眾黨和時代力量此次選戰中一共獲得270萬張政黨票，陳奕齊直言，「他們這270萬人號稱相對沒有意識形態，他們的意識形態，雖然我不同意意識形態這句話，但是按照他們這個腦容量不能說很高的狀態底下，他們說的意識形態其實就是藍跟綠。」

 腦容量？

 社會賢達千頌伊：「大腦打了除皺針。」","1578983813",1578996714,undefined,undefined,undefined,undefined,undefined
"https://www.facebook.com/Ninjiatext/posts/2942145655819737",undefined,"【置頂文】20200112更新

 【有在賣的東西】
🔸渣報：每週一三五出刊
https://www.pressplay.cc/jiabo#act=auto-follow

 沒信用卡的直購連結
【渣報內報-只要政治】方案 $78
https://www.pressplay.cc/paygate/pay…
【渣報內報-破解造神】方案 $111
https://www.pressplay.cc/paygate/pay…

 ➡最新課程「職場必備的批判思考力：論戰力篇」，購課連結：https://hahow.in/cr/criticalcommuni

 ➡現正熱賣中：新小說《大部分解，開始》，購書連結：https://www.books.com.tw/products/0010827011

 【媒體】
🔸youtube頻道：https://www.youtube.com/channel/UCPppb2lOgX5FajrTQoTz5hg/
臉書直播壞掉時會在這播，平常也會有不定期影片推出。

 🔸電視節目
週三 【年代 突發琪想2200-2400】
週四 【年代 新聞面對面2000-2200】【民視 辣新聞2200-2400】
其他隨緣

 🔸直播
隨機開播

 🔸podcast
Soundon【人渣文本特急開講】
➡下載Soundon APP：http://www.soundon.fm/download
➡於【熱議發燒】欄位，點選【人渣文本特急開講】

 🔸報紙：蘋果日報紙本專欄為每週一

 🔸紙本書
可在各大網購平台搜尋周偉航或人渣文本。

 🔸網路課程
請直接搜尋https://hahow.in/@lidance

 🔸近況
逐步轉向影像工作與經營新專案，像國軍主義(https://www.facebook.com/GoGenism/ )

 ====

 【本人立場】
🔸公共論述類

 ➡台灣是主權獨立國家，中國是次殖民地。反攻大陸把所有共產黨員的財產分給中國的百姓。
➡宗教為解放神學，政治哲學為社群主義，倫理學派為德行論。認為死刑和同婚都可有可無，手段而已，看目的性。反對任何耍蠢的人。

 🔸休閒娛樂類
➡運動類支持任何好笑的球員或球隊。

 ➡youtuber
ゆきりぬ、もえりん、まこち、旅行YJ、欸你這週要幹嘛。

 ➡日系偶像
吉川七瀬、下尾みう、横野すみれ、瀧野由美子、甲斐心愛、佐々木琴子、久保史緒里、大園桃子、与田祐希、掛橋沙耶香、金川紗耶、北川悠理、筒井あやめ、松田里奈、藤吉夏鈴、日向坂46全員、早坂つむぎ、潘姿怡、鄭佳郁、董子瑄。","1578819024",1578996714,undefined,undefined,undefined,undefined,undefined
"https://www.facebook.com/Ninjiatext/posts/2941985419169094",undefined,"聽說國民黨五點有人要開第一槍。

 開下去ㄅ～","1578812008",1578996714,undefined,undefined,undefined,undefined,undefined
"https://www.facebook.com/Ninjiatext/posts/2945028272198142",undefined,"剛剛碰到最鴿子封包的政治人物惹！！

 我：「你寫錯了，現在已經是民國109年。現在已經是2020啊，新的一年了」

 某：「喔！是109年……………….啊！！所以說民國已經超過100年了！！！靠！我現在才注意到！所以說100週年慶已經過了嗎？」

 我：「……….對。而且那還是馬英九時代……..」","1578927175",1578996714,undefined,undefined,undefined,undefined,undefined
"https://www.facebook.com/Ninjiatext/posts/2933152543385715",undefined,"【人渣文本特急開講】選前最後一集，邀請到親民黨不分區第三名的宣董、宣明智來上節目啦！

 
宣董是商場老將，為何郭董一句話，他就願意跳出來參選呢？他為啥堅持要主打青年與幼教政見？郭董的零到六歲國家養真有可能實現嗎？他若能進入立院，會和兩大黨開戰嗎？2024如果郭柯都出來參選，他又會支持誰呢？一切的答案，就請收聽本集的節目囉！

 🎧收聽方式

 🔹SoundOn APP
➡下載Soundon APP
http://www.soundon.fm/download
➡搜尋【人渣文本特急開講】

 🔹Apple podcast
https://reurl.cc/gvZoyz
🔹Spotify
https://reurl.cc/D1mppN 
🔹Castbox
https://castbox.fm/vc/2371416 
🔹網頁版
https://reurl.cc/YlaxXo","1578483149",1578996715,"/Ninjiatext/photos/a.753883121312679/2933138976720405/?type=3&eid=ARB1j3YissFQEhpdgveYLw5xUCReo8x4c89Vk8VGjUDk10_94dYTwg4j4Q_Dn1inxJ9Ann8xuU3Tkijl&__xts__%5B0%5D=68.ARDAnOrxTJJZS3bGkmzAElN8iChx_n4zCdv3V2siVmAhsS1rfJVT_OB0Rhe_x59MzeSmTgWfy0slsffMhZ62siMQaZbKkGd7neD80Tki9qJJq-Q52GSclyBrIPsuXNvFQrXeqbeqzdEVlh78QBVJ2Rs-9-zzGpZ1xZ7GRE22cIjXm9MVRboA4bwTtkkHab7dUTyIgUkMiu_8Uzg-_RUbFILBNw3gQhvwgvEn3lg085fgKwmhrK2iCIXkUHkK5cZGqUb8SIZZ08wuUd96s8NBn1nmHVvE-16MrOen6jmdFj2PqCHrgckCGNSG-iztwWsAEVvBJs8b69vZHiPGiFQ_Zgghhg&__tn__=EHH-R","https://scontent-sin6-2.xx.fbcdn.net/v/t1.0-0/p526x296/81372173_2933138986720404_6470223529680830464_o.jpg?_nc_cat=102&_nc_oc=AQlU3xAsJTEf6IeLv7vRRsTM6X8zlQAQ5oCTIlieNNujBOwPCzSbGInspXiqyKhEf9k&_nc_ht=scontent-sin6-2.xx&_nc_tp=1&oh=fbf4116775089d855a1130df1d439531&oe=5EAD2C93",undefined,"",""
"https://www.facebook.com/Ninjiatext/posts/2944056708961965",undefined,"2020大選結束，現在就是來算帳的時刻啦！這次事前預估和最終開出的結果，到底存在多大的落差？蔡英文一口氣噴到史上最高的817萬票，背後到底有什麼樣的動力？韓國瑜硬挺住550萬票，這是守住了國民黨的基本盤，還是打破了國民黨的基本盤？在選前到投票結束的這段期間，又是不是有什麼不為人知的因素影響了最後的結果？

 本期的內報，我們就以改考卷的方式，帶大家一區一區，一格一格的來仔細思考囉！","1578888808",1578996715,"https://l.facebook.com/l.php?u=https%3A%2F%2Fwww.pressplay.cc%2Fproject%2FvippPage%2F%25E6%25B8%25A3%25E5%25A0%25B1028%25E5%25A4%2596%25E5%25A0%25B1%25EF%25BC%259A2020%25E9%2581%25B8%25E8%2588%2589%25E6%25AA%25A2%25E8%25A8%258E%7E%2F4AC774B12B786F777A5F8E9804EF888E&h=AT35QtG068fy3ndc4Hbmoxfj4eUfDe_-Q-lERBoPF9rnA6k992BPFFe7_5418WNlvFuvglb35Hs2BKN8ijIM92RcPR_CRGxkMDSBfSS3P9G8eWQBKs3FcAsr1noMYx7T3e9sLqwe0Fg5w1l8LvqZFVr6tba2XNKix_KBIbRfalvzjYrA2w_jLiD5_7I_Nfb5GGw45tzpdy9lYJgvwIbZF4ufpheDCOXfD63m0nL4bH6kWmxqBzTPfU_pgf4Sz4lOXx8bC6fMQ2vrYOCANamjFZS9LCHtRYZOEgfgOxZnf1k3X4Oy9sy-wnMkWpgQN5-P9cQkt9ABELvCsDl-Fk4auemSmVWD41etdjY-mgp8i6khMDZBOflJqietxIsnggtIlnVBi5F2za-89rc5n8YN3zO1aRuHlmRtIovAJS3j65BEmZEY5VprMP8XHLONx2nlyiCsRc0d6MWpWNrG4fR0r66ouvnKPn1GbpijDR1UZJpkxAMnfzE6Km0M1GO191alXh3yJI9sQJFHIOkkQWfpiMbgEmer0IYtZpEHow34RpFOBeB_M7GiiwGnavjDMWeT0YnY3DqLHhkJpTgL_kKsjMVs4ivTagUQ6q6fPtvcZo0Zyvr3xHaFtqqtHYmdKyDl61-6MVzX6UvFddjA","https://external-cdg2-1.xx.fbcdn.net/safe_image.php?d=AQDuWklCixqNd5cY&w=540&h=282&url=https%3A%2F%2Fstatic.pressplay.cc%2Fstatic%2Fuploads%2Ftimeline_cover%2F20200112%2F274A99362597A9A6135E28239C36FB4D%2F5e1ade9d33c8b274A99362597A9A6135E28239C36FB4D20200112165349.png&cfs=1&upscale=1&fallback=news_d_placeholder_publisher&_nc_hash=AQCdE-6Xi4-N813E","Image may contain: one or more people and text","2020大選結束，現在就是來算帳的時刻啦！這次事前預估和最終開出的結果，到底存在多大的落差？蔡英文一口氣噴到史上最高的817萬票，背後到底有什麼樣的動力？韓國瑜硬挺住550萬票，這是守住了國民黨的基本盤，還是打破.....","pressplay.cc【渣報028】外報：2020選舉檢討2020大選結束，現在就是來算帳的時刻啦！這次事前預估和最終開出的結果，到底存在多大的落差？蔡英文一口氣噴到史上最高的817萬票，背後到底有什麼樣的動力？韓國瑜硬挺住550萬票，這是守住了國民黨的基本盤，還是打破.....2020大選結束，現在就是來算帳的時刻啦！這次事前預估和最終開出的結果，到底存在多大的落差？蔡英文一口氣噴到史上最高的817萬票，背後到底有什麼樣的動力？韓國瑜硬挺住550萬票，這是守住了國民黨的基本盤，還是打破....."
"https://www.facebook.com/Ninjiatext/posts/2943719215662381",undefined,"【本日蘋果紙本專欄】在國民黨反賊四起的當下，自然要提油救火惹。","1578875172",1578996715,"https://l.facebook.com/l.php?u=https%3A%2F%2Ftw.news.appledaily.com%2Fforum%2F20200112%2FNR4O5BDWU7NSGPBQPF5ANMNRAI%2F&h=AT2BfDDa-eOFBbFfpopLvRFAvPThKiWOlWfx5ZyQg2jWlvD5tJV39Cy7nx8TWevHCPnDS44qWZaxcIxmLTTilFJuFBIhWskOSm9D0GA5X__qQ6H3Big-fN7KeTUo2d7yYmt-15MBXWkUYxWxcS48U_e416h7SQK4oYR6JiUi3p-qbkxPLtRRLAoqqE11Vi9PIjLZeZNIwjrf-Fo4ESukiOCRQ-sbhLmMujrTjJ6uyafS6U8Csf3UdVmow0PbE_FvAp_8N-KtFeE5iXCyRog9JZOR2inhN7f9ksyFzVVFtxxZmCeq6ML_bZZFJgq6V8gfxdVregk6Cxg8ceN6azCETE7VFeIYStwB8MGrP3QJtdZOKM0YFThroMpdKHfy08HuBPkQDN0oMGjq8JVk7zOfdrYPfdsiFPalhKuCKpbDMVimpmerziUz9fVgHggTrh9CkeyDeI77s9-AZ75yz5YpZ6sJPjZ9p7hRLFs5_R8jV1vC9R1xfOJj2pBpHhW-WYFtsV4Ug_C0nV2sg5Wh1YPoXoR5P_m3iYD4DtwTgWiYBu4meB4waU7_afzz9CYtOsPXr9-3qU5T8_o2-qTe2cfSngtcJ5xey1V-TnpNMjV2YPK8WryS0s749MXlmYAylgPJc8WzOmvmy7vtYtld","https://external-sin2-2.xx.fbcdn.net/safe_image.php?d=AQCreKhZIloCcNsk&w=540&h=282&url=https%3A%2F%2Fappledaily-hk-appledaily-prod.cdn.arcpublishing.com%2Fresizer%2FTmMkOsLEpxk-InR-AxDWuTudqsw%3D%2Fd87urpdhi5rdo.cloudfront.net%2F01-12-2020%2Ft_8d889ea25550441da1bddb64ba873c35_name_1690061_640X360.jpg&cfs=1&upscale=1&fallback=news_d_placeholder_publisher&_nc_hash=AQDxOxLkKrwu6LZA","人渣文本專欄：國民黨還有救嗎？","人渣文本專欄：國民黨還有救嗎？",""
"https://www.facebook.com/Ninjiatext/posts/2934500259917610",undefined,"早安，雖然大家比較關心蔡正元是不是共諜，但我正吃早餐看影片。

 中國那邊有很多頻道的影片，被直接盜出來放在youtube上。像有個專門講歷代戰史的頻道「信息素」，就被盜得很慘。

 信息素的戰史影片有些做得不錯，我已經看完三國和宋元明的部分後，最近正在看兩晉十六國。這是我過去學歷史時比較忽略的部分，所以邊看影片邊比對維基。

 
其實十六國時代真的蠻妙的，統治者想保有胡人的價值觀，又想用儒家的禮法來管制國家，於是就有了很奇怪的政治決策。像符堅基本上不殺背叛他的人，這以儒家的角度都有點太過度仁慈了，但他就是一直這樣幹，因而埋下了淝水之戰後快速崩潰的種子。那些他曾經饒過的人，多數最後都再次背叛他。

 
不過我比較在意的是這些國家如何保持生產力。因為沒有糧食，就沒有人口，也無法戰鬥，但他們動不動就每戶抽一丁發動戰爭，戰爭也常發生在春夏生產期，這就可能影響到國家的正常運作。而沒有一直保持耕作的話，整個灌溉系統與種植條件都可能劣化，就算打完仗回來復耕，生產力也會大不如前。

 那十六國到底是如何維持農業的生產呢？

 
我覺得這或許是個不錯的研究議題，但顯然炒地狀元鄭宏輝不會關心，畢竟農地對他來說，就是用來炒的。如果讓他去當時的黃河流域，胡人都會被他炒到沒有田可以耕，沒有地方可以住，自然滅亡。還好鄭宏輝只去湖北武漢投資，讓這些匈奴鮮卑氐羌羯都能多茍活一陣。","1578529455",1578996715,"/Ninjiatext/photos/a.753883121312679/2934491113251858/?type=3&eid=ARCzPaxCYV7M4xASzOaOa8zku5NaA58zyJBZcI2jQO6O4gzZLSUWsuhtG5HJqUfvSgNo6jy-5kUWzHzM&__xts__%5B0%5D=68.ARBZ3QgLPL_bn4yAnXZ0q4PZBNWQ5DnBABWPP3fMiSEqe7Tpom37Xa0GOxxYRSPw5S_34jxsTaOUnH1cU7xI9kJg5O1GkWNMUemWQRPX_gFHcjA0_VJsqJCliBC9QM8zcPNYAUpLQyb2FYuhbnB9PbXw4Y4hiIzY9HBOSbWfn6U0loIhSASZB8c3IwHTv_3ts6Bl3XPKQEn9Rq9N2l8ME_GOpDBoPGSMNO0AbdNr_1Wjy6cNWvs3WCYb3VfLUG7sDXc80modGg6AF9ADSY0CsHsAVIS9_vUhY1CEfPygS9lAOpvzzRmTK1y3QkavJC0zejpjYWcWyGDdFbacyCCgEL3pQQ&__tn__=EHH-R","https://scontent.fdac18-1.fna.fbcdn.net/v/t1.0-0/p261x260/81760139_2934491116585191_8478120646071549952_o.jpg?_nc_cat=105&_nc_ohc=TeQo01MTfcUAQl9ymxw3kVDxRN7GJqlWDGm1-GIYafUsIeY6WbZvkh_bg&_nc_ht=scontent.fdac18-1.fna&_nc_tp=1&oh=41dffa5c6c1bdf7c655c8a4baa0e93e2&oe=5EDC1BC1",undefined,"",""
"https://www.facebook.com/Ninjiatext/posts/2937421742958795",undefined,"啊~~~去準備掃街。
等六點從市府站要用走的一路掃到西門町。
五點半之後隨時黨部會開直播。","1578646854",1578996715,undefined,undefined,undefined,undefined,undefined
"https://www.facebook.com/Ninjiatext/posts/2944965645537738",undefined,"鏡週刊選舉特輯中提到：
---
理念理念理念，抗中以及保台，講的永遠是這些；說好聽一點是缺乏心機，難聽的就是沒有策略。基進和民進黨的合作一路退讓，最終被逼到了牆角，也只能接受。
---
鏡週刊的記者也看出陳奕齊是台獨孫逸仙的問題。

 嘴砲也沒用，選後才是驗證的開始。","1578925300",1578996715,undefined,undefined,undefined,undefined,undefined
"https://www.facebook.com/Ninjiatext/posts/2933026700064966",undefined,"好像很受歡迎的政見，幫忙轉一下。

 不知道鄭宏輝去看他炒的農地時是不是騎機車哦～","1578478032",1578996715,"/newpowerparty/photos/a.891139534290737/3566388396765824/?type=3&eid=ARBZVBVLs-2OH6_--S3aGCqzP07XCz8XYTSby7Cg2sZkEW-Y5pP8YlCnmRQH2OqfbSsQUrqaSOshN2aN&__xts__%5B0%5D=68.ARAIFGx7t2axQV5xs9Y6mUY9bj9pLuy4srwhXcT4CVAZ96Bp4dvupGtqtgdS-ROCWKbgoVRnal2MiQ6sbw7czS1_0K-2iMnAGZEbm9LA00azSUcvnK8O0pK9zBm-0cOJSCIdZ1dEo58TDl1lNaJCb2jOr57OqSkwrzhFARprEwwQCRlJz1rBo309h-aTmtmdI2bQ8oMe0xTbfRXGbTKM3INMqCPSlbC2DGUVsaowV1ZXr2xwYFgDZHIYPlysab3zh4A-0IxVnP7ua2fLqXR29IIfg2izTS-gZKxyqB8m0M4lUP20_4kvW0V382IqmoqGoQVCGnCo9LQMDb1ng3cnnCx4o0AgPtXGN3Dq7a74UdbsCzFlqL3nTkr53q4eIOXmxdGiUbO6MP4Lmxdfk38QA-Hs-z6P8Uv4gM9f3HIA63XliUaDFNQEHRV7ktleApZOr6J2SqBiyD6dhfMHxxu5rFKL8G47HxYJNONXEwgNdscohow0CnmMij8O&__tn__=EEHH-R","https://scontent.fcgk13-1.fna.fbcdn.net/v/t1.0-0/p526x296/82497486_3566388400099157_9015792595242057728_o.jpg?_nc_cat=100&_nc_ohc=jDPYFb7byrMAX8cY5wA&_nc_ht=scontent.fcgk13-1.fna&_nc_tp=1&oh=0b6009963b7c85748b91195988fc0321&oe=5ED8E4D6",undefined,"時代力量 New Power Party",""
"https://www.facebook.com/Ninjiatext/posts/2944627315571571",undefined,"","","","","","","",""
"https://www.facebook.com/Ninjiatext/posts/2946112038756432",undefined,"選舉時，把時代力量當害蟲亂打，選完之後，馬上跑來說時代力量好棒棒，我們一起攜手向前好ㄇ？

 不管是民進黨還是民眾黨還是什麼黨，
我只有一個感想，就是
your grandfather is better.

 零鄒公咖後。","1578967638",1578996715,undefined,undefined,undefined,undefined,undefined
"https://www.facebook.com/Ninjiatext/posts/2933443580023278",undefined,"嗯。有人會在選前說：「我們贏/輸定囉！大家可以不用投票囉！」的嗎？

 沒有吧！除非是選假的。

 只要是選真的，選前不管輸贏，都是拼命催票、告急啊！預估贏三億票也是告急啊！只選一席的單一選區也是貼搶救啊！管他是要搶救什麼，先搶再說。

 所以不用再來問我某某陣營在那靠杯靠木、哭天喊地，是不是真的很緊急。

 都很急啦！

 炒地狀元鄭紅輝也很急啊！急到把他告人講成人家告他。","1578492490",1578996715,undefined,undefined,undefined,undefined,undefined
"https://www.facebook.com/Ninjiatext/posts/2946676612033308",undefined,"如今的我們人類都屬於現代智人，尼安德特人卻不屬於這一門類，他們有著自己的特徵。在人類學上，尼安德特人（又譯尼安德塔人)是一種在大約12萬到3萬年前居住在歐洲及西亞的人種，成人身高約1.5到1.8米，這一點上和人類一樣，他們的腦容量約1200到1750毫升，這一點上他們本身差別比較大，現代智人的腦容量大致在1400到1600毫升之間，所以這麼看的話，尼安德特人的腦容量範圍偏大，有的不如現代智人，有的卻超過了現代智人。

 所以台灣似乎出現了尼安德塔政黨！
身為智人政黨的一份子，怕怕！","1578992654",1578996716,undefined,undefined,undefined,undefined,undefined
"https://www.facebook.com/Ninjiatext/posts/2942345389133097",undefined,"在台灣忙於選舉的當天，傳出這樣的新聞。
----------------
根據公告，2019年9月至11月，中共中央第一巡視組對中央台辦（國台辦）進行常規巡視，近日舉辦反饋會議。

 中央第一巡視組組長黃先耀在會中提及，巡視發現，中央台辦學習貫徹「習近平新時代中國特色社會主義思想不夠深入…
日常監督比較薄弱，防範廉政風險不夠到位，存在形式主義、官僚主義問題… 領導班子建設有待進一步加強，幹部隊伍建設仍然存在一些短處，基層黨建存在薄弱環節」等。

 黃先耀並稱，「巡視組還收到反映一些領導幹部的問題線索，已按有關規定轉中央紀委國家監委、中央組織部等有關方面處理」。

 ------------------
看來國台辦被督導督到一督就倒。","1578827318",1578996716,undefined,undefined,undefined,undefined,undefined
"https://www.facebook.com/Ninjiatext/posts/2939681812732788",undefined,"民進黨人估自己總統贏200萬。
國民黨人估自己輸80萬。

 我認為差約150萬。

 一隻龍蝦性命的差別啊！！！！！","1578729929",1578996717,"/Ninjiatext/posts/2886090721425231?__xts__%5B0%5D=68.ARAwWeP_0_1IbytlfhXcme3i39pWsEMjfOgnbOkm23E9IyviKNjEZj01wjhG7JSzgwn-P5TMOsfXKXSpqnd9jGtBuP1dVHfcbyC2xLqS0WztIhqtqWjesuVwqz163iKMUxfwErEPg00kxdCv5TxDY1VIgL-ufSBJMes6ycRvAR9PxAb953vDmuTdJYQ93Kz1ZBYo86dIGqgyydSgoOplYKjLUdWTwxNxw3MWsKpwTqyLxZt2VrzY35diXId-Bh6TTqOAdDmqKGsVjNchrgi_cpbJk3Ped0tXqDlbWnZMArNiMCGlvFDFyshaFtQ_rPtNLq-RB2GSe_LAsVjM0U_B0pcuGPVofTcTN5K6zfak0EI8K8hPa2qqzMTVPT-bCl9Vi_7kCjrfDvly5Ee8tgY3lDonJLxwW1DKHMixbrhDcLqhRhgw5vgFYI_BMbaA2S8ubV2-lE7UE9887RdFQNQWMnlyl9U3c_OsJgEUgBv34inMYsWriV_0&__tn__=H-R","https://scontent.fcgk13-1.fna.fbcdn.net/v/t1.0-1/cp0/c24.0.33.32a/p32x32/82029744_2940672149300421_1745375813177442304_o.jpg?_nc_cat=1&_nc_ohc=g1jUW_YrTGsAX_0PBmo&_nc_ht=scontent.fcgk13-1.fna&oh=1ce0f07678b8dbf8902a5b4214d6e3a9&oe=5EA621DC","特急件小周的人渣文本","特急件小周的人渣文本",""
"https://www.facebook.com/Ninjiatext/posts/2942854185748884",undefined,"【有關小黨分票】
最近區域選區的小黨是否分掉大黨的票，又是分掉哪一個大黨的票，引起很多討論。

 
我認為這可以從台灣選舉史上最知名的棄保失敗故事談起，也就是2000年總統大選。那次因為選前的假民調，選民誤信連戰將會獲勝，因此棄宋保連，結果沒想到開出來，是宋只差阿扁一點點。

 因為投錯邊的選民相當不滿，所以國民黨包括馬英九在內的高官還被蛋洗。

 那這一次，是否有因為小黨出來選，而造成選民投錯，讓大黨選票不足，無法勝選的狀況呢？

 很簡單，如果大黨差X票當選，那就看投給小黨的人之中，是否有X數量的人覺得""幹！我被騙啦！我投錯啦！""。

 像是大黨差一千票當選，那投給小黨的人之中，是否有一千人覺得""幹我投錯啦！""就像當年那些棄宋保連的人一樣。

 那現在在有爭議的選區中，你找得到那麼多投小黨的選民覺得自己投錯了嗎？

 大黨的候選人應該想的是，自己到底是那邊出問題，會讓人家寧願投給希望渺茫的小黨，也不願意投給你來污辱自己的選票。","1578844372",1578996717,undefined,undefined,undefined,undefined,undefined
"https://www.facebook.com/Ninjiatext/posts/2934832373217732",undefined,"博恩也是挺囤房稅到最後一刻，感謝。

 另外提醒庶民議員鄭宏輝從柯建銘小助理起家，20年後就有5間房子呢～","1578543338",1578996717,"/watch/?ref=external&v=1270947459769812&__xts__%5B0%5D=68.ARCT-Zz7_gjp-Eq2uQJbHw4Pg7DrAnPW_53iWkw3O6NZcAgnBRGEJwozsqUI8Gs86ibCjwjkPDMolFukogX0hyU_hFQ3SS1YoX5zMxy1-NNiNfZLIQa0OG7BedhKWGGe9elBIHvap0kW1vsH79rTqLgyIzQXryWZWQK7iPiMMkfnd5z-lJCjBZnvO78ApYFPCuxD6uREA_RHXJ7eH1maUnfJGX0UaqSc0A6y0zo0aR9wifjSehvO7LkcjG7qhVCbJZw5yXnXX4f2jWdDizZi7dz9GB-_3RNjkkiIet3wmZxyVqOaC2EKmpnr4R7BwMA0HM6sc3gQg5EAujXA7v-LNREubtEbHdfnvf5xSSvTu-eS9LJKjTt-Li5BONXWmO_GCvHfq1_mJXYsRlQGJDnM-tq3a3ewzn8IqQ09fD-_7M3-5PpIhr-y5ZLm4KM9AIUsMhdTw1SkKaf471VQAqKZG2TRVT6JpKXAANSVZtibGbPFSowTz5YyXe0b35zqIhoGyiPkPg&__tn__=kFFHHH-R","https://scontent.fhan5-3.fna.fbcdn.net/v/t15.5256-10/72291049_1270950859769472_1583164712407793664_n.jpg?_nc_cat=111&_nc_ohc=DN6D9RWk8IoAX_PKW6a&_nc_ht=scontent.fhan5-3.fna&oh=43eada82a8bafc452dbd0f2c03250310&oe=5ED58D1E",undefined,"【博恩夜夜秀】欸！囤房稅","Posted by STR Network - 薩泰爾娛樂"
"https://www.facebook.com/Ninjiatext/posts/2942136555820647",undefined,"有人問我之後有什麼規劃。

 業配賺錢啊不然咧。

 有了錢之後，

 1.閒暇時就在這ㄐㄅ所有人。

 2.拿錢培養一些優秀的政壇新人。

 3.有空的話再帶黃國昌出去玩，不然他脫離社會太久這樣下去不行。","1578818640",1578996719,undefined,undefined,undefined,undefined,undefined
"https://www.facebook.com/Ninjiatext/posts/2932269400140696",undefined,"剛剛改作業改到一半，
市話突然響了，
連忙接起來，
才知道是老朋友韓國瑜打來拜票的。

 我說，
國瑜兄，好久不見了，
選後有空一聚，
但有件事一定要提醒你，
新竹的炒地狀元是姓鄭的鄭宏輝，不是姓張。

 大家如果接到國瑜兄的電話，記得提醒他一下。","1578446355",1578996719,undefined,undefined,undefined,undefined,undefined
"https://www.facebook.com/Ninjiatext/posts/2935339586500344",undefined,"【那些利用亡國感偷渡的人】EP.02
很多人要我談基進黨。就這一篇吧。

 基進黨一直是吃飽閒閒就跑來捅時代力量，但我還是先要幫一位基進黨候選人說點好話。

 
3Q陳柏惟在這一年成長很多，他變得比較入世，卻仍保有一定堅持。這些堅持可能會讓他選得辛苦，但我認為，如果你就住在台中二選區，也對正直和善良抱持信念，那你應該把票投給他。

 好話就講到這，接下來是難聽的話。

 基進黨主席、不分區第二名陳奕齊，說時代力量「沒有中心思想」，而基進黨與其他黨不同，「不靠明星」。

 這是標準的韓國瑜式胡扯，硬把自己和對手的狀況調換過來講。因為缺乏中心思想，又極度依靠明星的，正是台灣基進。

 基進黨目前都投注在陳柏惟這個政治明星之上。許多人想投陳柏惟，卻不住在他的選區，所以才轉而在不分區投給基進。

 這些選民大多數不瞭解基進的「中心思想」是什麼，只是覺得陳柏惟很「衝」，基進黨很「潮」，就打算投了。

 
基進黨批評時代力量沒有中心思想，但時力的中心思想很明確，各位只要翻開手中的選舉公報，在政見欄就能看到「公平正義，改變台灣」這標題，其中「公平正義」就是時力的中心思想；而時力也一直堅持這條路線，就算被國民兩黨罵爆，還是弊案照打，法案續推。

 那基進咧？選舉公報上的政見，基進的大標題是「守護台灣母親、青年政黨承擔」，這可以整合為他們選舉標語「守護台灣」，那這是基進的中心思想嗎？

 這個看來只算是「行動目標」，因為中心思想是某種價值概念，像大家都知道孔子的中心思想是「仁」。所以中心思想正常來講不會是「守護台灣」這種缺乏價值內容的手段。

 陳奕齊認為時代力量沒有中心思想，很可能只是他不認同「公平正義」這個概念而已，那在不認同公平正義的概念之下，又要怎麼推動守護台灣呢？

 而且基進的問題不只於此，在陳奕齊的領導之下，他們不但缺乏論述力，也沒有執行力。

 
最近許多人批評基進處理黨內性騷擾案的態度，但主事者的性別意識先且不論，我認為本案突顯的問題，是案子處理了一年多，居然還無法告一段落。這不就證明該黨連最基本的辦事能力都沒有嗎？

 
另一個實務的驗證，是他們引為「政績」的中共代理人法。民進黨最後通過的反滲透法，至少還吸取了時力版本的「境外敵對勢力」與重罰制度，連國民黨都硬插了個「中華民國主權」；而基進一路吹噓的「登記制」被整組捨棄了，他們非但不敢吭聲，居然還在選舉公報上宣稱該黨「主導專法成行」。

 
我不知道那個「行」是不是故意寫錯字的，但這一輪立法過程，只證明他們沒有實務能力，也缺乏中心思想；就算真有（某種外人看不見的）中心思想，這中心思想，也比不過另一個更中心的中心思想，即「民進黨的黨意」。

 在民進黨的黨意之前，基進黨的「中心思想」沒有意義，因為他們只能「以民進黨為中央伍，向中看齊，向前看」。朕不給的，你不能要。

 那對於「為什麼要投給基進黨？」就只剩最後一個理由，也就是配票給他們，能幫民進黨或台派多爭取兩席。但如果基進黨直接解散，票全部給民進黨，民進黨還是多兩席啊！

 難道基進也認為民進黨的不分區名單有「疑慮」嗎？這是大逆不道啊！只有時力敢這樣認為啊！

 而且，如果「基進式數學」成立，小黨只要過門檻，就可以幫台派多兩席，那民進黨為什麼不把台派拆成八個黨？分進合擊，票一配下去，不就保證16席起跳？

 
整體來看，基進黨就是個潮牌，潮歸潮，除了實用（實務）性大有疑問，也沒有固定的「設計風格」（中心思想），一路走來，從左派轉變成右傾台派，「敵國降伏」聽來雖酷，最後也是只能跟隨民進黨貼上「抗中保台」的logo。

 
最後要提的是，為了避免遺漏，我細看了基進的網頁，尋找其他可能是中心思想的部分，卻發現頗有意思的一段論述。這或許「更像是」他們的中心思想，即：「以人民為本」、「以台灣為本」、「以公平為本」。

 但，這一套，不就和民權主義、民族主義、民生主義的三民主義有87%像嗎？實務工作搞不定，那也就算了，陳奕齊搞理論搞了那麼多年，最後變成一個喊台獨的孫逸仙。

 但是，如果你在不分區投給基進黨，只要一過門檻，陳奕齊就必定會進國會。

 你覺得你投的是陳柏惟，但其實你投的是陳奕齊。投票之前，不妨多想一想，你想投的，到底是什麼樣的價值與能力，而那價值與能力，又是否與基進黨高層心中想得一樣。","1578566193",1578996719,"/Ninjiatext/photos/a.753883121312679/2935316626502640/?type=3&eid=ARDwb2cIoyzvQdFdNvpiB9JRKKqiIyPKZqzdvwD5uklVJII6u98a97IDc6g3UsiwuvHdVik0cmNTNtA5&__xts__%5B0%5D=68.ARAnEPp21yUtPosCnwAs-gjIwWkYZYP-GescZVzGimJjoHH0Thhkt8WvbBxTWzw-eRUzP7IA3fbN8gjDecxJ6Mk3TKmPuTAuEvQ1Am8gZ-vJiBYEjbFpRlCoKpSBvsiZgy5VlZebMHpkhObKohxbfUu7X4PlWDhV-YoJ-VjtpyOHWmMd6u4y1rfPGWLRL5jB0DW_2dnS8Rj6buFEwtlGQ4j9Ih08e7f-EafdLsZho4OW-XC9BvFNrTsF0mSkhK8lGJ5b3CF21t_Cg-w_vj7NI-hvcT6dUnX18oR9hq9tZH16ty83j-fiGB-xpbsoOKkYBFDkbFW3H5sB7B20obYWEVqK9Q&__tn__=EHH-R","https://scontent.flim1-1.fna.fbcdn.net/v/t1.0-0/p240x240/81481890_2935316629835973_3884914179701735424_o.png?_nc_cat=100&_nc_ohc=BWWe2nSDpCIAX8dR5c5&_nc_ht=scontent.flim1-1.fna&oh=c36f057dff26b05bd7c4bb9bcc78b1b1&oe=5E8F1FC5",undefined,"",""
"https://www.facebook.com/Ninjiatext/posts/2933188596715443",undefined,"哇，炒地狀元鄭宏輝的相關人等實在太複雜了啦！
連國民黨都搞不清處捏~","1578484476",1578996720,"/tsengwenhsueh/photos/a.909235855913036/1397150283788255/?type=3&eid=ARAJ-yx_mnxL5UG1MpBgJCqt_qNm6_X8BWtzQs1fDKZlXEoajsSq_ZWXS5T7H5KxpodDw0Y8n_CdpqdC&__xts__%5B0%5D=68.ARASthFVWkMp2LbetsxzcjkTF-JN8icMLSKkUZcOGN1xwVivE7ekk0T1p9H97dPnXh2gtXiIh9I0Ou3SjYCg9JkZ0_riCjlATgq5nTz1_jcO9LbsFZt3obB_jkI6Ry1OrEfnHiOu5ViSoG8Muet9UXMJWc4KUMg78nsHYptlrL0eD4rvL1tKx9IDBhOP5fDvQ5hC5uaRzBCmySbaZ8T9G_buVZNkR-vC0bluXE7ePzft_r7qHYl1urNABfIchiQM87WyvtbUFUuYj7J6zFtG9-Puj-3AUvVxwHVGxLBhB1osCEbIms8Oxkl7dUyTlkU4LcZcHNxGtP6SVM8xFHJ-S_r3YmISE-1psh_784XUgPZA07I82LTJQHcIpOzQdkbkvOWF_bv4LefzBKgWLDn-ONN4CsZ8F_IjFz5AXti0hvDlHv178dGyrP-sv3LVL4Wih9_XR5pto-vTZ07TJ7z9pYBdTJZGVPnNvqPpNN28a0EMyodv_yTATpLZ&__tn__=EHH-R","https://scontent.forf1-1.fna.fbcdn.net/v/t1.0-0/p526x296/82477748_1397150287121588_1084004326231244800_o.jpg?_nc_cat=111&_nc_ohc=-tIT8zije6wAX_YvL7H&_nc_ht=scontent.forf1-1.fna&_nc_tp=1&oh=884ccce731f3b525d7c33542c03c36f8&oe=5E9E6036",undefined,"曾玟學 苗栗縣議員",""
"https://www.facebook.com/Ninjiatext/posts/2940272266007076",undefined,"又換回年代了。

 對於選舉結果未能達成大家的期待，我會承擔我應盡的責任。

 因為沒有什麼職務可以辭，
所以我宣布辭去黃國昌的學長一職。

 有空我會帶落選的出去玩，再看看之後能做啥。","1578751393",1578996721,undefined,undefined,undefined,undefined,undefined
"https://www.facebook.com/Ninjiatext/posts/2942204825813820",undefined,"先請大概看一下這封電子郵件詐騙信。

 ---------
我奉主的名義向你打招呼。

 
我叫M.B.太太。來自索馬里聯邦共和國的Kumba。我是兩個男孩的母親，我們是我國最近戰爭的受害者。我和我的兩個兒子目前在西非的一個難民營中。我和我的兩個兒子在我的丈夫和親戚被叛亂分子謀殺後離開了索馬里聯邦共和國。

 (中略)

 
當我帶著兩個兒子離開祖國時，我留下了一份文件，該文件與我已故的丈夫在英國倫敦的一家安全存款公司所作的一筆存款有關。我已故的丈夫是一位從事黃金交易的商人，經常去英國做生意。在出差期間，他將一些金條裝在盒子裡，然後將盒子存放在英國倫敦的保險箱公司。

 (中略)

 我願意給您最多20％的金條收益，以感謝您的幫助。感謝您的理解，願上帝保佑您的幫助。我正在此電子郵件地址等待您的答复

 ----

 這中文翻得其實不錯耶！
至少比臉書上那種一直來加好友的巨大乳房光滑陰道的帳號好多了。","1578821548",1578996721,undefined,undefined,undefined,undefined,undefined
"https://www.facebook.com/Ninjiatext/posts/2930816536952649",undefined,"【不行這太好笑一定要轉來粉專】

 某：「蔡正元打到現在唯一有殺傷力的是說吳怡農長得像潘若迪。」","1578395818",1578996721,undefined,undefined,undefined,undefined,undefined
"https://www.facebook.com/Ninjiatext/posts/2935773953123574",undefined,"","[Error]: TypeError: Cannot read property 'attribs' of undefined",1578996721,undefined,undefined,undefined,undefined,undefined
"https://www.facebook.com/Ninjiatext/posts/2941450912555878",undefined,"【轉來粉專】
我昨天恭喜梁文傑，說王浩宇退綠黨，可能會去民進黨。

 梁文𠎀的表情，從疑惑，到驚訝，到抗拒，再到默默接受，讓人看了特別開心。","1578789595",1578996722,undefined,undefined,undefined,undefined,undefined
"https://www.facebook.com/Ninjiatext/posts/2886090721425231",undefined,"一直有人問我，去年選舉我有嗆賭吃北海岸的海產，怎麼今年不嗆賭。連趙少康都出來嗆了。

 我思考了很久，決定還是賭一下好了，小賭怡情嘛！

 總統大選，如果韓國瑜輸兩百萬票以內，我就去南方澳的富美吃一隻一斤以上的龍蝦。
如果韓國瑜輸兩百萬票以上，那我就在南方澳的富美吃兩隻一斤以上的龍蝦。

 怎麼辦，突然開始有點興奮和緊張了。","1576676598",1578996722,undefined,undefined,undefined,undefined,undefined
"https://www.facebook.com/Ninjiatext/posts/2932236823477287",undefined,"早安。

 你可能會想到
今天怎麼還沒開始罵炒地狀元鄭宏輝，
因為我正在改學生的期末作業。

 我們庶民都是專注本業，近乎苛求。
不像有些人可以專注炒地，近乎渾球。
謝謝。","1578445308",1578996722,undefined,undefined,undefined,undefined,undefined
"https://www.facebook.com/Ninjiatext/posts/2930956663605303",undefined,"在大量的炒地狀元之中，還是有一件重要的事要宣傳。
很多長輩不知道政黨票。","1578400972",1578996722,"/kcfor2016/photos/a.449787108536869/1371259853056252/?type=3&eid=ARA-xe_HqQJQ4YcICNLeQjfbJL8zMmTGQcS0pmsc1_mTDkZ3mnPhLo-2O4z-xl_8ZNubPJt8KXb9uTkp&__xts__%5B0%5D=68.ARBdxpahC-Y-l-xpWPhDicxRfhF03Pc5yLZzlLzkINfBcWTbpeGA5sTApsdKXZdkr-Znjn8yUBkqqbvQ79NiWmWjX6VJmt-UB3NG72O3OEiK-MnSFoEw36CQ_L0CP-nwiQIHKJYecWiDs2eHN6vmF9ZvBInBF-Z4Dlhy0-BlwOzwukgx5RRLwDJp6BVW5r0_KHdAeezXQ5ILFHShe4XRaB6fsGIxYV5H9_lj-eVIe8wsl4Ngy-UTvvWGLEVjyzD--efx3QFJIaX8E-tQWvVAG5NCD6ypv3pJyUvQXXnsB7gqAPLwdp675yEgZ7tN1s6cW2cEN6dQxiyRbZ4jk1OIaPGxqhUUyyQWjW1HI6T4pohsUb3pv2eWKuB1ZI1vQe_UgKhBFuJcFIveduD9PMtHgcAQ5lEzLiANFnmmDJlRW1b5-mVcAn3HTPzP_dZ_cFHe2VfyGlNvvVUMJWPd5gxaUYpSmSLPuHYj4Bt_BaDVJcwFJaOzYrWnswQi&__tn__=EEHH-R","https://scontent.fhan5-3.fna.fbcdn.net/v/t1.0-9/s720x720/81682021_1371259859722918_6655202342280888320_o.jpg?_nc_cat=111&_nc_ohc=w0XfBvXBGVwAX8PDfwW&_nc_ht=scontent.fhan5-3.fna&_nc_tp=1&oh=e2addc4af131b8bffdd9efce8258bc56&oe=5E8D4642",undefined,"立法委員 黃國昌",""
"https://www.facebook.com/Ninjiatext/posts/2942181015816201",undefined,"出來惹出來了，剛才說五點會出來的國民黨的反賊都出來惹~","1578820490",1578996723,"/watch/?ref=external&v=825035167944107&__xts__%5B0%5D=68.ARAp4-7HYZUf8WJfexQexDDi_YQmyTawodf6Vu0x1iEbyEruZL17fs_BBp6oPR8oqW6ZFSnB8403Q9O3ziMvTPrawahGacIMavE9PWzrCmPQTiFr2LXb4wTwo-RUPh7CT6MzdoxFr_JOfJ-YRtckFMCTHexaz2JhxEjkQJBwLJr07snC_YNnlYvyIpDdHxfAglGwofIkO1mRSZO41IlLrXscOFOYlOiMBTSAG0W_IyYIkiUcfAFqBVeB662PC3O3C_gwW-uL4TI9XNrQo3YmTYeiQ7ht_aTv-shsy9bPDncdz_wSiRyt8sxEuwkXaGNDgfrQ9NAv41UQ5whP2YGJ_ZOtrcb_Ux8AE7ExcQZMiMB5qNPzy5297xNkwQFWnLpJSzvh0l8sQ8gOai3zWdwAvt6vyEbGdZYTaKLhFGcXzeCYVXvjZf-qhfJI3itaNCQdowpvqY5Ut_kmYDiAzvNV0Iy3uENTgUHVl-X7n5-yKSBUqqdGIBn4YRCJXGb4Y76QFg&__tn__=kFFHHH-R","https://scontent-cdg2-1.xx.fbcdn.net/v/t15.5256-10/74776071_825113897936234_5409620869632753664_n.jpg?_nc_cat=109&_nc_ohc=Swb3D2mrKyoAX_ZzCOh&_nc_ht=scontent-cdg2-1.xx&oh=f699005e8787597c46bb7ea76b65a763&oe=5E8D31F6",undefined,"直播／國民黨青壯派 號召同志推動改革","Posted by 聯合報"
"https://www.facebook.com/Ninjiatext/posts/2936791186355184",undefined,"最後一天，換個角度來談選舉好了。該怎麼稱這個角度呢。爸爸的角度？

 11月9日，星期六，我去新竹參加高鈺婷的募款餐會。因為是居住正義活動結束才搭高鐵趕去，所以我到現場時，餐會已經開場了。在工作人員引領下，我被帶到主桌。

 高鈺婷當然也在主桌，坐在離舞台最近的位子。她不斷轉身看著台上的節目進行，我則是一直和前來致意的黨公職與支持者問候，加上我們之間隔了兩三個座位，所以沒什麼互動。

 
但不知什麼時候，高鈺婷的兩個小孩也跑來主桌。她們是小學一二年級、幼稚園的小小孩，打扮得非常漂亮，就在高鈺婷兩旁的空椅子爬上爬下，和她親親抱抱的。高鈺婷一邊玩小孩，一邊還要注意台上的節目進行。

 傳統的選舉場子不會有這種場景。主桌都是嚴肅的達官貴人或社會賢達，不會出現小孩，更不可能讓小孩和候選人玩。光是應付賓客就忙不完了。

 但因為是高鈺婷和時代力量，所以這一切好像就很自然。

 而且同桌的選舉老油條，好像就只有我。如果連我都覺得ok，那還有什麼不ok的呢？

 一開始，我還是笑笑的看著這兩個小朋友和媽媽玩，後來想起了一些事，心情就不自主的往下沉。

 她的小孩，其實和我的小孩差不多大。

 
她們家，原來應該也是很普通的家庭吧。在星期六晚上，一家人吃完飯，應該是去附近的公園散步、溜滑梯，或是逛逛超市、大賣場。小朋友會說要買什麼飲料來喝，爸媽說不可以，全家人就一路吵吵鬧鬧的手牽手回家。爸媽把小朋友抓去洗一洗，刷牙換衣服，趕上床睡覺。

 她們家原來應該也是這樣的。但是這個家，現在捐出了媽媽喔。這個媽媽早上五六點就要出門，大概都十點以後才能回家了。

 她們家小朋友或許不太清楚，為什麼媽媽突然不見了。就算是假日，要看到媽媽，也要在募款餐會的椅子和舞台，因為只有這邊有媽媽。

 我突然覺得愧疚。特別是對那兩位小朋友。小小朋友。

 「真是對不起，因為我們不夠努力，所以需要借用妳們的媽媽一段時間，需要妳們的媽媽去做一件重要的事喔。」

 但不管選舉結果如何，都無法彌補那兩個小小孩失去的，那一段和可以和媽媽相處的時間。有一個家庭，為了其他許多的家庭，做出了這樣的犧牲。

 舞台上隨即進入活潑的拍賣節目，小朋友們也跑到舞台上，佔據一角在玩。大人們似乎都覺得對她們有所虧欠，也就放任她們玩。這也是我過往在千人造勢場合中不曾看到的畫面。

 正因為從來沒看過，所以我當下認真思考了選舉的意義。對於身旁每一個人的意義。

 如果總是會有犧牲與虧欠，那又該做些什麼，才能讓這一切真正「值得」。

 這也是為何鄭宏輝炒地案爆發後，林鄭炒地集團的人威脅要讓高鈺婷的小孩變成小燈泡時，我會異常憤怒的原因。

 
我更憤怒的，是一堆人，一堆自許進步陣營的匿名粉專，不但沒有出面譴責這種極度惡意的死亡威脅，居然還因為亡國感、因為意識形態，甚至因為錢，就跑來嗆高鈺婷、嘲笑高鈺婷，甚至抹黑高鈺婷。

 當人家在堅持良善理念並做出重大犧牲的時候，你可以不支持，可以無視，但不應該硬逼著她向邪惡妥協。

 你要因為亡國感而向貪腐勢力妥協，那是你的選擇，後果你自己承擔。而我能做的，就是想辦法幫她們把壓力頂回去。

 一直都有人問我，為什麼不投入主要陣營，而是去幫一個又窮、又沒人，還一堆人背叛、嘲諷的時代力量。

 因為這邊，還有很多像高鈺婷一樣的人在默默犧牲，而我都認識這些人了，那就不能讓他們的犧牲被一些自以為是的傢伙踐踏。

 我會盡可能的讓他們的付出能產生意義。

 而你呢，就請讓手中的選票對得起自己吧。

 （圖為當天現場。取景時，我刻意避開了所有孩子。但真實的人生中，我們總避不開孩子。）","1578619315",1578996723,"/Ninjiatext/photos/a.753883121312679/2936780009689635/?type=3&eid=ARC26Ex1zDkiU_uHonrXKiUkuHxhTFunTg0I8AwoGRHnMJgXRWi1R_hop3rukGvIvlZQ_NQvezqaptWn&__xts__%5B0%5D=68.ARArLI9MZQfgkLQmx_0FIKpDWHh8aI5dgQMr0Z3O_I2p2S5DAU8V6RaPEHqwG31-7sVE2orTG56BxYzCl-7t39JZcueJr_aBs2ZbHTL-hnfr1_hDZwDaREFDJ8uZ1nncyxiIztM0G6GgQlRpZ0oNJ5rHoUf3EoMegGHZKv2e2hwbb2ZlnNvfdMM93wcGfwKpW5mNvb_sC6u4WjyigjgT2uZtuZTZcTpynjx2g825veuHBpR6QPM-rYSaia2juOSndwO2COCf5cE63D4AxCHVq4Iik_46HVJPcRiST04Q4mZIC0Qzyc3DV62FoQLZmXJFRFtPXDBdphCx3VXh7-f7b23mkA&__tn__=EHH-R","https://scontent-cdg2-1.xx.fbcdn.net/v/t1.0-0/p526x296/81795958_2936780013022968_560230461733863424_o.jpg?_nc_cat=108&_nc_ohc=ipy3nujX34MAX-P0VIR&_nc_ht=scontent-cdg2-1.xx&_nc_tp=1&oh=a07181298c6501bfed27f1cd35754860&oe=5EA71D3F",undefined,"",""
"https://www.facebook.com/Ninjiatext/posts/2935828793118090",undefined,"ㄟ？
剛剛看到有人說，我再鬧鄭宏輝，也就一天了。

 呃，
4不4新來ㄉ。

 你大概不認識一位叫丁守中的老先生。

 有些事，
要徹底落選，才會結束的。","1578583055",1578996723,undefined,undefined,undefined,undefined,undefined
"https://www.facebook.com/Ninjiatext/posts/2937588229608813",undefined,"掃個街也會碰到攔轎申冤的。那個是黃國昌的業務，怎麼會找我。

 離隊伍越來越遠，己經看不到車尾燈惹。嗚嗚。","1578653540",1578996723,undefined,undefined,undefined,undefined,undefined
"https://www.facebook.com/Ninjiatext/posts/2933241126710190",undefined,"以下故事，如有雷同，那就雷同。

 我有個朋友。強者我朋友。當然不是我的那個強者我朋友。

 這位強者朋友生性叛逆，在1990年代，那個沒有youtube的年代，他想辦法下載了一堆共匪歌曲MP3，天天聽。

 在這些歌中，有一首是他最喜歡的，就是「社會主義好」。歌詞是「社會主義好～社會主義好！社會主義國家～人民地位高！反動派！被打倒！帝國主義夾著尾巴逃跑瞭～」

 有次在某國旅行時，他在吸菸區碰到一位中國大叔。大叔得知他是台灣人後，見四下沒其他人懂中文，就問：「你們那邊，看我們這邊的東西，是不是會被槍斃啊？」

 我朋友回答：「現在台灣開放啦！像我在台灣，就已經學會唱你們的歌。像那個社會主義好。」

 大叔驚訝的說：「社會主義好？是那個，社會主義好～社會主義好！社會主義國家～人民地位高！」

 我朋友立刻接著唱：「反動派！被打倒！帝國主義夾著尾巴逃跑瞭～」

 那中國大叔驚訝的說：「哇！這歌我都很久沒唱了！沒想到你會唱！這可不是一般的歌，是真正的紅歌啊！」

 兩人相視而笑。因為，中國人沒想到台灣人聽到真正的紅歌，居然會自動接著唱。

 中國，台灣，正，紅，會。

 中國台灣，鄭宏輝。

 謝謝您的收看。

 原曲連結：https://www.youtube.com/watch?v=fyVzHJUu9h8","1578486188",1578996723,"/Ninjiatext/photos/a.753883121312679/2933234276710875/?type=3&eid=ARAFcMoux2whG3fn-xCG6AuW1AIt2ufs487raUzAnwNy27lz-ovi_WnuJpwgqDOescHew3NAZHbXcG4Z&__xts__%5B0%5D=68.ARDj7Eh_Pg5mc9_l27ob5_mnTczwAEJRKk0dTTQm4sA3Lto1yjMHDr4QgBdi-v1mDfI2G1PrUOlodMq7hbmSP_b_eO7BhH9J6Q1VHp6iCc-D75mjvAU5Q1hQsgtL1tRpLSST5kss4kQZlYY0F44t0XyNGi7J6cmONP-y3PHRjtQ1quRXBuFgnCno7RUYXxeoRUXcBfD7TShP-p-Piez3mwyeGE2aHEEs6q7-cT7WgmdeUGtsOjockXgh7Pu7itANzcivC9O9FIOjaCY-vGG9mM9FjqDzKBsQXz4WHVHpXicEwtG5kpEzBFcRkSC_3rAZ3W5F7dE1ojsJSz8RuuletkWVrA&__tn__=EHH-R","https://scontent.fdac14-1.fna.fbcdn.net/v/t1.0-0/p526x296/82387876_2933234280044208_2857590030069661696_n.png?_nc_cat=100&_nc_ohc=rRdxld44GKAAQk1JjEDykA_soeRpTHyENcGx7vdr03aP9iKN31uHlDKLQ&_nc_ht=scontent.fdac14-1.fna&oh=0b6c20de1e78bca935d79693829e271d&oe=5E8EC538",undefined,"",""
"https://www.facebook.com/Ninjiatext/posts/2934926233208346",undefined,"「各位鄉親父老大家好，我是韓國.....」

 我相信多數人聽到這邊，就會掛掉了。

 但實際上整通電話也可能是：
「各位鄉親父老大家好，我是韓國綜藝節目主持人劉在錫，我新的節目即將在台灣.....」

 對不對！
人生中充滿各種可能呢！雖然機率很低就是了。

 但是如果是：「各位鄉親父老大家好，我是炒.....」

 後面就一定是接「地狀元鄭宏輝」喔！

 炒地狀元鄭宏輝，只此一家，別無分號，沒有機率的問題。","1578547568",1578996723,undefined,undefined,undefined,undefined,undefined
"https://www.facebook.com/Ninjiatext/posts/2936961396338163",undefined,"ㄟ，這個，我覺得他還是不太懂啊。","1578625932",1578996724,"/watch/?ref=external&v=830899187361676&__xts__%5B0%5D=68.ARBrR3rbnP8CMv5tYv_vDi5DM2hnZdqukznqEVzTr7mlpwckmX-kqqgXoNlTQen71oHQ-nkI78337iTeBf1hJWaOEpJKTzQ7aiE3q3POYjyYRI3NsOcSmHLaLVwRVxZ-ErU4a6qxU3uIMupR4T74AvNx3ZeUAm6XoPqgVv5X9F1NkVJYeSUrAi0XxbL91E7liTEFZR9lYvKFEjEAMnDC7qonWid5U1dfx5bIlt96uA6Ock7EcZA2U86uU8r467bn2Ga6xNMieLa6Ztajdj_CrvQAU2R_B6oRehD6SJx69wHmz-n2i3D84UYfVcfvZfpovMraMx6SDk-yupeapeO-PGkxLadkuySJcVV7RLwTo1z_Mz07aQjlNOILFEle_NCQQTkrEK3uu_EDiD4dIml9QWZILRs38cbaojd2c1HqQhAXXv3QT6Z9jgo090COO4w1k7Eqa6lkV9ENd4NPdw-6hwZXGTUK4FjgKHWQHt8U8Bi_UpsAUQ3iJ2uDwQmcJQAfzg&__tn__=kFFHHH-R","https://z-p3-scontent.fpnh5-2.fna.fbcdn.net/v/t15.5256-10/75602275_830909647360630_5663272829156589568_n.jpg?_nc_cat=109&_nc_ohc=LtstwRzP4qsAX_S_fyA&_nc_ht=z-p3-scontent.fpnh5-2.fna&oh=f01e6166d135755b5cd6dcfdb17529f6&oe=5ED73C51",undefined,"【迷の片：辣個自由的戰神】","Posted by 台灣迷因 taiwan meme"
"https://www.facebook.com/Ninjiatext/posts/2939319066102396",undefined,"是的，
在這個不能講政治的時刻，
做為一個專業的網路肥宅，
當然就是要看youtube，
看阿部瑪利亞。

 然後看一看，
就決定開始煮林聰明砂鍋魚頭。","1578714330",1578996724,undefined,undefined,undefined,undefined,undefined
"https://www.facebook.com/Ninjiatext/posts/2937425276291775",undefined,"對了，出發之前提醒大家，如果有認識住新竹市的朋友，請代為拜託他要把區域選票投給5號的高鈺婷。

 另外兩個姓鄭的，一個是資產破億的炒地狀元，一個是借八千萬的欠債天尊，投了都會破壞宇宙平衡。","1578647020",1578996724,undefined,undefined,undefined,undefined,undefined
"https://www.facebook.com/Ninjiatext/posts/2939768512724118",undefined,"剛剛在live中好像失言了。

 一邊看網頁一邊說話，結果說出：

 「台灣人的記憶力只有48小時，像龍蝦。」","1578733557",1578996725,undefined,undefined,undefined,undefined,undefined
"https://www.facebook.com/Ninjiatext/posts/2942088419158794",undefined,"當選就是驗證草包的開始。

 不管是哪一黨，都該戒之慎之。

 才第二天我就聞到一點青草味惹。","1578816523",1578996725,undefined,undefined,undefined,undefined,undefined
"https://www.facebook.com/Ninjiatext/posts/2932877613413208",undefined,"炒地狀元鄭宏輝今天上政見會說明炒地告農民的事，結果又被打臉了。
輝哥再出來玩一次哦！你當球。","1578471379",1578996725,"/LawyerHandyChiu/photos/a.1572766066297113/2522235078016869/?type=3&eid=ARAgVovXz6Eq_K0TUPEcVzzPz8CcWY8uE3rcB5e2qvibJcQs5yxlbHIomLMSAP0UYbfF4cC8KZFBrLa4&__xts__%5B0%5D=68.ARBEYlQxoFPyebDqDJ6z1XOb71_lzDAjYEUQWtBhXv1DXO5Hh9gYHLh3Lp_VQlqYYbSCK5lOU2kryxDVu4XYRvusrNcYZOQA1GvQo4HhNdHT3C23ZfQjl4YisF4BnoVavDA7eDucQi6cZj2BWMy0_MBL1QMH0idf7AW-D9qB5nBx1UqtM4D2rVshFYi8u-JOjSGnqxlgJCoYSWeRqy31o9xy8jsWuz4naQgqwPJc7-8QQd1fAzhV039sQad_3vCsOZlCCcvcdm3D473O9DXAxloawXov_E9OCgq0xsXbv062LAedMNccWme3-lBwIuAChJxTHD6gxXaTI25zc3BTSxf6XeQubUFTqRl3lrO3RJ-SW2esQjULgwHQNalc7sDPjxNyavnq9xJ3Rsx57k_7f-nj-1kWHFjK-uhHe3k62Zs8yXwMW8kbvMU1Wk3zMC9oPVWM1ayJFQSU0Ua2fUGM4EGX8wVN6c4pWMh8oJ1tdJm8eFvtQl8GS4G1UA&__tn__=EHH-R","https://scontent-sin2-2.xx.fbcdn.net/v/t1.0-0/p173x172/81845578_2522235081350202_5307730922383081472_o.png?_nc_cat=111&_nc_ohc=-X5mgnk02j0AX8V076M&_nc_ht=scontent-sin2-2.xx&oh=1e24d11435fcbf3560564b309c4fef23&oe=5EA42ED0",undefined,"邱顯智",""
"https://www.facebook.com/Ninjiatext/posts/2940039749363661",undefined,"我現在在華視～","1578743945",1578996727,undefined,undefined,undefined,undefined,undefined
"https://www.facebook.com/Ninjiatext/posts/2937082919659344",undefined,"選前最後一天，也是最後一波的選情評估啦！在這一週的口水、汗水亂噴之後，各選區是大勢抵定，還是越來越亂呢？

 
國民黨嘗試利用間諜案發動最後一波的突出部之役，但最後似乎變成自傷的鬧劇。在網路各種資訊爆棚之下，各黨真能把投票率衝高，替自己創造生機嗎？雖說不少人早已心有所屬，但最後一天臨時決定踏進投票所的人，說不定也能一投定生死呢！

 不管你擔不擔心，本屆的選舉還是會結束！但接下來還會有更可怕的事呦！關於選情與後續的可能發展，就請參考本期的「內報」囉！","1578631174",1578996728,"https://l.facebook.com/l.php?u=https%3A%2F%2Fwww.pressplay.cc%2Flink%2F0F20DAA413&h=AT1KmUkV0jsru_0oIi44mDmhcw7gB6OJxDlF4EGwArAyRs2N2GnCOjmwgTkXYy3psYb04JzytKqTuChkJltQ4pwuVg8ZtEAUKCGoXEVoSsJULB4WluMVKqtee-o1pMvYr6PgE6IjlfxUrwJqiIAQ1BDWcrDRNnfZUlrkHmYDYTBJXoE-OWFfszTv7V2Sh4-HmYB1epJkiMB9mMlcPeSpXKpBn1-TNwS7jr1klDLWSTtBIMeBNnhwB1j6ODkyrpq1jZ5ME_iMsHWU7Q0wMSgSsAaXLvPZ_em-USh2f4VcPVDnzOUnyse_495O6oRQWDp6b4J8KvI_waoxffd3HbwkiLhZw0fueGfi-egpHDBDWFUq4Ngv55p_KSNaUYIk29CvmmHoy28t0oThixuH0p3fw-eDl6qPgSHA482eGhxVJWj_LPAD6-kowcCXMeVZiHmXJQcnRd9FMDYxMSYS7Msfgf24Qu0kMFXyS-FeQfyKeNMG5KR5ifUjGC_OL2DsxCPw44cIGgtBsMRzh0TZePEYc0InNVdd_RJwzye4gbmms9AOs4R6ME5yndLj1EvyI1ensRHPVqBvAAeTDXoewUmAyq1JJeLUReja-9g4mCwC6HqNxtS2TmESNcrqKUSbuJVVeIlSlNQZTP41HkBm","https://external.fiev10-1.fna.fbcdn.net/safe_image.php?d=AQAa4LjtNrdD-Za0&w=540&h=282&url=https%3A%2F%2Fstatic.pressplay.cc%2Fstatic%2Fuploads%2Ftimeline_cover%2F20200108%2F274A99362597A9A6135E28239C36FB4D%2F5e15631f6a6d6274A99362597A9A6135E28239C36FB4D20200108130535.png&cfs=1&upscale=1&fallback=news_d_placeholder_publisher&_nc_hash=AQBcchp4Qm90jm3w","Image may contain: one or more people","選前最後一天，也是最後一波的選情評估啦！在這一週的口水、汗水亂噴之後，各選區是大勢抵定，還是越來越亂呢？國民黨嘗試利用間諜案發動最後一波的突出部之役，但最後似乎變成自傷的鬧劇。在網路各種資訊爆棚之下，...","pressplay.cc【渣報027】外報：山雨欲來選前最後一天，也是最後一波的選情評估啦！在這一週的口水、汗水亂噴之後，各選區是大勢抵定，還是越來越亂呢？國民黨嘗試利用間諜案發動最後一波的突出部之役，但最後似乎變成自傷的鬧劇。在網路各種資訊爆棚之下，...選前最後一天，也是最後一波的選情評估啦！在這一週的口水、汗水亂噴之後，各選區是大勢抵定，還是越來越亂呢？國民黨嘗試利用間諜案發動最後一波的突出部之役，但最後似乎變成自傷的鬧劇。在網路各種資訊爆棚之下，..."
"https://www.facebook.com/Ninjiatext/posts/2934544796579823",undefined,"【有趣的大腦運動！請分享給所有大腦不靈光的朋友！】
我下週要推出在Hahow的新課程，會介紹一些重要的哲學概念來幫助你反省檢討，像是「悖論」。

 悖論有很多種，有一種是陳述本身就會自相矛盾，像是：

 「這句話是假的。」

 呃，
是不是大腦感覺有點打結，或一片空白呢？

 這類悖論還有另一個更常見的例子：

 「下面那句話是真的。」
「上面那句話是假的。」

 是不是來來回回，越來越混亂呢？

 悖論除了思想訓練，通常沒有太大意義。但調整一下，也會有很多趣味哦！
像是：

 「這篇文章沒提到炒地狀元鄭宏輝。」

 其他的例子還包括了：

 「下面那句話是真的。」
「鄭宏輝是炒地狀元。」

 啊，後面這組好像不是悖論。
但課程是真的會開哦！","1578531405",1578996729,undefined,undefined,undefined,undefined,undefined
"https://www.facebook.com/Ninjiatext/posts/2932544760113160",undefined,"本專題邀請到兩位政治圈的老朋友，分別是來自藍營神秘人B（之後均簡稱為神B）與在藍綠之間遊走的神秘人C（簡稱為神C）一起來研究台灣賄賂的奇景。

 
在前兩期中（第20期與第23期）我們先討論了「形象牌」政客是如何收受賄賂，接著研究在網路時代，這些賄款是如何穿越國境，以無聲息的方式傳遞。看來隨著道高一尺，魔更是高出不只一丈，那我們是否有辦法防堵這類犯罪呢？

 在本期，兩位受訪者將提出最後幾個他們聽聞的賄賂案例，並思考可行的解決方案。那他們的建議可行嗎？就請參考本期的內報囉！","1578456168",1578996729,"https://l.facebook.com/l.php?u=https%3A%2F%2Fwww.pressplay.cc%2Fproject%2FvippPage%2F%25E6%25B8%25A3%25E5%25A0%25B1026%25E5%25A4%2596%25E5%25A0%25B1%25EF%25BC%259A%25E8%25B3%2584%25E8%25B3%2582%25EF%25BC%2588%25E4%25B8%2589%25EF%25BC%2589%25E5%2585%25A8%25E9%259D%25A2%25E5%259C%258D%25E5%25A0%25B5%25EF%25BC%259F%7E%2F3F8B9917A973F8BFC32D3F33E8B4BF75&h=AT3GfTpNGREoMjOvjgpCUdfNEjFynamDHYbZD_vvKG1cthB-0L8UwuE4QXMv_poCKsm9vpzUkmouf8pOseDLcit4G58zh8pOi7Cp91oWeMnZRYljSdfv8-0Svm60NnfE3KiytqAYJshtUXCOWRsW4d0SEx1HjrtAK66ZuLw6bt7PGbGzp5wqw4am2z_NCH8t0CAMsczbyeG3K1MF8EM685wnzUcMIxRif2VYR3v43dfTa-MmwhbSGPF6oMlKtigIinFTJwNlUtL7VYzU1JK4UNVdJqRPr861soYzCfpBL21n0AsDG0y1_aXHYkIhQhOx8VlXsL27XPniz3SW-TsxWl9TM8k8VHS89tHtZIoTE3l9my5ztyCrMWJ4_A4a7xt6Qi5bhO_7wN3jNtrdtslJjsXmvuMocGJIaKC6O7lYPy4zWImW-elDohMBf1AzRqI3xovNH-t2EfM89NEhkrb2kIT0a7diEYKhVAJhN9a7xUAeCMFO0XUOXISOKVI3WqRYd1wiW6kqIN6y08pSqlXPeQC2hr-wBjBiBvUxFnLnWFaAaMsaXTBmfw4PBe522phHIZhTiHr72NNRjRJpXuWHOE_UVMIft3Eg5XGmxR0ycCaF6bn-DyZtlhCxG9wiHPZJDgn530_yXHhh8Et2","https://external.fhan5-7.fna.fbcdn.net/safe_image.php?d=AQBhRChxy2iGU6ld&w=540&h=282&url=https%3A%2F%2Fstatic.pressplay.cc%2Fstatic%2Fuploads%2Ftimeline_cover%2F20200107%2F274A99362597A9A6135E28239C36FB4D%2F5e147891b5d8b274A99362597A9A6135E28239C36FB4D20200107202449.png&cfs=1&upscale=1&fallback=news_d_placeholder_publisher&_nc_hash=AQA5-c3g0zz6hOCs","Image may contain: one or more people and text","本專題邀請到兩位政治圈的老朋友，分別是來自藍營神秘人B（之後均簡稱為神B）與在藍綠之間遊走的神秘人C（簡稱為神C）一起來研究台灣賄賂的奇景。在前兩期中（第20期與第23期）我們先討論了「形象牌」政客是如何收受賄....","pressplay.cc【渣報026】外報：賄賂（三）全面圍堵？本專題邀請到兩位政治圈的老朋友，分別是來自藍營神秘人B（之後均簡稱為神B）與在藍綠之間遊走的神秘人C（簡稱為神C）一起來研究台灣賄賂的奇景。在前兩期中（第20期與第23期）我們先討論了「形象牌」政客是如何收受賄....本專題邀請到兩位政治圈的老朋友，分別是來自藍營神秘人B（之後均簡稱為神B）與在藍綠之間遊走的神秘人C（簡稱為神C）一起來研究台灣賄賂的奇景。在前兩期中（第20期與第23期）我們先討論了「形象牌」政客是如何收受賄...."
